application_id,sanctioned_amount_aud
LN-029039,74320.02
LN-006880,34786.86
LN-000529,108494.5
LN-002049,167982.73
LN-000921,0.0
LN-003817,66672.57
LN-008697,46124.66
LN-001629,156917.13
LN-004797,74191.19
LN-003612,40159.23
LN-009943,69596.28
LN-025850,34095.39
LN-026197,108768.77
LN-024874,29198.0
LN-004528,144687.45
LN-005816,69120.13
LN-005665,170268.52
LN-014724,135180.84
LN-003869,82933.39
LN-025159,16732.97
LN-018852,22719.63
LN-007330,31185.94
LN-009056,72694.99
LN-024580,57829.22
LN-000091,43772.8
LN-024635,113231.66
LN-024171,82875.77
LN-001540,281.41
LN-020296,32974.77
LN-010216,23527.72
LN-027984,164510.15
LN-014818,20799.91
LN-025432,0.0
LN-003848,28657.26
LN-005511,22757.24
LN-012764,31814.51
LN-027695,50363.54
LN-003189,9543.86
LN-011795,34760.39
LN-010454,232455.95
LN-004833,161039.67
LN-021881,45388.77
LN-004216,99705.12
LN-014947,0.0
LN-027884,79581.83
LN-020946,109345.01
LN-008994,35104.47
LN-005529,47.72
LN-003943,50617.41
LN-009215,0.0
LN-000651,160292.06
LN-017641,79648.62
LN-019837,85247.58
LN-025236,54285.64
LN-019391,39342.38
LN-021405,21522.81
LN-013749,0.0
LN-029095,95690.39
LN-023240,179314.92
LN-005323,66662.73
LN-006107,216895.8
LN-012864,31015.65
LN-000798,0.0
LN-001526,0.0
LN-006226,1060.86
LN-007353,107317.62
LN-012665,113979.69
LN-006311,31730.67
LN-005748,138050.36
LN-018051,59786.58
LN-026701,76849.02
LN-005901,73191.35
LN-003003,33311.38
LN-011250,47408.91
LN-001729,28910.11
LN-008468,17656.28
LN-011773,222241.74
LN-016274,172.77
LN-009018,0.0
LN-008723,71584.91
LN-011390,182522.4
LN-009389,61769.5
LN-005437,9540.45
LN-002885,183330.01
LN-018156,41264.93
LN-017438,87406.48
LN-019254,82551.21
LN-017293,183862.54
LN-000096,7507.42
LN-000247,116198.21
LN-015276,0.0
LN-009085,56993.97
LN-015570,105581.88
LN-006258,1491.32
LN-012973,0.0
LN-025834,23065.12
LN-009703,31663.23
LN-024652,181807.03
LN-028344,78622.84
LN-016342,231106.99
LN-026702,46353.43
LN-002785,121456.2
LN-010569,170575.29
LN-025649,0.0
LN-026860,27650.03
LN-021249,77069.38
LN-013023,173372.99
LN-001591,56401.0
LN-022776,59775.43
LN-003367,74000.06
LN-006653,31971.38
LN-017837,72080.83
LN-022032,87982.83
LN-005360,24069.43
LN-021277,196445.72
LN-027391,192242.79
LN-023561,36559.95
LN-003810,61110.84
LN-015809,33332.23
LN-006531,95281.99
LN-025435,105149.6
LN-000367,81115.62
LN-005711,40413.0
LN-004774,53860.53
LN-016176,104758.79
LN-025841,18016.57
LN-011228,239808.74
LN-012217,80374.55
LN-011748,141526.34
LN-005326,172805.65
LN-007658,98529.99
LN-024062,76884.48
LN-022212,0.0
LN-006396,53972.89
LN-010618,156765.7
LN-012430,50920.17
LN-025820,171299.87
LN-025410,108440.46
LN-006461,0.0
LN-012545,17802.93
LN-005809,68072.5
LN-019001,52267.88
LN-022733,28738.06
LN-018938,41570.09
LN-013694,142532.31
LN-007638,523.38
LN-002878,26027.74
LN-018926,23369.65
LN-024322,21745.92
LN-003617,201673.73
LN-004638,281.18
LN-002673,0.0
LN-017697,0.0
LN-022481,88923.74
LN-013334,892.48
LN-011143,83242.45
LN-013216,37261.86
LN-027796,0.0
LN-014858,68774.1
LN-010568,70438.78
LN-009715,150362.44
LN-018049,65731.76
LN-009940,61614.49
LN-007722,52222.33
LN-028533,74183.97
LN-010172,9582.38
LN-018800,0.0
LN-016696,66564.49
LN-007161,21087.57
LN-005011,159.89
LN-013812,60888.42
LN-006180,88351.19
LN-017278,167676.15
LN-025454,128796.22
LN-003921,123945.21
LN-001165,28305.72
LN-013083,104659.19
LN-008218,38240.58
LN-017894,0.0
LN-027492,88641.56
LN-000588,47718.84
LN-004023,33833.45
LN-017370,161129.38
LN-025951,28376.44
LN-019488,576.18
LN-019580,190864.5
LN-020578,73978.16
LN-014882,135875.88
LN-005672,185850.92
LN-024498,28167.39
LN-022757,58631.23
LN-029210,88601.55
LN-013581,154907.62
LN-024400,123144.96
LN-021353,0.0
LN-013208,27824.67
LN-013493,71847.13
LN-009747,106205.9
LN-000406,114567.37
LN-025848,100877.75
LN-017253,56817.44
LN-019936,0.0
LN-008763,84482.3
LN-009372,84051.81
LN-017934,122387.56
LN-006085,4689.54
LN-009025,44620.48
LN-028180,66521.33
LN-000763,12123.66
LN-012290,124805.71
LN-013450,0.0
LN-014119,106458.35
LN-019751,38901.96
LN-011837,18666.45
LN-020355,15353.52
LN-008535,97.93
LN-019330,37086.49
LN-006326,224214.36
LN-004981,18719.31
LN-025355,0.0
LN-022515,77373.82
LN-018878,0.0
LN-002903,60069.09
LN-009736,72261.59
LN-029294,94152.06
LN-001871,68119.53
LN-010808,173877.62
LN-007319,159.89
LN-028441,237029.37
LN-003915,40666.59
LN-022027,259432.7
LN-000981,34997.1
LN-014592,86626.73
LN-012867,53120.04
LN-016395,36833.65
LN-013982,23397.56
LN-003638,266636.72
LN-011772,26661.04
LN-003702,0.0
LN-003224,35934.58
LN-009857,0.0
LN-024002,20409.41
LN-028587,103209.92
LN-025832,0.0
LN-023014,186700.36
LN-022001,114566.98
LN-018270,55768.67
LN-008660,50781.36
LN-027888,81437.94
LN-026960,90344.23
LN-007378,170843.35
LN-005225,185020.41
LN-001486,33395.06
LN-001292,139813.9
LN-017114,36244.75
LN-025828,25945.67
LN-005617,32290.07
LN-012572,48384.54
LN-026673,53.79
LN-027996,90629.14
LN-020098,36051.28
LN-006108,115628.71
LN-001488,35831.39
LN-019872,35694.35
LN-025342,21847.17
LN-012901,59502.72
LN-018862,26030.36
LN-016061,46214.26
LN-016740,41446.49
LN-017649,0.0
LN-018098,96.43
LN-014282,30711.87
LN-025016,180661.49
LN-025080,19770.8
LN-001705,132379.03
LN-002042,45514.78
LN-014933,256512.88
LN-004333,42083.1
LN-024632,176876.58
LN-018140,296.6
LN-010347,0.0
LN-021845,91838.47
LN-008047,121187.84
LN-023491,93799.34
LN-001272,29150.52
LN-000153,13900.03
LN-026188,24825.12
LN-018553,143071.02
LN-001049,60376.65
LN-013410,127206.86
LN-015559,7936.5
LN-001386,119757.12
LN-021031,95181.59
LN-012588,18903.35
LN-027363,118068.32
LN-000785,116531.04
LN-024134,371041.83
LN-000878,85599.76
LN-017836,51231.18
LN-001329,65459.83
LN-010495,40324.98
LN-027977,59634.17
LN-021210,148746.34
LN-014280,0.0
LN-013133,80522.61
LN-019882,34447.79
LN-024921,76137.84
LN-022535,17005.56
LN-012348,251395.82
LN-009325,111814.89
LN-021655,56666.87
LN-016317,93685.54
LN-018693,0.0
LN-023096,169587.27
LN-001547,0.0
LN-007255,14116.31
LN-024351,44264.5
LN-026414,50815.44
LN-023705,27234.57
LN-005484,2278.25
LN-009069,161331.06
LN-005286,14488.75
LN-002483,70643.98
LN-003230,172160.77
LN-001239,33368.7
LN-015839,55655.37
LN-023575,121523.68
LN-006651,154271.7
LN-004740,78259.34
LN-013926,0.0
LN-025110,46368.17
LN-011650,46142.26
LN-006427,33006.42
LN-019481,74740.37
LN-024048,43344.63
LN-014245,0.0
LN-016079,14528.71
LN-021983,38585.33
LN-016496,248869.7
LN-007279,0.0
LN-007465,81040.2
LN-005744,124732.01
LN-028448,93587.33
LN-024698,17734.56
LN-002441,124432.95
LN-017539,40757.96
LN-020906,24079.29
LN-025466,62678.28
LN-018308,37112.72
LN-005882,156523.86
LN-010974,185505.57
LN-010316,27070.69
LN-009734,56831.53
LN-009553,88302.34
LN-026053,14172.81
LN-022838,22338.2
LN-024875,20740.98
LN-017525,66703.04
LN-021740,67835.24
LN-014515,78636.99
LN-010991,30985.92
LN-017802,29677.54
LN-006356,54907.47
LN-026127,203256.72
LN-006043,68003.79
LN-000112,185142.05
LN-022638,75442.58
LN-017314,973.12
LN-010695,4665.86
LN-018466,57462.16
LN-004840,107074.72
LN-011951,28052.37
LN-010320,91614.35
LN-015798,37007.64
LN-001114,0.0
LN-017091,155238.58
LN-021169,31330.97
LN-008834,0.0
LN-002998,38257.82
LN-022306,52260.39
LN-027136,29798.21
LN-005731,65855.29
LN-000538,39254.11
LN-012005,26873.73
LN-021560,21956.22
LN-024077,0.0
LN-011011,25969.71
LN-005051,6412.65
LN-025004,160901.91
LN-017780,106102.19
LN-009230,125406.32
LN-023534,59253.15
LN-015292,30108.47
LN-016482,89277.95
LN-011724,132278.17
LN-014447,35297.98
LN-020575,59687.74
LN-004123,39321.74
LN-000140,1551.54
LN-001732,77408.35
LN-001505,238178.13
LN-024742,32921.7
LN-018338,116930.94
LN-009185,79794.48
LN-005327,195742.99
LN-010223,0.0
LN-016693,38044.0
LN-001390,22062.54
LN-017298,5610.35
LN-028983,2881.95
LN-017074,38794.51
LN-025831,150806.38
LN-005174,37222.66
LN-010707,39418.46
LN-015365,37712.03
LN-010390,2621.93
LN-003581,25371.79
LN-020872,10509.81
LN-028477,44709.07
LN-012610,88465.26
LN-003584,55595.41
LN-011960,115565.39
LN-024997,114692.61
LN-027012,153010.24
LN-000788,106841.53
LN-022144,41965.54
LN-015916,121118.59
LN-018648,39450.43
LN-025438,87057.19
LN-028826,0.0
LN-004594,107960.26
LN-023061,189661.7
LN-017057,304620.03
LN-000685,0.0
LN-013687,59361.92
LN-012734,36220.61
LN-008338,226.82
LN-006348,0.0
LN-021119,172722.08
LN-029231,49803.89
LN-011548,208463.86
LN-018720,44968.66
LN-024928,1090.74
LN-002287,43528.03
LN-006351,3222.5
LN-023000,0.0
LN-014593,58993.99
LN-007608,24862.18
LN-017358,26136.32
LN-000646,21126.13
LN-003792,23913.16
LN-008211,126733.92
LN-009919,0.0
LN-017104,0.0
LN-013188,23315.41
LN-006899,44983.62
LN-001584,702.43
LN-012482,239.84
LN-024528,291990.2
LN-024092,92739.55
LN-026950,0.0
LN-022365,21334.46
LN-007952,51335.68
LN-019776,77512.49
LN-027568,240049.82
LN-004951,25787.33
LN-010098,72154.48
LN-006563,262112.62
LN-025111,77625.58
LN-017334,49701.49
LN-011377,27212.0
LN-029028,250206.73
LN-005056,20957.88
LN-010356,63174.06
LN-009294,106808.72
LN-024825,94700.94
LN-018328,68173.83
LN-009427,57823.83
LN-021910,115523.1
LN-022041,0.0
LN-005932,137654.49
LN-001464,23021.49
LN-013479,17271.49
LN-008593,2470.14
LN-003198,0.0
LN-016902,5734.42
LN-018709,38621.66
LN-002133,133665.8
LN-010995,36170.13
LN-021801,174422.27
LN-003405,119830.6
LN-001351,68371.22
LN-022993,61669.6
LN-009095,97848.36
LN-023068,582.32
LN-006164,129902.34
LN-022292,90559.09
LN-020275,4448.55
LN-016350,49689.36
LN-026883,58181.49
LN-028688,84087.31
LN-010081,695.18
LN-025562,86593.2
LN-028120,59144.85
LN-028107,38349.82
LN-022222,60152.96
LN-009971,2012.84
LN-021132,21184.39
LN-018188,37735.42
LN-024208,1136.41
LN-029166,1170.62
LN-007829,60115.67
LN-024420,185478.67
LN-012818,57741.81
LN-008781,228669.34
LN-020002,0.0
LN-009862,232435.56
LN-015957,206996.73
LN-023084,181575.62
LN-018496,70983.98
LN-019886,131269.28
LN-027885,126141.48
LN-012547,80112.11
LN-024090,97828.55
LN-000488,17419.14
LN-021489,46946.42
LN-020662,0.0
LN-015348,3022.24
LN-008250,71568.98
LN-007385,59726.32
LN-027422,0.0
LN-018791,25243.62
LN-007182,29931.19
LN-019746,441.98
LN-019340,40818.81
LN-011312,74773.85
LN-020146,173948.2
LN-008278,44197.43
LN-005135,175460.41
LN-023466,96706.98
LN-027469,76723.91
LN-000949,163720.0
LN-023317,114880.91
LN-013622,75965.26
LN-009590,62091.08
LN-005940,269382.89
LN-001454,69350.69
LN-004997,27691.37
LN-011367,36905.86
LN-005805,51361.61
LN-027679,112274.73
LN-006936,0.0
LN-000620,64815.68
LN-007488,186828.86
LN-023042,69372.99
LN-026751,116638.86
LN-014613,47.72
LN-006536,93741.17
LN-026331,100654.19
LN-017594,130928.77
LN-002753,80594.23
LN-006648,145.75
LN-023814,0.0
LN-001048,118513.22
LN-004326,85992.21
LN-010534,15193.96
LN-010430,147521.74
LN-019127,41716.63
LN-026112,0.0
LN-026257,39876.0
LN-028196,14878.92
LN-027411,51101.34
LN-021010,45546.06
LN-027538,0.0
LN-020433,7516.2
LN-009512,185817.8
LN-019124,49808.35
LN-000400,121253.72
LN-002891,58998.88
LN-024236,19878.04
LN-017071,271262.45
LN-009799,19328.67
LN-023001,41241.11
LN-003262,72479.74
LN-009114,104270.74
LN-007545,10788.3
LN-016628,40082.96
LN-018124,2345.16
LN-010374,83716.84
LN-018268,69713.63
LN-008108,0.0
LN-027647,42752.31
LN-000982,54566.85
LN-010535,0.0
LN-010355,1197.02
LN-017544,25489.2
LN-023081,101084.51
LN-010224,54855.45
LN-007094,196245.36
LN-016982,55259.1
LN-005830,134295.67
LN-002968,139983.99
LN-021286,140230.06
LN-017364,24535.5
LN-013937,34025.18
LN-018364,73961.7
LN-024056,46468.91
LN-005211,45183.72
LN-000001,69897.69
LN-007347,64375.24
LN-021076,73781.86
LN-021007,168821.24
LN-019857,102351.13
LN-028882,75073.65
LN-009167,28742.89
LN-017599,132002.13
LN-026932,26369.83
LN-016954,0.0
LN-002750,176890.6
LN-010250,40643.6
LN-018851,18604.71
LN-022826,163028.4
LN-002691,25868.26
LN-025360,68343.75
LN-016870,87271.38
LN-028996,170.86
LN-003718,89457.56
LN-014796,639.84
LN-023572,0.0
LN-007754,68193.69
LN-025148,134462.06
LN-014092,110847.87
LN-008277,0.0
LN-022425,55367.43
LN-012259,89516.17
LN-016504,32373.4
LN-023238,60004.96
LN-020471,117481.73
LN-026443,139325.5
LN-012246,52408.13
LN-006860,31018.99
LN-009136,144099.25
LN-010044,163936.54
LN-023297,68497.05
LN-028649,81116.97
LN-021998,34506.89
LN-006304,63617.43
LN-022820,98945.04
LN-002451,153228.36
LN-001938,74806.17
LN-019381,113.05
LN-008879,65113.63
LN-009102,0.0
LN-024922,181869.31
LN-022600,2166.21
LN-012838,90667.94
LN-001030,96756.69
LN-004616,294.33
LN-019524,64137.09
LN-027544,54775.43
LN-011793,62152.04
LN-026273,130681.59
LN-023230,98388.41
LN-027052,464.58
LN-004393,0.0
LN-021225,71870.55
LN-007504,58002.15
LN-016156,215148.83
LN-010585,239.84
LN-005141,89558.89
LN-013158,24590.44
LN-001633,128794.23
LN-020641,71992.98
LN-003565,28143.46
LN-023826,32927.15
LN-013814,0.0
LN-017769,239881.65
LN-013122,118807.86
LN-024039,131227.66
LN-006982,32431.14
LN-011485,0.0
LN-021299,80983.99
LN-003916,50721.91
LN-024338,76872.08
LN-026405,87844.98
LN-024786,166236.78
LN-001350,95707.73
LN-015499,33198.19
LN-008200,18374.06
LN-009704,82305.02
LN-019884,152978.9
LN-001179,17971.85
LN-006052,40953.55
LN-019294,185784.41
LN-012119,30348.83
LN-017536,85670.71
LN-010363,86144.94
LN-001961,91473.97
LN-007508,0.0
LN-013653,219077.14
LN-014855,29957.75
LN-021471,33962.7
LN-016441,1993.52
LN-005679,81526.15
LN-006687,18709.4
LN-007698,0.0
LN-004116,136765.88
LN-007023,120063.99
LN-000490,177972.03
LN-009100,24517.18
LN-023939,27569.64
LN-021499,183565.72
LN-027403,58853.39
LN-020749,273109.79
LN-009702,141649.28
LN-028358,199930.12
LN-018616,97622.3
LN-015351,27454.87
LN-019339,139917.19
LN-024653,64297.89
LN-027331,268125.49
LN-005911,31965.3
LN-001954,5114.86
LN-020072,201394.21
LN-003028,1061.51
LN-021914,74457.44
LN-020621,0.0
LN-009450,94098.99
LN-009201,0.0
LN-025794,92393.69
LN-013335,135364.76
LN-003602,48502.83
LN-013867,28233.29
LN-003021,99880.4
LN-000345,147894.06
LN-002455,282251.77
LN-027188,96381.87
LN-003412,62375.74
LN-005012,45123.82
LN-019948,35048.26
LN-017992,97534.59
LN-006769,0.0
LN-022036,367.91
LN-007230,70136.11
LN-016088,164322.15
LN-021504,276828.3
LN-023907,120632.35
LN-027471,88322.38
LN-024128,98823.74
LN-017941,47694.99
LN-015577,108231.4
LN-000533,70171.97
LN-025864,136908.71
LN-002101,35782.66
LN-026455,2427.11
LN-007158,0.0
LN-023032,27276.97
LN-008565,244105.13
LN-005953,100440.24
LN-012979,57805.21
LN-011279,70187.06
LN-017231,45268.35
LN-027552,75892.06
LN-006817,63976.8
LN-004356,121716.43
LN-003760,26782.36
LN-013124,247572.25
LN-010903,148953.99
LN-020788,191757.45
LN-007457,43102.36
LN-021284,134864.25
LN-009305,159386.25
LN-025455,141734.59
LN-020018,53806.35
LN-009918,74011.49
LN-015997,24761.44
LN-018864,0.0
LN-022984,42431.34
LN-012389,75026.1
LN-000065,0.0
LN-010074,121747.44
LN-012396,110953.43
LN-000463,0.0
LN-003016,3657.33
LN-004033,0.0
LN-007840,65550.88
LN-022078,229714.53
LN-022606,141069.09
LN-002682,250.82
LN-014489,0.0
LN-001052,106823.62
LN-025137,176315.74
LN-026999,197017.61
LN-007058,30475.21
LN-027586,21712.45
LN-011480,183630.49
LN-004348,213090.97
LN-026519,665.01
LN-008051,104165.0
LN-002987,40279.08
LN-012938,79258.61
LN-001309,33166.42
LN-014324,140237.3
LN-000923,38027.07
LN-028302,133196.97
LN-020750,131921.01
LN-007632,272.08
LN-010476,94774.09
LN-021354,81986.71
LN-021093,40040.17
LN-000535,148593.02
LN-019864,274214.5
LN-006907,112470.08
LN-017899,168679.94
LN-023472,180429.05
LN-024548,76533.53
LN-028974,137200.19
LN-016098,135644.05
LN-004304,172.85
LN-018483,25168.62
LN-009316,117957.93
LN-001935,0.0
LN-014989,243353.64
LN-002775,319545.04
LN-022715,281017.36
LN-011906,98609.74
LN-018485,44830.43
LN-006905,173390.89
LN-025345,150293.56
LN-027763,25242.95
LN-007190,206156.23
LN-019662,31411.38
LN-027303,38480.52
LN-019646,77371.98
LN-009712,126460.34
LN-022375,4608.36
LN-017391,109341.57
LN-003668,159577.46
LN-009486,105411.38
LN-002826,81293.98
LN-013280,189690.31
LN-005334,212948.36
LN-028700,58938.08
LN-019418,29130.76
LN-003349,81843.12
LN-020723,90456.81
LN-011973,0.0
LN-020652,32578.42
LN-024612,0.0
LN-002228,99276.66
LN-001668,70156.86
LN-023342,2084.81
LN-013205,108152.29
LN-028854,124566.27
LN-012031,16872.68
LN-013010,42270.67
LN-020892,106550.83
LN-023401,36928.44
LN-014602,119361.36
LN-006740,20336.59
LN-004278,42299.21
LN-008584,43011.58
LN-026339,58860.14
LN-007296,66986.8
LN-011437,23096.59
LN-025839,0.0
LN-003828,113887.43
LN-012162,33636.68
LN-021223,123156.82
LN-021281,113571.5
LN-022914,57600.73
LN-025269,23549.25
LN-029035,79942.12
LN-008016,55163.45
LN-004247,34658.51
LN-025723,64273.45
LN-010588,21137.99
LN-020279,133821.11
LN-014880,150743.84
LN-017942,4317.76
LN-028392,0.0
LN-002185,68632.27
LN-009434,29835.56
LN-012401,108877.27
LN-027080,49388.74
LN-004807,196746.06
LN-002238,162619.31
LN-011558,36777.75
LN-003831,46006.17
LN-022932,57555.69
LN-008588,25169.66
LN-021025,87572.04
LN-014788,179529.17
LN-024708,164802.15
LN-007747,32778.01
LN-011767,102638.09
LN-012233,92291.89
LN-015364,61316.5
LN-006986,53640.08
LN-017612,0.0
LN-025684,149090.06
LN-003629,65162.72
LN-000266,91329.57
LN-014737,165314.14
LN-025314,0.0
LN-017738,98889.73
LN-021316,126795.27
LN-026675,48113.27
LN-002363,154311.79
LN-008219,13916.19
LN-002806,5886.66
LN-026770,170635.8
LN-007120,42546.33
LN-024489,100100.58
LN-002627,31148.82
LN-022641,49082.15
LN-001404,0.0
LN-028208,134979.74
LN-025483,151015.12
LN-010281,43584.4
LN-022228,22031.46
LN-000157,0.0
LN-016479,33917.98
LN-028278,33813.98
LN-020661,170833.38
LN-027614,39921.47
LN-021751,0.0
LN-024051,1042.41
LN-017257,75464.36
LN-013417,280149.39
LN-005998,192721.4
LN-010827,97181.38
LN-008916,65908.2
LN-011171,0.0
LN-014011,58815.09
LN-002264,171625.68
LN-005209,87504.94
LN-018550,136912.91
LN-010962,40167.08
LN-010753,36420.78
LN-001999,148161.09
LN-011103,0.0
LN-027638,194475.54
LN-026190,0.0
LN-010238,37456.88
LN-017355,334.25
LN-004523,418.22
LN-013449,187947.73
LN-022408,94013.2
LN-003646,310.87
LN-023966,61379.37
LN-008720,872.39
LN-021517,116895.55
LN-004426,85597.98
LN-006803,129187.34
LN-017540,190656.85
LN-007828,83781.05
LN-006430,28017.4
LN-008239,155470.79
LN-022389,32899.98
LN-026735,87112.18
LN-006555,50333.98
LN-001665,67671.53
LN-001479,107222.45
LN-021102,45421.25
LN-003682,39764.41
LN-025418,70329.34
LN-002663,64010.21
LN-022943,68754.49
LN-023168,13056.1
LN-019320,76398.06
LN-026865,10707.3
LN-019076,34934.33
LN-013146,163570.61
LN-020561,1551.96
LN-001723,56435.87
LN-021943,46534.12
LN-003482,65987.17
LN-021120,82760.34
LN-004105,115019.37
LN-006575,28792.04
LN-013550,70256.42
LN-024168,125331.04
LN-018642,24449.18
LN-015158,0.0
LN-015029,0.0
LN-019281,46081.77
LN-014237,0.0
LN-025333,131368.04
LN-017132,25941.06
LN-013199,126854.89
LN-026877,163392.85
LN-000820,74807.58
LN-015206,0.0
LN-026351,3393.18
LN-000142,17842.94
LN-026131,21148.82
LN-026204,0.0
LN-007689,4870.42
LN-006443,64780.02
LN-013008,29996.44
LN-027864,45984.09
LN-025937,32848.12
LN-025786,45318.83
LN-008067,232081.57
LN-018081,151339.43
LN-007980,1698.15
LN-003433,62264.2
LN-013455,32762.28
LN-013089,0.0
LN-028290,163771.13
LN-020738,36200.13
LN-013616,53351.68
LN-016057,0.0
LN-008788,32606.09
LN-016040,0.0
LN-022554,66830.04
LN-021429,41575.02
LN-021317,63170.03
LN-027064,31652.94
LN-013957,175353.15
LN-013332,33118.2
LN-010191,48604.84
LN-000147,100373.49
LN-022484,209190.76
LN-023192,217666.7
LN-004569,225405.94
LN-022537,53125.58
LN-006702,31665.78
LN-008615,65528.38
LN-022242,134941.63
LN-002841,94832.35
LN-016563,75688.13
LN-002031,41913.84
LN-016508,67765.23
LN-021426,54.11
LN-021178,59540.13
LN-002937,86826.57
LN-011686,69942.18
LN-000575,0.0
LN-005105,334538.34
LN-021541,45806.98
LN-022998,108.52
LN-024983,60675.04
LN-029284,31309.86
LN-018600,76603.9
LN-018488,89494.37
LN-008113,65052.28
LN-029277,100222.05
LN-003179,0.0
LN-012989,4908.89
LN-005463,34628.4
LN-001734,58850.23
LN-025672,34690.92
LN-010290,549.08
LN-015244,135938.35
LN-009861,16695.24
LN-017238,73495.6
LN-023681,32527.88
LN-018566,127778.47
LN-024341,99203.33
LN-012894,105450.32
LN-004303,21925.72
LN-024038,110675.24
LN-001129,91856.43
LN-002508,77155.48
LN-024648,105011.02
LN-018516,0.0
LN-025920,57458.4
LN-005472,61267.93
LN-024013,368.5
LN-001687,0.0
LN-012234,26246.19
LN-023383,108736.39
LN-005540,19793.92
LN-011521,48195.15
LN-004707,174735.22
LN-025001,52360.45
LN-004885,25809.6
LN-021052,78775.27
LN-022689,145515.18
LN-016310,44714.51
LN-005465,20442.81
LN-014204,44799.03
LN-013072,259.78
LN-003010,51781.89
LN-012971,124156.95
LN-002809,0.0
LN-004720,151248.77
LN-005104,37840.57
LN-022473,47170.34
LN-020054,150060.98
LN-018409,58913.3
LN-006047,37268.13
LN-019674,64075.45
LN-026408,141761.07
LN-007421,104910.6
LN-023389,92488.6
LN-021491,65669.69
LN-021773,48573.64
LN-021434,175247.71
LN-023326,18444.19
LN-011580,88571.96
LN-014614,1520.33
LN-016811,0.0
LN-015554,107605.51
LN-005914,16993.98
LN-028745,181.39
LN-026529,26082.95
LN-023599,0.0
LN-003812,95395.99
LN-011600,135750.17
LN-018560,0.0
LN-023967,51337.1
LN-008962,271091.17
LN-027474,4220.34
LN-003090,43938.8
LN-010086,65650.5
LN-017788,39708.56
LN-016123,967.39
LN-007933,138222.2
LN-026592,176.67
LN-009213,170722.24
LN-019809,177947.72
LN-009519,89537.46
LN-012600,280502.45
LN-016755,35110.15
LN-001978,0.0
LN-002942,56235.29
LN-026989,40798.98
LN-007509,71378.53
LN-003342,191428.79
LN-027820,0.0
LN-017898,138031.12
LN-025351,103965.41
LN-023143,82280.16
LN-017309,68462.17
LN-028127,103857.97
LN-023390,76289.47
LN-016998,207053.91
LN-011712,164160.55
LN-020095,34350.2
LN-012957,0.0
LN-004658,92835.66
LN-018576,42441.48
LN-023613,75987.36
LN-019336,0.0
LN-020719,42453.28
LN-011961,570.22
LN-008707,35190.46
LN-025804,51210.9
LN-027344,52629.35
LN-003162,26043.17
LN-014413,96781.92
LN-026941,21915.0
LN-011405,38737.81
LN-025133,93909.62
LN-007767,18206.4
LN-012944,174.23
LN-007322,29748.69
LN-016841,0.0
LN-012450,89564.89
LN-010616,62239.78
LN-001933,103752.61
LN-008307,0.0
LN-006549,171487.03
LN-017020,0.0
LN-000674,19025.68
LN-019323,0.0
LN-001078,208259.94
LN-028227,23582.95
LN-014740,46078.69
LN-007427,249773.61
LN-002190,62613.08
LN-009419,28967.59
LN-004471,147575.83
LN-009073,24029.4
LN-009376,26806.27
LN-006954,0.0
LN-017537,94426.67
LN-007928,26890.91
LN-008696,28091.54
LN-014686,52999.48
LN-017034,116939.08
LN-009191,78730.91
LN-012745,110612.04
LN-008573,0.0
LN-002231,29355.36
LN-027192,71894.68
LN-010412,78773.17
LN-015594,1518.17
LN-024123,93785.27
LN-018932,105629.05
LN-015640,50759.18
LN-003372,25433.84
LN-012109,86535.45
LN-011778,85736.3
LN-023211,27267.36
LN-020422,178174.7
LN-027467,132979.01
LN-023395,38890.23
LN-000519,102776.85
LN-020657,114984.65
LN-017931,245587.82
LN-007399,37390.31
LN-005688,0.0
LN-016847,64335.31
LN-018223,158017.8
LN-017529,133341.94
LN-027335,8179.57
LN-024142,59909.95
LN-022773,50632.68
LN-020048,75245.97
LN-014881,36570.18
LN-024883,0.0
LN-018494,52710.37
LN-000720,94974.03
LN-003529,82765.72
LN-005179,201098.62
LN-003126,36505.31
LN-022143,279029.59
LN-008336,63964.15
LN-008436,122591.35
LN-024057,76784.41
LN-002956,192856.26
LN-018243,61596.07
LN-024116,21112.15
LN-018837,82388.99
LN-024448,28506.74
LN-013948,1169.07
LN-013420,0.0
LN-012687,82437.34
LN-003421,30786.93
LN-006385,50601.28
LN-029310,165690.41
LN-022155,16592.11
LN-011116,112946.46
LN-001442,112755.39
LN-003360,79938.6
LN-006820,118198.08
LN-011477,37640.43
LN-003802,82074.26
LN-027207,43310.24
LN-005120,33545.59
LN-015073,39748.07
LN-010679,123002.01
LN-028056,63662.14
LN-010683,5253.3
LN-007674,2575.14
LN-024310,187314.5
LN-019191,0.0
LN-026699,3461.52
LN-025587,0.0
LN-023334,152535.78
LN-018245,174.83
LN-008418,27888.54
LN-010239,25054.96
LN-012866,93085.07
LN-013353,104177.42
LN-023454,28916.94
LN-004644,247369.22
LN-009883,119591.59
LN-003903,233786.52
LN-007739,61262.92
LN-006703,30776.75
LN-014644,43127.08
LN-018769,146859.3
LN-002075,105280.72
LN-005438,157909.76
LN-014250,76977.22
LN-004226,282226.08
LN-021619,740.25
LN-022404,88379.82
LN-002128,51745.45
LN-008485,126212.16
LN-013427,80295.71
LN-004412,84601.46
LN-026401,84205.71
LN-016592,0.0
LN-001412,27456.69
LN-024839,64554.51
LN-018499,68068.79
LN-011575,229887.12
LN-013350,125762.67
LN-017522,90860.19
LN-000592,101410.59
LN-013967,14200.39
LN-019203,154310.92
LN-017972,163670.35
LN-027483,118155.43
LN-000459,170300.5
LN-002906,65105.2
LN-016843,81475.13
LN-002613,35669.18
LN-015000,0.0
LN-013511,8550.17
LN-004905,57442.88
LN-004489,204866.29
LN-006114,67030.34
LN-016089,93873.33
LN-026631,0.0
LN-026242,27780.04
LN-016067,53009.11
LN-005758,201074.13
LN-008170,136593.49
LN-020185,48136.05
LN-002450,78658.04
LN-011234,35016.99
LN-007236,102616.49
LN-005022,97131.64
LN-028644,0.0
LN-012400,639.08
LN-006746,93317.56
LN-003131,23697.82
LN-015147,86473.76
LN-008272,30501.25
LN-010727,125131.72
LN-015113,59693.53
LN-001859,197968.32
LN-002281,34256.8
LN-023725,303079.2
LN-017618,118259.07
LN-004431,38543.11
LN-014870,1541.62
LN-009904,57178.59
LN-005861,12284.65
LN-023409,64279.97
LN-026570,15213.15
LN-001449,305479.14
LN-006510,118169.9
LN-007266,29794.57
LN-020689,177766.0
LN-018235,82401.71
LN-011336,175336.32
LN-015328,119329.8
LN-002197,0.0
LN-028013,0.0
LN-014448,81506.01
LN-019983,58947.08
LN-005835,121022.02
LN-017720,51751.54
LN-010671,74870.09
LN-002182,1264.34
LN-008942,90148.19
LN-010043,128571.73
LN-029141,64911.19
LN-008983,119670.47
LN-013488,13876.34
LN-015183,72594.3
LN-028064,73370.82
LN-027826,29519.28
LN-019681,50320.77
LN-000438,367.08
LN-029091,0.0
LN-009926,376.66
LN-027393,163475.18
LN-023768,126100.03
LN-026789,47515.17
LN-005676,80485.48
LN-011705,108475.14
LN-005647,34562.95
LN-027851,22078.39
LN-022496,74687.95
LN-029171,81117.33
LN-013196,68758.49
LN-004944,196099.86
LN-026256,0.0
LN-004522,27859.92
LN-027578,38528.54
LN-007000,0.0
LN-008260,134685.19
LN-019173,90815.75
LN-000918,0.0
LN-001686,180.1
LN-018436,56077.8
LN-008662,167924.06
LN-008877,566.7
LN-022636,37390.67
LN-022533,211450.69
LN-001425,170383.28
LN-012512,316974.46
LN-008098,33843.01
LN-009976,230604.0
LN-024375,294.33
LN-003064,47828.63
LN-023574,0.0
LN-026916,122435.26
LN-019368,16541.14
LN-013567,140651.52
LN-021035,31596.31
LN-023766,3191.35
LN-010306,107391.59
LN-021397,186188.88
LN-017273,31174.29
LN-007460,11292.43
LN-012055,46954.82
LN-012755,99744.87
LN-010575,31146.16
LN-002222,68918.56
LN-007657,188541.81
LN-003260,153412.44
LN-019521,149089.71
LN-020021,78585.42
LN-025948,8702.45
LN-001587,126493.92
LN-028770,139621.52
LN-007624,127921.26
LN-026119,56862.15
LN-014782,32119.12
LN-009732,257.05
LN-021309,102527.12
LN-015180,125669.99
LN-016578,258414.21
LN-006766,38429.07
LN-004854,43652.97
LN-029015,95611.45
LN-025943,65232.18
LN-001759,182185.86
LN-014033,56838.41
LN-023773,167416.24
LN-015983,22294.09
LN-000893,65578.17
LN-027484,71818.43
LN-009836,48146.28
LN-009766,67843.5
LN-013009,80459.57
LN-013525,128382.99
LN-008061,36645.56
LN-018473,147577.71
LN-016724,78378.28
LN-028239,12510.91
LN-002482,34538.9
LN-025728,96645.2
LN-000333,54328.01
LN-005789,72575.72
LN-016372,28129.6
LN-020181,29667.86
LN-001230,109861.8
LN-009633,1685.01
LN-009779,90893.98
LN-026975,78066.46
LN-005470,82825.79
LN-022615,167287.04
LN-011256,72817.2
LN-001043,71110.22
LN-007379,151813.49
LN-024044,37110.42
LN-019634,2366.38
LN-024151,73382.59
LN-012537,49388.51
LN-006997,174.23
LN-013211,120372.71
LN-021131,118469.25
LN-016100,157483.2
LN-013109,135019.81
LN-002579,44616.76
LN-015953,58460.09
LN-004961,36234.96
LN-023136,26326.77
LN-010505,35429.51
LN-021112,30733.31
LN-023021,226286.3
LN-001570,81673.53
LN-015689,33961.57
LN-027883,0.0
LN-018397,117831.98
LN-014151,18091.69
LN-029319,138802.94
LN-011796,189830.44
LN-002712,217219.55
LN-007615,688.64
LN-025697,93488.24
LN-010093,71997.73
LN-021468,38355.55
LN-009318,78944.29
LN-027286,19824.4
LN-011723,57232.14
LN-011997,1814.05
LN-012653,121426.69
LN-028300,28381.47
LN-026507,83878.9
LN-023385,41498.21
LN-021406,45217.96
LN-003474,59972.6
LN-010144,38386.0
LN-020417,0.0
LN-002409,81471.27
LN-025906,78159.04
LN-014767,20507.44
LN-010873,90534.97
LN-000568,53969.9
LN-017601,45901.46
LN-001676,25524.73
LN-028373,95190.44
LN-014628,0.0
LN-023379,68738.29
LN-025062,61615.09
LN-003775,88773.01
LN-027475,1708.26
LN-017157,90502.62
LN-008077,47808.69
LN-012999,76721.92
LN-015130,272.08
LN-014231,59094.73
LN-019835,71868.22
LN-022741,434.47
LN-014110,130418.79
LN-018163,25888.38
LN-015574,27268.5
LN-007693,98830.46
LN-016013,0.0
LN-016403,168674.19
LN-023361,163237.28
LN-020357,94604.41
LN-027211,86393.34
LN-016214,25149.75
LN-027897,76892.47
LN-005081,254068.55
LN-006298,29142.61
LN-017487,85138.64
LN-003366,118226.2
LN-002002,224955.27
LN-021954,25296.5
LN-013437,78908.87
LN-023865,57880.52
LN-012919,163769.07
LN-022094,41890.16
LN-029014,45558.28
LN-001228,40484.49
LN-018084,87644.47
LN-012165,65610.42
LN-020121,0.0
LN-000405,77398.03
LN-004593,92448.86
LN-027800,36404.54
LN-021999,46688.56
LN-012642,66964.4
LN-022411,879.6
LN-027593,19825.38
LN-024109,34780.93
LN-020835,0.0
LN-015506,119040.56
LN-023435,93878.16
LN-022095,55742.28
LN-003387,73376.92
LN-000659,70613.18
LN-021461,0.0
LN-012188,19146.9
LN-008779,27348.33
LN-028403,49845.32
LN-006044,103631.87
LN-019058,112120.74
LN-024193,78141.71
LN-020239,67881.65
LN-016082,4037.58
LN-003332,0.0
LN-007537,101166.94
LN-013093,75215.85
LN-001843,188140.57
LN-009949,145227.72
LN-014920,60832.74
LN-021981,89071.64
LN-019603,67560.93
LN-018981,0.0
LN-011209,351.92
LN-007448,95536.11
LN-006767,120035.81
LN-009538,42083.22
LN-019033,79935.66
LN-024492,139686.24
LN-007046,137658.81
LN-021701,146277.13
LN-010696,2408.17
LN-023583,11025.74
LN-014959,111579.15
LN-003448,80689.27
LN-020368,146127.29
LN-026394,138069.05
LN-016883,52580.46
LN-004171,40692.27
LN-018552,19280.51
LN-022517,74606.34
LN-019540,157900.88
LN-028321,123006.32
LN-016805,115470.36
LN-011353,92332.4
LN-001537,198970.26
LN-026557,36625.72
LN-006099,33994.74
LN-012716,0.0
LN-019868,201868.25
LN-004977,0.0
LN-007035,36147.27
LN-009758,48624.45
LN-005696,103443.79
LN-020825,21627.82
LN-023914,67107.67
LN-000502,54668.26
LN-019090,126703.18
LN-022806,29623.48
LN-006745,135564.03
LN-016023,166.25
LN-012265,159.89
LN-021431,294.62
LN-006208,77393.38
LN-028769,32607.22
LN-009905,0.0
LN-007424,19930.02
LN-012932,127653.7
LN-009093,48271.66
LN-001709,22221.58
LN-023195,52306.37
LN-013059,102350.62
LN-024391,0.0
LN-015836,86727.25
LN-000958,32666.19
LN-013589,69395.36
LN-020768,32486.04
LN-001982,90876.39
LN-020055,18864.7
LN-008483,94429.6
LN-008021,70817.25
LN-004813,184814.95
LN-026647,40824.03
LN-013321,68320.58
LN-000054,174509.46
LN-028815,91770.75
LN-013866,176549.16
LN-022541,57534.9
LN-018345,5025.52
LN-029255,77730.74
LN-018794,69404.61
LN-028672,44319.0
LN-015945,242246.89
LN-027121,29394.36
LN-009002,67854.63
LN-019361,55856.66
LN-004358,1705.75
LN-004928,32784.1
LN-004311,72365.53
LN-022637,99977.58
LN-006564,203018.56
LN-025445,0.0
LN-027908,270543.49
LN-005980,105130.46
LN-002146,35311.49
LN-009977,38324.82
LN-008488,122508.65
LN-019866,81459.02
LN-009605,50235.39
LN-022300,89741.42
LN-011420,148145.47
LN-006200,33113.69
LN-010546,46384.97
LN-014444,0.0
LN-005699,181673.2
LN-015303,85517.69
LN-027601,105054.41
LN-028995,99712.54
LN-015231,89318.86
LN-020923,0.0
LN-010690,85677.69
LN-024500,8752.1
LN-005924,117923.81
LN-018100,100317.66
LN-027466,264073.97
LN-015155,0.0
LN-004490,0.0
LN-027879,285868.22
LN-020685,67975.49
LN-011880,31514.18
LN-006513,63697.47
LN-019655,54783.75
LN-015270,140167.66
LN-026908,75964.14
LN-012950,16255.91
LN-023099,0.0
LN-002943,88242.25
LN-005705,66351.63
LN-006496,144959.32
LN-012774,139273.17
LN-028536,166372.27
LN-001012,0.0
LN-012434,105774.08
LN-012513,9768.4
LN-000534,38937.56
LN-011105,45604.63
LN-015297,116611.12
LN-000698,0.0
LN-008380,0.0
LN-000097,37817.38
LN-016297,0.0
LN-001252,91140.83
LN-002558,84907.11
LN-014069,38687.96
LN-022506,40515.27
LN-025187,16628.14
LN-026920,66701.05
LN-001985,56004.4
LN-027486,152985.19
LN-023122,33017.05
LN-022339,0.0
LN-013723,176455.05
LN-017872,106899.92
LN-023102,147102.66
LN-012229,144929.22
LN-011608,18648.94
LN-020712,0.0
LN-027950,154536.31
LN-005016,0.0
LN-008208,28625.6
LN-024485,66523.4
LN-012038,174207.98
LN-027790,54369.24
LN-023894,98787.45
LN-023969,285166.99
LN-018772,53195.92
LN-007706,5665.25
LN-004844,0.0
LN-004819,21021.05
LN-003558,8816.01
LN-013476,32026.75
LN-001941,23739.51
LN-014746,64107.76
LN-023752,84189.68
LN-011200,172064.2
LN-019133,87144.51
LN-026537,186079.3
LN-022613,86178.7
LN-002867,53419.91
LN-012244,4380.79
LN-019570,40809.62
LN-024480,67657.76
LN-023714,22983.79
LN-006932,0.0
LN-015131,62697.57
LN-004910,194547.98
LN-014138,62644.36
LN-006528,0.0
LN-001467,65003.97
LN-005995,81027.59
LN-018092,26325.34
LN-017616,110538.92
LN-018597,119.88
LN-005382,31989.61
LN-026598,46528.58
LN-009179,100745.68
LN-000306,50586.74
LN-012819,80295.51
LN-022957,69126.73
LN-001359,165829.61
LN-011602,145144.23
LN-026887,7598.54
LN-010651,97379.58
LN-001432,35064.63
LN-001071,7377.53
LN-004745,52597.71
LN-028177,0.0
LN-011001,60010.18
LN-019840,15113.4
LN-021048,119807.75
LN-023533,184444.27
LN-025640,78618.41
LN-016871,246861.26
LN-002135,52627.24
LN-004294,239883.51
LN-029114,0.0
LN-013120,34507.03
LN-010087,45898.24
LN-002667,62328.95
LN-029217,111603.58
LN-000168,86907.52
LN-018312,11965.46
LN-011998,18996.18
LN-016584,178.17
LN-006991,25910.64
LN-007167,28154.76
LN-013765,56344.46
LN-000129,54892.75
LN-009039,117532.79
LN-007971,80723.39
LN-012931,29052.72
LN-019847,39885.95
LN-028578,147414.12
LN-010297,134707.32
LN-011357,50199.16
LN-018608,27171.71
LN-002597,0.0
LN-016663,456.96
LN-018789,57587.01
LN-005216,20187.99
LN-019791,42370.52
LN-023644,76213.69
LN-020939,39700.69
LN-026526,306007.12
LN-007125,132188.3
LN-025561,65901.23
LN-028906,148305.39
LN-017197,41613.55
LN-013469,518.45
LN-023621,96766.41
LN-012340,0.0
LN-006824,757.77
LN-012903,61014.74
LN-021767,60998.31
LN-014849,126881.35
LN-023503,0.0
LN-003905,4456.71
LN-018819,59175.99
LN-022163,1027.38
LN-005555,46858.87
LN-001363,42755.19
LN-005713,74990.23
LN-015593,40092.35
LN-010156,106042.24
LN-009755,98394.51
LN-001210,115551.86
LN-001767,1959.54
LN-016173,29711.1
LN-016585,57185.96
LN-021897,57292.9
LN-012392,65538.7
LN-028117,48235.62
LN-018575,146367.65
LN-003523,64475.08
LN-001317,98130.25
LN-018238,167160.08
LN-027833,120602.13
LN-004679,366.93
LN-021026,181.39
LN-006685,34614.95
LN-022935,65691.0
LN-017814,0.0
LN-016539,74563.17
LN-012638,172746.39
LN-025387,0.0
LN-026234,49839.7
LN-005883,56438.24
LN-004922,665.01
LN-012286,59706.43
LN-016102,46012.24
LN-002068,25981.31
LN-000737,65433.6
LN-009776,271426.36
LN-024186,158667.37
LN-011939,34793.59
LN-026022,71800.07
LN-027531,125978.8
LN-013060,207021.36
LN-001338,214780.07
LN-021469,29058.55
LN-015272,117477.17
LN-004558,186525.03
LN-009936,41562.68
LN-028598,65061.2
LN-006621,39503.65
LN-007558,56155.89
LN-026277,131425.14
LN-022594,127254.17
LN-019170,12417.31
LN-020780,279916.5
LN-015671,62466.12
LN-001482,28844.14
LN-024849,59709.66
LN-008649,37610.49
LN-020704,37441.69
LN-013171,20045.76
LN-012000,303675.37
LN-012360,0.0
LN-003130,106953.09
LN-012364,38746.93
LN-000383,6508.57
LN-019679,74216.26
LN-009227,211200.56
LN-026923,36101.75
LN-002549,25493.72
LN-018877,169272.78
LN-019739,53654.8
LN-024005,94325.94
LN-012033,11739.83
LN-028850,72192.62
LN-003464,63037.95
LN-006141,51837.18
LN-018226,67006.51
LN-028074,182457.87
LN-020482,137171.48
LN-001420,158574.98
LN-019501,24815.94
LN-021744,22186.9
LN-021334,27619.42
LN-027680,38536.7
LN-007042,0.0
LN-023419,3875.51
LN-009952,168312.43
LN-021275,23690.76
LN-006026,228252.96
LN-008685,21288.2
LN-021789,97228.27
LN-003112,20803.29
LN-000476,24881.42
LN-012863,28990.95
LN-018216,42717.32
LN-023180,139471.4
LN-017250,14941.89
LN-019440,89970.73
LN-025698,131720.86
LN-010257,50577.89
LN-013039,145797.71
LN-003227,47751.4
LN-019324,111567.87
LN-020406,35840.58
LN-012387,30281.61
LN-000085,35049.73
LN-017614,71781.66
LN-012568,37426.54
LN-009270,82621.14
LN-016939,0.0
LN-029227,115005.42
LN-022320,74844.51
LN-019691,11744.18
LN-004895,55166.57
LN-007692,99528.63
LN-025123,35777.85
LN-023922,67191.28
LN-020991,107314.13
LN-019188,71447.43
LN-021232,49508.2
LN-017991,412.73
LN-026165,126034.1
LN-029076,197330.56
LN-001656,96553.63
LN-023983,160837.83
LN-025221,29358.34
LN-017957,69710.7
LN-021588,150897.37
LN-008462,128587.73
LN-014457,24178.59
LN-013430,38705.03
LN-002267,177616.77
LN-019353,408535.4
LN-005732,49800.0
LN-009806,160615.15
LN-023312,89523.22
LN-014752,0.0
LN-019053,25273.2
LN-003820,43217.54
LN-024583,309681.3
LN-015372,34737.84
LN-028319,313561.49
LN-026192,106854.53
LN-005126,33298.92
LN-013246,134009.18
LN-020901,0.0
LN-021872,101869.75
LN-019516,461.19
LN-011131,49343.62
LN-013901,41855.12
LN-005320,3794.25
LN-027728,157065.75
LN-024993,187494.24
LN-009865,2297.75
LN-000967,0.0
LN-004872,233878.54
LN-028505,16896.76
LN-004435,152474.74
LN-009374,47522.41
LN-028901,24528.9
LN-018214,1651.85
LN-008820,70940.47
LN-020857,58506.72
LN-027163,0.0
LN-028493,85347.45
LN-006463,2572.34
LN-020113,10921.22
LN-004677,84154.08
LN-014883,50353.22
LN-009239,31732.87
LN-004020,63496.57
LN-020572,218276.5
LN-012913,41029.51
LN-019096,29196.96
LN-000707,151805.12
LN-020461,18718.73
LN-021533,77393.81
LN-023424,59232.14
LN-011323,139240.58
LN-003978,66181.19
LN-028871,80927.77
LN-013137,10797.26
LN-021665,111707.82
LN-022149,174079.55
LN-022944,33243.91
LN-020468,0.0
LN-026624,65905.55
LN-028845,151835.11
LN-027501,156323.56
LN-003156,7889.3
LN-017320,76125.19
LN-029109,44906.02
LN-023751,132888.16
LN-010904,21191.59
LN-009159,10851.13
LN-025238,184859.0
LN-009461,81942.38
LN-027683,133.86
LN-025744,0.0
LN-026078,158516.66
LN-011915,10215.04
LN-022497,66380.77
LN-008883,136420.83
LN-018262,271.51
LN-000462,0.0
LN-027291,43572.78
LN-029063,85592.51
LN-026413,68408.87
LN-012458,56077.91
LN-019707,34494.44
LN-000539,44744.03
LN-009626,156590.5
LN-020071,34576.21
LN-000965,80709.47
LN-003265,112610.02
LN-016952,0.0
LN-001055,38059.81
LN-028060,131339.02
LN-028313,9400.78
LN-009144,196824.94
LN-002608,46888.65
LN-025693,0.0
LN-018968,106687.37
LN-001095,19575.34
LN-008415,95363.14
LN-018807,144629.45
LN-012192,52593.76
LN-013165,97427.99
LN-027784,190155.68
LN-026201,399244.28
LN-012861,69.11
LN-006637,148905.9
LN-021270,86607.26
LN-003036,138834.98
LN-009894,140271.62
LN-001112,223306.8
LN-023700,113381.01
LN-005640,7733.49
LN-018317,58389.21
LN-003755,220.24
LN-029224,107862.89
LN-011760,375.21
LN-022384,0.0
LN-027204,22983.37
LN-026946,8910.26
LN-026238,0.0
LN-009049,0.0
LN-028014,60846.43
LN-029307,10628.99
LN-029288,33571.22
LN-011524,26936.55
LN-028970,55502.38
LN-016647,89916.06
LN-026972,91954.59
LN-017013,60538.88
LN-026563,71676.5
LN-026938,37232.39
LN-027128,30981.91
LN-005947,52053.29
LN-021449,33166.13
LN-013628,35432.67
LN-016010,37078.9
LN-023020,49996.26
LN-026426,184762.79
LN-001548,87718.17
LN-015053,68503.07
LN-006157,86644.43
LN-002761,76396.93
LN-020358,12794.31
LN-003505,31298.53
LN-016973,42331.03
LN-026465,131342.27
LN-027183,128678.66
LN-019290,133087.23
LN-026485,131667.34
LN-024994,79742.03
LN-028663,26074.97
LN-025012,52194.11
LN-018540,39219.62
LN-008334,40091.21
LN-006478,70751.65
LN-010304,131862.17
LN-017714,29480.77
LN-018213,99043.79
LN-004160,60444.0
LN-002459,51554.88
LN-021889,114058.7
LN-009055,38189.39
LN-027762,20150.01
LN-012228,120272.21
LN-000650,44120.27
LN-016099,23113.58
LN-000205,40905.94
LN-024625,104629.59
LN-006150,137972.12
LN-010375,41651.29
LN-003756,37168.28
LN-005240,61241.0
LN-025599,54060.38
LN-014290,156692.38
LN-002044,47196.32
LN-019387,0.0
LN-024697,10769.9
LN-003113,24951.92
LN-008386,90540.56
LN-012380,0.0
LN-018548,17759.94
LN-004563,41979.08
LN-026105,112463.49
LN-016532,90442.81
LN-016651,35808.02
LN-000941,0.0
LN-011230,48381.12
LN-009898,64321.99
LN-009391,107966.95
LN-007700,30158.01
LN-016613,52949.06
LN-001515,72437.64
LN-024660,99063.77
LN-018567,86327.48
LN-008464,0.0
LN-008679,100300.77
LN-007384,0.0
LN-011415,53467.82
LN-028228,130334.42
LN-009548,127747.89
LN-004888,9148.86
LN-019503,0.0
LN-025656,116577.97
LN-012876,14333.22
LN-017662,69835.84
LN-014680,59935.73
LN-006684,108628.0
LN-010887,85503.23
LN-022106,48488.01
LN-020599,202185.9
LN-022383,42076.47
LN-024114,21977.8
LN-008413,1676.39
LN-000761,69431.88
LN-021828,42588.71
LN-013940,96.43
LN-018537,163487.41
LN-025544,0.0
LN-009322,49974.06
LN-007354,0.0
LN-009333,133399.94
LN-028129,42689.29
LN-003351,105371.58
LN-019258,0.0
LN-009178,25653.12
LN-016147,32511.71
LN-025551,0.0
LN-012041,479.18
LN-003782,37842.09
LN-002105,36855.14
LN-007350,0.0
LN-004524,95904.12
LN-025628,195825.87
LN-022644,116506.52
LN-005018,99565.6
LN-028173,25942.79
LN-004897,20100.58
LN-023743,20975.62
LN-018154,86489.22
LN-028305,22220.65
LN-021909,1088.25
LN-008604,129160.32
LN-022358,39135.23
LN-027737,29356.39
LN-017341,113475.38
LN-006442,98038.64
LN-017723,81862.41
LN-012850,216777.47
LN-014313,203939.88
LN-012560,141021.0
LN-024888,29241.26
LN-009740,127592.32
LN-027236,36001.6
LN-013996,83155.74
LN-011657,15349.18
LN-015300,35941.21
LN-001283,69947.11
LN-022397,105515.4
LN-006168,83338.38
LN-025898,24123.26
LN-012473,153114.69
LN-015780,74754.92
LN-018670,67430.78
LN-023611,176377.3
LN-025076,121288.51
LN-001056,65182.38
LN-006734,55541.82
LN-024537,123734.14
LN-029193,1437.61
LN-013843,46928.02
LN-025150,113.05
LN-014374,185218.39
LN-026870,48239.81
LN-014449,247178.74
LN-015205,37658.44
LN-005670,51202.68
LN-001187,193480.97
LN-007985,184445.82
LN-002935,124789.97
LN-015394,54628.97
LN-019342,112921.32
LN-019843,104588.65
LN-024717,76121.0
LN-019109,42599.61
LN-022748,24668.7
LN-025764,87571.89
LN-009489,168220.43
LN-016683,12950.23
LN-005432,241447.2
LN-025329,0.0
LN-010835,70767.46
LN-002515,12630.92
LN-011579,42674.29
LN-016499,104819.45
LN-017107,204893.45
LN-021796,27327.1
LN-004931,16224.77
LN-014226,64728.46
LN-022708,44122.03
LN-012666,38125.28
LN-022713,45715.02
LN-029250,88701.88
LN-021785,95026.22
LN-004766,157621.18
LN-020220,0.0
LN-014017,29028.67
LN-015806,96579.42
LN-017823,121494.08
LN-004207,0.0
LN-011936,163579.26
LN-004881,68601.38
LN-011066,44222.53
LN-003326,29463.01
LN-016507,341.82
LN-017916,25140.64
LN-025209,0.0
LN-000162,36358.19
LN-026274,80847.93
LN-023851,88227.1
LN-001224,178817.33
LN-019954,89572.79
LN-021188,104198.35
LN-018727,46830.87
LN-008146,164646.1
LN-007325,114059.11
LN-026447,36945.04
LN-012394,41535.9
LN-022311,25793.98
LN-009479,48523.32
LN-027565,0.0
LN-009165,74860.9
LN-026449,242127.65
LN-016152,123647.53
LN-027734,0.0
LN-016874,46834.82
LN-012191,105621.58
LN-006438,242304.73
LN-009407,82406.28
LN-013372,43841.13
LN-026033,59171.51
LN-006101,0.0
LN-006462,63220.16
LN-018332,40000.93
LN-008236,108256.11
LN-022938,157012.01
LN-020080,39228.4
LN-000971,54737.31
LN-023916,15780.38
LN-006858,121626.52
LN-014014,132007.25
LN-007575,64279.14
LN-012200,30294.47
LN-021006,63825.51
LN-001649,24461.17
LN-010080,733.7
LN-001299,183682.39
LN-011395,106035.24
LN-014653,93181.39
LN-019465,156737.24
LN-012806,125782.43
LN-028237,91360.28
LN-016203,83298.8
LN-018704,60606.61
LN-021673,96.43
LN-018196,74456.52
LN-000873,2374.8
LN-010968,49161.7
LN-019419,199991.93
LN-009416,0.0
LN-000127,94699.16
LN-001270,127050.69
LN-018838,44755.33
LN-001562,124.52
LN-012053,80445.95
LN-007349,69129.32
LN-011494,50502.49
LN-004342,102982.1
LN-025068,67826.07
LN-020269,44321.91
LN-027989,0.0
LN-009896,19927.03
LN-009498,0.0
LN-020020,66114.44
LN-010197,44399.17
LN-006316,195041.56
LN-020464,65487.77
LN-017216,0.0
LN-027310,878.89
LN-014590,108637.34
LN-026587,173.59
LN-004260,97110.19
LN-026467,102272.46
LN-017834,72249.24
LN-023073,104402.28
LN-008824,115628.43
LN-005055,25628.85
LN-018149,98827.28
LN-025887,45358.22
LN-006263,56639.97
LN-007546,10722.23
LN-017962,93191.82
LN-013150,58673.11
LN-007929,103551.33
LN-014100,40689.43
LN-015014,80506.88
LN-027352,2023.5
LN-004891,0.0
LN-029265,188456.33
LN-029264,77096.72
LN-004545,277005.02
LN-018534,15293.32
LN-007011,57806.83
LN-000524,197023.47
LN-017575,55716.99
LN-007218,60394.99
LN-023467,0.0
LN-024910,41229.33
LN-000380,194725.72
LN-009409,21977.49
LN-008331,337714.89
LN-021543,0.0
LN-012043,0.0
LN-014023,45646.78
LN-014466,26750.32
LN-027039,768.08
LN-010141,48111.8
LN-000512,0.0
LN-017926,97639.85
LN-024380,55954.87
LN-012125,54559.33
LN-016534,34824.76
LN-027918,51888.03
LN-005446,899.4
LN-016467,197459.91
LN-009705,64397.35
LN-010472,94495.01
LN-008030,72441.3
LN-007878,54565.0
LN-005054,49271.46
LN-020954,12092.36
LN-020883,77094.3
LN-009263,11169.92
LN-005107,63265.39
LN-003709,9998.59
LN-021912,0.0
LN-026681,75205.05
LN-013352,274301.49
LN-022361,102808.01
LN-025202,61197.63
LN-011496,0.0
LN-007777,27319.89
LN-013078,128101.73
LN-015088,0.0
LN-020862,28069.21
LN-001549,80560.18
LN-007064,118229.24
LN-017301,89629.19
LN-002178,11416.23
LN-026691,57933.81
LN-021786,3239.22
LN-011271,18672.81
LN-023244,67044.06
LN-010944,33035.88
LN-007304,210958.57
LN-029110,98603.12
LN-003008,76122.64
LN-028154,37506.34
LN-022775,171997.21
LN-018687,30610.49
LN-005317,177408.07
LN-029234,85512.37
LN-005897,41477.57
LN-010076,266936.53
LN-024052,1840.27
LN-005417,192117.52
LN-026082,206870.44
LN-017841,36942.69
LN-008474,230175.6
LN-011051,0.0
LN-007526,188961.91
LN-010914,41605.9
LN-016596,63386.76
LN-002736,42951.47
LN-019527,52293.53
LN-019914,180355.31
LN-022782,92378.27
LN-026706,167724.37
LN-011878,245733.91
LN-025646,119431.46
LN-029299,0.0
LN-003989,223425.07
LN-018230,33340.34
LN-010358,59689.97
LN-003652,50532.83
LN-005749,32521.28
LN-018650,128740.07
LN-016801,0.0
LN-007238,47715.63
LN-005445,57872.83
LN-026738,79602.9
LN-022273,65005.98
LN-026128,167571.65
LN-002967,45778.42
LN-025934,0.0
LN-022457,99460.27
LN-024416,13617.27
LN-021485,135091.91
LN-008502,71004.38
LN-002064,229011.06
LN-021547,51712.91
LN-004331,705.57
LN-008940,180296.15
LN-001160,134417.94
LN-019460,44554.51
LN-009928,0.0
LN-019430,793.24
LN-002056,263732.49
LN-006518,200636.76
LN-022270,39285.44
LN-006842,181092.09
LN-022051,143866.03
LN-020204,79478.6
LN-022705,66872.82
LN-004599,0.0
LN-027063,124162.7
LN-018435,54373.4
LN-028343,256955.21
LN-004697,37259.67
LN-005790,122157.18
LN-017131,206788.55
LN-026728,245590.04
LN-014635,44377.29
LN-011278,62068.25
LN-008060,179.34
LN-021551,72603.45
LN-018986,82350.86
LN-010439,27464.12
LN-002792,13528.68
LN-027014,0.0
LN-025474,73018.25
LN-013361,54664.69
LN-019984,33885.55
LN-020692,108247.83
LN-027416,70991.78
LN-008912,37130.92
LN-023918,55083.76
LN-023043,27655.83
LN-000376,115980.33
LN-016616,48238.5
LN-001108,1010.23
LN-025894,9438.42
LN-014703,108466.42
LN-029201,25338.5
LN-000425,0.0
LN-019854,239.24
LN-029238,37216.0
LN-025069,55667.86
LN-019136,73302.7
LN-002732,237424.93
LN-028027,123235.67
LN-009530,90992.59
LN-006717,60462.28
LN-020180,0.0
LN-010435,24272.37
LN-001441,43655.15
LN-006406,101091.22
LN-020053,91639.9
LN-010518,0.0
LN-001226,71016.67
LN-012071,60003.58
LN-023241,277791.1
LN-029162,0.0
LN-010019,81096.13
LN-015921,184388.6
LN-016337,57623.75
LN-000846,152915.93
LN-002426,51877.27
LN-015687,83250.37
LN-020130,36688.32
LN-022739,52579.1
LN-011203,94893.76
LN-004754,21020.08
LN-002077,1698.42
LN-001003,66202.17
LN-021304,32107.22
LN-028268,0.0
LN-021274,81910.2
LN-004454,113913.2
LN-026194,228531.61
LN-016705,111416.08
LN-004330,3612.52
LN-007408,112816.76
LN-023441,296153.59
LN-002221,180664.85
LN-016631,37712.77
LN-029132,104893.87
LN-009256,145962.47
LN-012446,116222.16
LN-022340,111485.56
LN-004737,28866.38
LN-006623,13330.19
LN-020609,0.0
LN-021919,52714.31
LN-002603,99267.82
LN-028069,0.0
LN-014468,708.54
LN-015423,85757.21
LN-005490,69331.46
LN-014516,263657.84
LN-010667,154369.41
LN-023341,38941.03
LN-007453,82394.2
LN-005253,231222.59
LN-011156,74040.14
LN-026524,38717.82
LN-002444,31978.09
LN-021342,138590.3
LN-001516,18846.29
LN-001523,56496.43
LN-008955,0.0
LN-010685,73966.01
LN-005635,242041.92
LN-019568,71541.11
LN-008985,24575.52
LN-002581,42437.66
LN-022727,72389.31
LN-011403,99087.6
LN-000778,226574.67
LN-028342,85348.14
LN-023684,52036.5
LN-021659,142841.87
LN-020138,157427.47
LN-006573,70220.49
LN-002117,209144.63
LN-006452,22087.66
LN-011618,148239.03
LN-005799,48420.19
LN-009837,63067.9
LN-022752,76106.21
LN-003456,257074.8
LN-019509,265685.32
LN-013094,203378.02
LN-025567,210.42
LN-021843,66518.62
LN-003698,278045.82
LN-023717,0.0
LN-015739,124456.99
LN-003123,19648.19
LN-016302,222214.75
LN-005062,65514.11
LN-013014,347.27
LN-013955,346.81
LN-007567,67582.11
LN-003418,125047.82
LN-020473,0.0
LN-011248,72847.06
LN-009424,91118.04
LN-011360,441.98
LN-004793,93654.07
LN-001890,1121.19
LN-008370,20100.83
LN-024669,61643.98
LN-029013,1164.36
LN-026453,182199.08
LN-003920,180547.29
LN-013754,250361.91
LN-003478,0.0
LN-023111,112212.4
LN-020394,120674.75
LN-009026,178223.13
LN-027041,23937.37
LN-027457,61979.75
LN-026945,116073.86
LN-025309,895.5
LN-005899,45364.01
LN-015352,29814.42
LN-001799,33785.6
LN-001082,93454.84
LN-020793,50797.9
LN-002763,140053.11
LN-001313,15141.41
LN-003551,51020.07
LN-001885,318.8
LN-012787,22233.81
LN-010672,110217.87
LN-025006,69769.38
LN-027383,696.03
LN-015837,61985.15
LN-003716,35685.41
LN-022211,3775.94
LN-018089,110230.59
LN-026462,25457.56
LN-009749,0.0
LN-008276,37289.43
LN-019128,155136.34
LN-008617,19976.54
LN-023544,62629.85
LN-010663,0.0
LN-016913,283.79
LN-020432,54537.63
LN-000029,59242.67
LN-003804,73422.78
LN-023593,80148.42
LN-007733,57316.34
LN-009775,153119.32
LN-001888,159.89
LN-023632,38038.34
LN-013713,44831.64
LN-005526,43770.28
LN-015904,63698.64
LN-003393,0.0
LN-022135,25200.69
LN-025051,16449.94
LN-010612,68043.95
LN-003600,188034.15
LN-000769,0.0
LN-009361,73222.2
LN-012778,76973.62
LN-012640,139733.4
LN-026652,26250.21
LN-018014,198.2
LN-003400,89167.64
LN-000933,95173.44
LN-022385,121888.63
LN-013710,81393.05
LN-003466,32659.68
LN-000264,35342.8
LN-008427,109649.73
LN-003969,41846.98
LN-021159,0.0
LN-019883,93752.72
LN-011335,58429.84
LN-002351,105477.96
LN-011983,223044.16
LN-025626,60007.49
LN-011104,69907.58
LN-004733,73196.89
LN-027456,171989.56
LN-024824,29183.51
LN-015636,1640.27
LN-012483,128751.82
LN-024519,35543.94
LN-021708,31285.36
LN-024823,781.38
LN-023770,0.0
LN-006255,137572.75
LN-028846,29966.91
LN-011483,35304.19
LN-022428,126825.47
LN-010000,169931.2
LN-006532,26621.44
LN-005957,150326.69
LN-015609,77862.09
LN-007406,58528.72
LN-017896,24207.73
LN-029053,35413.04
LN-016599,26833.6
LN-016096,36293.16
LN-003293,0.0
LN-008043,148233.93
LN-006178,65828.33
LN-021109,65447.67
LN-024315,0.0
LN-016430,104494.52
LN-003440,151197.42
LN-001787,65676.2
LN-002853,158739.18
LN-002931,137753.64
LN-011678,107419.81
LN-001009,81898.62
LN-016845,0.0
LN-024728,0.0
LN-015411,0.0
LN-011258,59824.0
LN-012004,80740.86
LN-006693,60624.03
LN-000458,0.0
LN-017713,0.0
LN-026790,15942.89
LN-013242,56331.92
LN-000351,166691.21
LN-010030,172119.74
LN-014478,22442.79
LN-004716,283.79
LN-016445,70028.69
LN-022368,179364.91
LN-021376,27014.48
LN-015865,0.0
LN-007183,92166.34
LN-029023,124091.61
LN-006404,196532.72
LN-028886,25141.85
LN-026684,94698.8
LN-019644,106906.4
LN-021325,81344.11
LN-026181,23660.6
LN-010154,62921.4
LN-001754,62119.37
LN-002265,176981.08
LN-009308,47475.97
LN-012845,56793.52
LN-023163,21090.53
LN-026642,611.91
LN-027711,89104.1
LN-014589,184223.63
LN-005872,61293.12
LN-000690,64256.07
LN-013190,7195.33
LN-015793,41126.45
LN-002741,180045.33
LN-013006,181.39
LN-028402,14255.47
LN-008742,73860.67
LN-022298,80738.3
LN-010895,26957.12
LN-000887,29508.65
LN-004093,37641.33
LN-003579,0.0
LN-023394,229885.9
LN-015871,71073.82
LN-020110,91551.77
LN-005976,126476.13
LN-011540,21299.01
LN-019078,198656.64
LN-012686,21819.38
LN-027973,76449.71
LN-009911,59099.8
LN-017433,81868.8
LN-010756,26280.1
LN-022039,222230.93
LN-024154,0.0
LN-001069,76058.78
LN-023834,54478.98
LN-003692,92651.42
LN-023618,163582.3
LN-025882,5093.51
LN-011703,195038.5
LN-024667,64007.34
LN-021042,178371.93
LN-012822,34819.18
LN-002648,32600.45
LN-011157,17942.36
LN-008378,66604.39
LN-007287,15476.53
LN-013576,37926.43
LN-016783,27987.13
LN-010891,138992.0
LN-019851,15312.65
LN-012154,15976.03
LN-025885,0.0
LN-011004,13456.53
LN-022058,33151.42
LN-005929,78136.7
LN-012862,53577.44
LN-027606,8263.83
LN-007382,107712.02
LN-007059,136175.08
LN-014428,78640.77
LN-000202,61314.95
LN-018754,234617.17
LN-026921,41561.87
LN-021584,64918.99
LN-029040,262.25
LN-027260,997.52
LN-005927,31047.92
LN-023097,92804.33
LN-010942,48067.73
LN-012526,220613.42
LN-029249,72836.65
LN-018150,0.0
LN-018041,279413.41
LN-024011,60828.98
LN-003309,66121.72
LN-017933,264336.56
LN-022061,116170.19
LN-020626,100444.81
LN-008432,14975.55
LN-022571,64325.93
LN-029270,0.0
LN-027821,112700.28
LN-009994,100881.7
LN-026380,118628.89
LN-025364,13069.81
LN-015055,10549.27
LN-002428,0.0
LN-000368,52775.46
LN-010408,45634.36
LN-023577,24553.44
LN-009405,48685.43
LN-025250,94122.7
LN-013220,58401.14
LN-027269,86949.22
LN-019275,20287.27
LN-006305,158828.86
LN-009232,353188.83
LN-011828,70251.34
LN-028706,120753.2
LN-012506,65358.57
LN-003044,85899.2
LN-015566,68745.54
LN-019287,97868.48
LN-013418,71926.89
LN-015252,20207.79
LN-002585,28064.59
LN-011630,42076.4
LN-019042,53397.28
LN-012805,83003.33
LN-012264,104753.09
LN-023524,29635.27
LN-024101,37968.38
LN-010577,211877.13
LN-026367,3510.3
LN-027284,41849.99
LN-012425,104251.53
LN-023368,20083.15
LN-024305,41972.05
LN-014916,24981.59
LN-012090,13590.05
LN-025460,0.0
LN-004488,42419.68
LN-014677,25592.82
LN-003815,125698.44
LN-010222,44099.09
LN-027899,139308.91
LN-027618,111418.77
LN-018425,69823.1
LN-018007,0.0
LN-012224,41460.7
LN-003097,119696.58
LN-025668,91790.27
LN-002289,117556.52
LN-028216,57730.49
LN-008014,37586.84
LN-001757,71112.25
LN-015822,18536.54
LN-012022,64593.04
LN-006158,43845.83
LN-010656,77191.97
LN-016587,9067.26
LN-012198,271336.58
LN-019814,216571.47
LN-007668,157291.32
LN-026178,200797.53
LN-008760,37596.16
LN-022585,28003.87
LN-014630,45177.59
LN-021824,70924.3
LN-014164,8286.31
LN-000297,23171.59
LN-021532,77862.35
LN-014834,167200.07
LN-000004,162566.82
LN-008570,116617.64
LN-011543,38520.69
LN-000250,71805.43
LN-004329,258039.82
LN-015734,123087.07
LN-012276,50946.21
LN-029074,7564.74
LN-004109,97924.51
LN-019265,47913.01
LN-009835,36937.5
LN-013521,23036.05
LN-011945,0.0
LN-011052,18701.72
LN-016710,72345.61
LN-014584,0.0
LN-002061,81671.95
LN-019813,108780.13
LN-000811,21665.03
LN-025487,64860.66
LN-014336,57653.96
LN-018050,43380.01
LN-026852,65078.37
LN-013738,34662.08
LN-014695,15840.71
LN-003201,1590.64
LN-027582,1394.84
LN-016703,59986.18
LN-027496,0.0
LN-020338,18560.65
LN-018440,133138.69
LN-000957,135123.99
LN-028010,193380.86
LN-026424,203207.06
LN-027458,119006.82
LN-003419,112073.21
LN-002489,96228.33
LN-002798,0.0
LN-015902,167678.08
LN-021212,93935.48
LN-026250,32212.86
LN-000347,215593.0
LN-027348,124760.27
LN-009473,80465.39
LN-020108,111.9
LN-018991,31766.47
LN-024595,74281.93
LN-028398,36242.15
LN-022842,36565.96
LN-020697,40821.63
LN-014442,59930.68
LN-000226,31229.04
LN-003468,42106.62
LN-009229,39798.46
LN-010703,31917.16
LN-024848,126629.75
LN-023496,195202.81
LN-020655,213908.14
LN-004150,159.89
LN-014299,166.37
LN-005764,14184.37
LN-010760,143222.84
LN-002023,33637.25
LN-006161,265098.13
LN-001998,29745.71
LN-015876,29875.68
LN-008383,27912.8
LN-000599,102980.08
LN-014048,159140.3
LN-022322,250667.23
LN-024626,425.65
LN-001776,66461.16
LN-027442,19039.07
LN-003046,0.0
LN-020254,139049.0
LN-003750,88662.7
LN-001059,80049.61
LN-021578,176581.51
LN-008902,50369.89
LN-014445,70270.91
LN-000498,20469.12
LN-010453,36796.1
LN-018166,154975.2
LN-022852,0.0
LN-001128,36243.2
LN-013878,15628.06
LN-012831,78546.02
LN-017851,0.0
LN-018167,9150.23
LN-001066,57498.46
LN-021081,48041.05
LN-018048,159235.88
LN-012719,107597.56
LN-029183,61330.06
LN-007141,111167.68
LN-002131,160117.92
LN-028924,53475.17
LN-020191,107723.61
LN-003995,0.0
LN-027562,37795.9
LN-017037,42059.55
LN-012858,36349.89
LN-005966,0.0
LN-026036,37332.58
LN-025192,65819.3
LN-023050,22372.87
LN-016032,91117.82
LN-018204,25422.92
LN-014534,38398.53
LN-024223,176969.51
LN-014875,215382.91
LN-020081,94404.74
LN-014762,51108.15
LN-001870,52267.82
LN-029034,32781.53
LN-005810,34107.84
LN-001170,275791.22
LN-003649,46400.59
LN-008440,86608.68
LN-006821,43919.34
LN-026296,110.68
LN-018202,64537.17
LN-024206,181380.07
LN-008813,116951.98
LN-015801,30127.63
LN-017138,68291.04
LN-006931,75240.35
LN-008787,25994.79
LN-011958,85663.25
LN-025050,310569.28
LN-001688,49318.14
LN-002670,0.0
LN-008212,24844.86
LN-024071,54124.92
LN-004127,0.0
LN-029278,16368.87
LN-013497,44098.89
LN-013731,16915.15
LN-009974,26527.57
LN-011003,0.0
LN-028864,27419.6
LN-027514,95974.21
LN-006252,139566.79
LN-011079,83574.37
LN-018771,48827.12
LN-008439,80435.26
LN-015607,12722.88
LN-012911,19742.16
LN-027605,159614.98
LN-012930,246791.34
LN-001367,0.0
LN-011378,1787.71
LN-009527,35454.0
LN-010175,84442.19
LN-005629,101286.67
LN-022791,95176.19
LN-024251,92280.56
LN-013863,45728.86
LN-016248,0.0
LN-010083,38689.39
LN-002336,0.0
LN-017524,0.0
LN-024550,86553.68
LN-006533,204512.65
LN-001496,103316.0
LN-023202,967.39
LN-019003,22411.95
LN-007796,1435.41
LN-011921,48308.35
LN-021979,194380.63
LN-004354,133727.55
LN-002754,74816.7
LN-025453,1949.03
LN-015639,11173.63
LN-000847,70938.54
LN-003540,64581.48
LN-022523,35650.12
LN-017607,0.0
LN-018514,55431.21
LN-001123,17946.45
LN-012839,65938.28
LN-021219,0.0
LN-000107,107949.92
LN-015356,239.84
LN-021203,23969.81
LN-002277,1239.46
LN-022142,121881.07
LN-027969,47980.95
LN-001632,17942.23
LN-017283,15174.21
LN-027251,188386.87
LN-010511,121615.12
LN-013331,0.0
LN-011990,29593.17
LN-022700,22534.85
LN-026974,76955.09
LN-006241,41945.39
LN-024558,141217.92
LN-004818,134.38
LN-029308,90336.18
LN-003345,46244.99
LN-012633,37037.35
LN-028540,134866.48
LN-024426,23975.21
LN-027159,92572.24
LN-023430,41940.03
LN-017860,0.0
LN-006551,57814.09
LN-015078,22878.63
LN-023098,20006.68
LN-014372,117817.43
LN-029068,32770.89
LN-015163,43011.97
LN-008807,842.23
LN-016702,70015.93
LN-002139,92577.78
LN-014287,68380.54
LN-023757,72023.43
LN-016796,43431.04
LN-010323,51406.41
LN-023764,22558.54
LN-021605,82962.01
LN-016511,35659.94
LN-013755,62617.11
LN-024739,78901.8
LN-009717,85.68
LN-006115,65295.72
LN-020016,35940.64
LN-025245,10272.04
LN-021890,27242.94
LN-018208,56599.32
LN-008848,4233.7
LN-028520,1925.43
LN-018555,51133.32
LN-006289,183422.53
LN-025308,21213.44
LN-027076,31557.27
LN-008265,166484.09
LN-007748,31742.23
LN-024505,34572.59
LN-028325,7081.86
LN-003931,0.0
LN-002524,62022.55
LN-016272,36633.87
LN-022444,103623.88
LN-016491,134056.22
LN-027634,187499.29
LN-015614,82258.98
LN-019991,31742.16
LN-020858,202713.06
LN-007563,836.8
LN-014911,56330.65
LN-025644,695.31
LN-019284,26706.23
LN-013776,31.51
LN-001510,109467.53
LN-005183,38912.34
LN-001202,10513.28
LN-005685,752.73
LN-009482,94056.84
LN-017409,0.0
LN-022065,28296.37
LN-027087,9402.81
LN-016299,113338.1
LN-024479,49637.21
LN-008572,23167.14
LN-004688,66171.52
LN-004941,133.15
LN-004232,39838.92
LN-001844,35277.54
LN-024734,70124.63
LN-014758,168455.31
LN-027412,54086.31
LN-026820,135666.29
LN-010337,0.0
LN-001213,229266.92
LN-006042,230204.95
LN-013826,71215.43
LN-024817,8548.81
LN-001296,20451.73
LN-016910,68506.42
LN-019715,30808.72
LN-002442,52589.34
LN-023399,87983.44
LN-026335,111541.93
LN-001064,237577.98
LN-014464,80149.64
LN-008515,111434.1
LN-026720,66195.92
LN-015164,176057.26
LN-007732,43073.69
LN-008381,134714.34
LN-013551,29128.29
LN-022684,22902.44
LN-011227,46405.5
LN-021656,217461.34
LN-023330,41583.0
LN-028631,34164.82
LN-012232,51327.99
LN-014943,355856.08
LN-024579,49579.7
LN-019192,35526.05
LN-007633,121198.59
LN-015176,154798.52
LN-004901,148923.11
LN-005129,1360.67
LN-007451,108195.75
LN-025549,112007.94
LN-023372,122038.78
LN-017140,157159.92
LN-025417,38131.66
LN-022877,16196.69
LN-026596,21562.6
LN-014530,407.71
LN-017650,123035.25
LN-006232,0.0
LN-015777,23430.54
LN-002204,143734.54
LN-002526,53553.37
LN-002703,28152.52
LN-022821,90038.23
LN-004582,41802.0
LN-011383,30068.89
LN-008355,7080.43
LN-005427,92493.42
LN-010519,57445.12
LN-000931,268195.3
LN-023708,48530.69
LN-015606,117829.99
LN-010847,31577.99
LN-002744,71610.94
LN-018045,2102.51
LN-015141,0.0
LN-020686,57350.26
LN-009529,439.11
LN-020334,138793.03
LN-013527,0.0
LN-008402,42645.56
LN-016545,0.0
LN-023638,0.0
LN-014533,28506.3
LN-016963,26731.21
LN-027622,97452.4
LN-022787,102471.75
LN-000019,0.0
LN-007825,40882.63
LN-025468,58003.64
LN-005595,270423.21
LN-013561,96465.26
LN-009773,82174.55
LN-026469,175768.91
LN-005057,154959.76
LN-021045,89164.26
LN-027616,18402.59
LN-014610,18960.04
LN-009078,19138.98
LN-010740,31884.54
LN-008852,147465.59
LN-000068,148213.59
LN-024004,74355.48
LN-004532,0.0
LN-011679,60415.48
LN-006073,0.0
LN-006055,131912.9
LN-025044,38679.75
LN-016993,32936.67
LN-024733,57734.23
LN-022685,105123.28
LN-021959,87227.94
LN-000016,75779.91
LN-019829,85241.85
LN-013499,0.0
LN-003338,57943.76
LN-020042,119262.71
LN-023692,72088.66
LN-017868,64642.78
LN-005226,203716.63
LN-011833,76764.62
LN-007548,76805.76
LN-012140,1270.56
LN-021486,601.58
LN-024049,2904.54
LN-002831,35349.73
LN-003598,7161.51
LN-012491,160718.34
LN-003429,77468.61
LN-014002,19103.5
LN-013154,117881.48
LN-003096,40661.05
LN-019672,63652.47
LN-026925,93657.75
LN-018363,201216.1
LN-019475,46841.11
LN-025237,50109.76
LN-024844,77883.28
LN-009275,98346.2
LN-001823,43842.9
LN-005766,85974.43
LN-012112,49267.55
LN-023273,20795.25
LN-016586,142582.29
LN-019319,78398.94
LN-016146,34633.28
LN-015715,34177.34
LN-003378,25966.95
LN-005161,26899.63
LN-007469,45277.67
LN-028867,25857.07
LN-018671,128.57
LN-023556,105611.05
LN-013829,0.0
LN-000780,0.0
LN-014931,139924.76
LN-006014,35360.46
LN-002625,21306.17
LN-026663,36898.38
LN-007297,491.14
LN-025035,33962.88
LN-015368,93594.63
LN-014241,17208.37
LN-011295,27581.69
LN-028797,75609.92
LN-005292,67334.61
LN-012093,39217.29
LN-026990,189764.45
LN-005186,44561.47
LN-017571,0.0
LN-004975,55292.24
LN-008497,17511.39
LN-014964,30981.93
LN-011523,25102.17
LN-017384,21077.82
LN-000710,47254.25
LN-019169,9364.92
LN-012742,94423.28
LN-019773,148117.14
LN-022549,137270.79
LN-015727,30606.21
LN-018919,49449.3
LN-022899,17945.45
LN-025200,70412.33
LN-006088,40276.0
LN-004915,67154.96
LN-003628,33282.14
LN-014140,83889.49
LN-002907,0.0
LN-017751,190529.45
LN-007273,102658.15
LN-010905,42197.76
LN-005967,192003.03
LN-027802,38208.66
LN-019408,0.0
LN-003476,0.0
LN-000910,41174.54
LN-022023,0.0
LN-007589,40337.23
LN-000313,131116.98
LN-004859,141249.38
LN-021693,81894.92
LN-006891,104917.96
LN-018427,59706.06
LN-007363,107096.84
LN-019060,144691.99
LN-008974,33625.83
LN-024132,78116.98
LN-029296,89930.11
LN-015612,48025.53
LN-029271,8536.59
LN-005908,63722.71
LN-013939,41050.47
LN-010243,55221.35
LN-014334,112731.79
LN-014739,54309.07
LN-000241,156590.33
LN-024636,77959.7
LN-008996,226909.28
LN-018778,105968.24
LN-022552,29494.85
LN-008681,130482.53
LN-010459,41427.05
LN-023024,257062.33
LN-012299,70604.92
LN-021863,74285.39
LN-025579,57690.09
LN-016406,53370.8
LN-008945,910.4
LN-015819,32075.19
LN-006303,86085.84
LN-000999,95094.82
LN-014443,45431.06
LN-024181,154608.33
LN-010153,71087.22
LN-003955,67205.29
LN-004671,64250.66
LN-002986,138369.54
LN-009282,141054.61
LN-004738,39554.66
LN-005559,182033.64
LN-027425,30251.29
LN-024023,56593.29
LN-015887,36623.25
LN-009968,132089.88
LN-028673,90634.64
LN-023167,0.0
LN-026549,0.0
LN-003089,23311.63
LN-026848,22154.84
LN-029151,38577.49
LN-010005,207601.12
LN-002724,20083.57
LN-002794,47203.55
LN-002422,0.0
LN-008249,33881.78
LN-012324,38788.09
LN-018491,159.89
LN-005369,131170.3
LN-005217,191406.18
LN-025663,342.77
LN-002067,35253.15
LN-011619,134703.35
LN-025783,21008.43
LN-022793,90805.38
LN-017366,416862.02
LN-018043,139783.89
LN-015709,0.0
LN-016785,27783.19
LN-026041,82556.95
LN-014333,0.0
LN-015450,125409.84
LN-021898,131580.61
LN-003833,149627.24
LN-006125,62464.96
LN-020073,0.0
LN-007955,172373.12
LN-017052,128649.66
LN-015156,113016.78
LN-014929,169889.27
LN-002740,188751.68
LN-012794,0.0
LN-024597,28891.8
LN-023711,50538.61
LN-006318,35337.45
LN-022859,83631.48
LN-005401,60735.76
LN-009379,48083.59
LN-021179,148204.87
LN-004299,0.0
LN-025836,52667.4
LN-016650,32307.93
LN-016446,0.0
LN-016376,99533.33
LN-024359,93452.83
LN-001166,152636.83
LN-007079,0.0
LN-006796,401.59
LN-027966,76881.72
LN-007201,213082.32
LN-000506,29459.5
LN-009997,41024.96
LN-011054,34507.9
LN-009557,94218.4
LN-012709,0.0
LN-010722,129124.72
LN-023690,62735.15
LN-017065,20547.77
LN-018865,90095.4
LN-028152,97604.42
LN-024814,25626.17
LN-025755,75047.51
LN-009585,80267.68
LN-017670,36318.25
LN-011734,6437.06
LN-024747,88080.43
LN-016043,26193.16
LN-008510,191929.9
LN-021927,75528.42
LN-012809,79873.22
LN-021681,60812.15
LN-021902,50167.98
LN-003485,82878.71
LN-004155,87043.56
LN-021314,9450.04
LN-004750,124677.34
LN-006279,35368.54
LN-008508,102267.31
LN-028368,26398.39
LN-015712,20807.1
LN-025491,73633.19
LN-000636,25954.97
LN-015305,20726.13
LN-009812,150.68
LN-015239,183541.35
LN-025498,84129.37
LN-024255,203708.76
LN-008041,232134.27
LN-017387,0.0
LN-002610,58434.78
LN-004929,0.0
LN-000746,117190.32
LN-002497,218574.59
LN-025040,141278.54
LN-006444,185588.28
LN-002658,46707.65
LN-006921,0.0
LN-023322,0.0
LN-017025,78457.93
LN-023742,110095.61
LN-017125,20804.02
LN-006529,0.0
LN-009457,160520.53
LN-008599,10192.21
LN-011138,46584.68
LN-029121,70518.16
LN-021635,16861.28
LN-005328,39750.31
LN-009326,65661.82
LN-001143,99276.39
LN-025135,247728.87
LN-025879,136995.17
LN-006628,26495.32
LN-005042,154013.32
LN-025872,279274.1
LN-008575,36768.9
LN-022769,18084.89
LN-026237,1678.49
LN-001316,193047.53
LN-012598,73441.91
LN-022083,51356.21
LN-024120,73589.6
LN-006384,23654.19
LN-006282,79336.91
LN-023854,18810.86
LN-024746,0.0
LN-001588,258410.84
LN-005421,35287.89
LN-017963,245.27
LN-024884,44227.59
LN-012485,144579.71
LN-023224,96243.44
LN-014574,52790.55
LN-011784,76815.65
LN-013663,166140.19
LN-002274,10778.02
LN-018219,34514.81
LN-011670,0.0
LN-025570,117753.17
LN-022897,5825.55
LN-020489,75736.5
LN-027147,168932.47
LN-001443,59149.1
LN-010218,20563.45
LN-022237,14626.19
LN-015429,132940.04
LN-027307,137491.31
LN-018370,23955.02
LN-000118,0.0
LN-013529,127987.25
LN-014461,65957.74
LN-018449,25020.14
LN-002368,24327.56
LN-016003,25727.75
LN-022651,137423.92
LN-019431,28935.13
LN-015653,74750.67
LN-004012,332.51
LN-016850,115634.12
LN-013289,100278.51
LN-013682,64144.64
LN-020596,90713.47
LN-023487,77464.18
LN-016529,25261.01
LN-002588,41488.45
LN-025258,44655.11
LN-019729,82250.31
LN-006994,72057.2
LN-027837,32655.2
LN-008395,75718.46
LN-026215,3006.97
LN-017174,194246.37
LN-026092,169158.9
LN-020511,128848.79
LN-013270,34924.92
LN-009647,67041.41
LN-005507,243986.97
LN-010816,103868.08
LN-004292,102036.95
LN-028941,177562.95
LN-017760,191.49
LN-020779,191053.7
LN-002843,77410.01
LN-009383,80400.44
LN-016447,13291.2
LN-005152,33673.35
LN-025188,97115.99
LN-009186,136441.28
LN-020082,122135.96
LN-011183,79728.26
LN-010796,232004.19
LN-014182,49850.46
LN-024240,124399.98
LN-003615,59172.82
LN-010378,72149.33
LN-008478,129732.34
LN-028954,43271.51
LN-028788,40457.95
LN-011029,74.47
LN-023964,89934.23
LN-028611,31701.87
LN-011746,93546.62
LN-017311,6755.76
LN-000683,62291.46
LN-017451,0.0
LN-022495,24219.06
LN-015151,60678.96
LN-027028,85558.11
LN-006790,41384.6
LN-015371,68461.39
LN-015550,94228.77
LN-013194,92733.81
LN-025925,2820.63
LN-000105,156884.31
LN-025049,1393.43
LN-014393,104.61
LN-013375,20696.54
LN-010931,0.0
LN-013613,46084.99
LN-026114,209123.39
LN-004235,56237.81
LN-019026,107882.89
LN-009359,49820.39
LN-012266,94538.32
LN-016209,36099.81
LN-018716,65832.41
LN-024074,131386.69
LN-007920,161696.02
LN-024421,90303.79
LN-012062,41970.07
LN-008970,150372.55
LN-016775,32262.36
LN-015758,29020.75
LN-005716,35561.5
LN-022230,66221.18
LN-018858,189476.76
LN-028057,32186.19
LN-007072,74449.46
LN-026901,140142.56
LN-006776,66145.55
LN-022021,11630.17
LN-008856,194637.66
LN-009459,23393.71
LN-000597,37683.66
LN-021008,41515.08
LN-011863,74119.28
LN-028051,36237.29
LN-002930,66764.65
LN-029048,181385.78
LN-020613,59221.17
LN-011551,65262.71
LN-027663,118475.44
LN-014240,97462.12
LN-016106,107211.71
LN-015950,204.23
LN-002990,139011.81
LN-018298,44612.77
LN-023873,37494.42
LN-007291,39601.97
LN-013542,245.27
LN-011565,114501.33
LN-004916,23360.91
LN-014391,1829.69
LN-023595,26628.36
LN-020425,41042.94
LN-013062,20739.79
LN-019934,126498.55
LN-014420,37669.95
LN-024917,33366.15
LN-028926,118457.66
LN-006084,47236.55
LN-022610,78334.78
LN-027797,0.0
LN-025303,108063.2
LN-029146,234288.93
LN-014279,76893.96
LN-017696,123974.08
LN-026321,40139.71
LN-010607,111246.99
LN-001821,38406.93
LN-023318,109032.82
LN-006523,81062.57
LN-026496,35423.52
LN-020933,34610.93
LN-004050,0.0
LN-002760,17092.28
LN-020592,775.92
LN-018588,94465.57
LN-000431,119232.05
LN-000163,100485.43
LN-011959,140531.59
LN-012630,0.0
LN-014822,54409.01
LN-027239,45831.83
LN-003275,45028.21
LN-007833,27262.26
LN-003376,19704.59
LN-012467,71076.76
LN-019805,41322.68
LN-004213,61911.92
LN-016506,29500.58
LN-024365,16233.03
LN-026437,538.85
LN-014909,20173.76
LN-024980,86773.97
LN-027165,138956.25
LN-004253,38765.53
LN-001374,87343.35
LN-011937,75405.97
LN-020155,0.0
LN-011590,36341.44
LN-023670,19991.01
LN-024207,168311.98
LN-013013,106634.2
LN-027218,91581.29
LN-018340,126081.89
LN-010712,85534.54
LN-004816,22489.69
LN-011493,80484.37
LN-019081,89040.46
LN-009303,89789.95
LN-020691,60333.4
LN-002749,42162.64
LN-017079,64813.8
LN-028604,89935.16
LN-007214,81707.53
LN-027947,0.0
LN-025566,20036.65
LN-002071,0.0
LN-006172,96086.87
LN-015496,1054.78
LN-007651,38237.84
LN-006601,96888.87
LN-011293,75133.38
LN-008377,127581.24
LN-002717,174323.87
LN-009307,71577.29
LN-017752,57420.07
LN-001958,1245.54
LN-022125,172613.73
LN-002797,0.0
LN-012002,172906.09
LN-002384,69060.78
LN-021563,76886.53
LN-009368,0.0
LN-016706,144325.67
LN-009540,82027.25
LN-017092,110675.25
LN-024902,12834.94
LN-008429,55462.91
LN-015486,87027.48
LN-013213,98754.9
LN-019280,72049.77
LN-012559,205899.86
LN-026231,58286.09
LN-000613,587.11
LN-009296,44778.87
LN-027830,2151.2
LN-022711,238329.52
LN-018692,59426.41
LN-012273,49184.98
LN-007280,91829.25
LN-019892,24003.17
LN-023793,81.57
LN-025021,53274.48
LN-011511,106196.5
LN-019683,56842.36
LN-007770,70155.91
LN-025683,2866.11
LN-028409,1047.04
LN-017979,73847.69
LN-014504,60734.1
LN-013474,41518.5
LN-006063,0.0
LN-006186,37056.24
LN-017816,33908.55
LN-010970,59043.6
LN-028142,85413.74
LN-002911,13717.64
LN-005601,129098.71
LN-008878,27.75
LN-005028,110634.28
LN-027114,32678.25
LN-000261,5585.63
LN-005309,61780.63
LN-026796,0.0
LN-025519,73362.09
LN-019345,95875.11
LN-023280,226875.95
LN-029105,34708.24
LN-026086,130747.93
LN-021267,139302.75
LN-018817,30363.38
LN-001646,21708.16
LN-004590,29885.57
LN-005608,0.0
LN-020527,28667.2
LN-018697,324357.4
LN-000023,48958.9
LN-005433,66769.89
LN-012120,31882.16
LN-021030,142979.78
LN-027313,127754.81
LN-008138,64152.51
LN-025451,137263.06
LN-004421,0.0
LN-002800,20605.71
LN-009092,25384.19
LN-025276,41904.78
LN-019115,17458.69
LN-003822,391785.68
LN-009334,39314.77
LN-007760,679.99
LN-022912,39195.89
LN-020062,24084.24
LN-007320,56778.81
LN-017946,21814.31
LN-004119,0.0
LN-015383,1364.63
LN-014573,31895.37
LN-007970,120420.81
LN-001487,29922.13
LN-023765,35485.84
LN-028786,84850.64
LN-014029,1476.79
LN-007728,16986.8
LN-008736,21984.51
LN-011231,64328.73
LN-006426,38358.9
LN-024622,0.0
LN-016116,61529.72
LN-006827,185110.9
LN-022463,78355.82
LN-001615,34857.53
LN-021073,31318.32
LN-000036,153971.27
LN-014191,190536.25
LN-002731,163284.33
LN-026558,183317.18
LN-008881,1912.92
LN-024162,47950.38
LN-018321,132202.07
LN-008070,63986.7
LN-010526,16846.84
LN-004972,44779.07
LN-028123,62832.61
LN-009048,95676.17
LN-017318,218093.35
LN-021732,73787.34
LN-028407,0.0
LN-003454,0.0
LN-005340,1568.63
LN-005031,62932.32
LN-003829,54632.99
LN-018763,93561.85
LN-028978,118176.99
LN-006577,0.0
LN-028179,173958.63
LN-010353,147408.45
LN-002881,199860.26
LN-022013,101467.69
LN-007827,158585.71
LN-023724,73040.06
LN-016359,168167.25
LN-028078,135281.88
LN-005185,73492.98
LN-012488,43021.26
LN-024866,107675.83
LN-010580,2184.56
LN-028654,40340.73
LN-016265,33959.33
LN-010418,80726.29
LN-005545,79471.74
LN-009782,70860.16
LN-013191,303330.74
LN-014081,0.0
LN-009496,53150.37
LN-015323,100633.47
LN-016327,208913.89
LN-008991,0.0
LN-013323,39516.97
LN-009050,35323.88
LN-012421,97840.23
LN-008114,51633.0
LN-015076,88453.98
LN-028615,2778.36
LN-015895,62260.69
LN-006375,0.0
LN-010130,118002.7
LN-026018,2567.33
LN-008369,22947.55
LN-016083,79980.27
LN-012891,72999.86
LN-020395,54009.25
LN-005467,69830.04
LN-023737,113541.5
LN-020595,105843.71
LN-011566,0.0
LN-024021,143684.37
LN-006177,0.0
LN-010010,22727.65
LN-008099,46895.71
LN-024938,173390.81
LN-010473,5856.58
LN-006023,1134.21
LN-017877,0.0
LN-019369,129581.87
LN-020302,86178.69
LN-000632,363.11
LN-004805,86173.49
LN-019714,13633.96
LN-004396,271554.97
LN-010229,40625.08
LN-026996,40306.44
LN-026863,144121.25
LN-006726,67486.98
LN-003657,44606.75
LN-001145,1126.82
LN-011648,115329.15
LN-006530,106106.46
LN-008157,123966.35
LN-005082,72358.41
LN-003415,141183.81
LN-000119,100205.12
LN-020370,46466.87
LN-015682,48117.38
LN-013460,42.39
LN-012219,0.0
LN-019613,151592.62
LN-016553,0.0
LN-018664,101539.54
LN-005392,0.0
LN-023291,0.0
LN-014678,221863.5
LN-020646,13481.97
LN-020446,24842.93
LN-001952,98.03
LN-011749,62690.68
LN-004967,90343.24
LN-018438,38643.91
LN-007193,38205.9
LN-015684,90550.56
LN-023112,136797.72
LN-027130,37431.86
LN-009430,0.0
LN-009366,2174.91
LN-025977,30167.04
LN-027813,68921.22
LN-013780,737.81
LN-010838,79211.57
LN-005036,49916.92
LN-013577,38601.76
LN-000475,131691.29
LN-022218,59187.54
LN-007798,332.51
LN-016576,116031.79
LN-005710,209446.14
LN-029106,17301.64
LN-012091,167051.55
LN-020617,190532.81
LN-005362,174651.86
LN-007483,42339.95
LN-003601,1438.18
LN-014078,4751.87
LN-016799,72905.26
LN-001910,67779.66
LN-018004,30276.18
LN-018691,220431.8
LN-014244,0.0
LN-024263,2753.12
LN-003209,85267.14
LN-002820,191659.04
LN-024765,72011.87
LN-018894,151848.66
LN-022258,0.0
LN-016326,76612.71
LN-018231,100345.04
LN-026696,2141.69
LN-013690,97616.08
LN-024718,63604.53
LN-017740,0.0
LN-009054,0.0
LN-017610,46262.96
LN-028651,191121.04
LN-000046,93905.04
LN-008203,58735.06
LN-027148,88983.58
LN-020559,75038.64
LN-000074,107712.02
LN-003217,51391.28
LN-024143,43930.84
LN-014526,64.07
LN-026363,47706.45
LN-013988,83181.2
LN-010461,0.0
LN-016863,28773.4
LN-003174,110351.57
LN-016462,195276.04
LN-024414,44464.93
LN-017044,30426.28
LN-014284,51550.8
LN-028534,58135.32
LN-028563,0.0
LN-002199,112614.66
LN-021370,62717.54
LN-020776,83471.95
LN-026451,67912.45
LN-010161,280471.39
LN-021276,30355.94
LN-022206,58324.8
LN-018889,316444.74
LN-013918,0.0
LN-001919,94031.76
LN-024279,70283.0
LN-002416,25498.98
LN-018505,174385.49
LN-012039,179861.16
LN-007474,161406.78
LN-026338,13732.53
LN-005573,263627.81
LN-014255,45655.92
LN-020407,27974.9
LN-024950,170463.23
LN-010410,65449.08
LN-024080,101942.83
LN-002282,181355.88
LN-021719,87690.78
LN-004110,38435.58
LN-016630,21600.98
LN-015956,59236.16
LN-024544,0.0
LN-001265,78687.21
LN-016852,77544.75
LN-024302,84298.6
LN-013986,48562.17
LN-012385,0.0
LN-018013,117122.35
LN-014599,142.17
LN-027001,219479.75
LN-008901,119502.95
LN-000730,0.0
LN-005928,42869.49
LN-020772,251682.46
LN-000053,17942.82
LN-013771,155637.36
LN-017883,40424.41
LN-016638,101171.18
LN-007925,110605.34
LN-026949,0.0
LN-007278,4651.55
LN-011343,75679.03
LN-025229,18591.89
LN-014205,149179.55
LN-011713,46055.35
LN-022445,44197.8
LN-021305,0.0
LN-001137,60537.17
LN-012407,60639.85
LN-002677,101224.01
LN-008368,21305.76
LN-021242,190106.4
LN-009543,87128.46
LN-008838,92989.21
LN-021414,111222.21
LN-000831,67006.81
LN-018886,83665.06
LN-015896,173735.75
LN-019474,99553.27
LN-017170,102703.84
LN-024332,173073.44
LN-007355,88278.57
LN-005543,108.42
LN-017189,49176.17
LN-006644,16321.61
LN-020677,0.0
LN-002672,58539.56
LN-001718,64287.19
LN-028535,42777.58
LN-025654,85043.3
LN-002380,206999.76
LN-012606,4189.39
LN-015538,64865.42
LN-005609,136833.78
LN-001385,47024.49
LN-023780,116513.1
LN-018666,100699.02
LN-023228,66944.53
LN-016853,43950.55
LN-001948,0.0
LN-025102,709.34
LN-014337,350552.54
LN-018083,87250.91
LN-020208,2360.57
LN-012406,37622.41
LN-017323,94052.97
LN-004551,76919.53
LN-013327,71694.44
LN-012349,73151.63
LN-009621,0.0
LN-013847,140304.28
LN-026236,69803.67
LN-013519,148684.85
LN-009524,99986.52
LN-009772,75118.9
LN-005279,137581.17
LN-015331,70756.64
LN-001026,0.0
LN-025785,8247.02
LN-014654,78935.55
LN-020581,0.0
LN-002046,24897.17
LN-009570,149964.35
LN-019657,141.31
LN-027181,75098.31
LN-014763,145635.39
LN-026965,23752.03
LN-020672,70346.62
LN-019427,0.0
LN-003737,150084.04
LN-020731,7535.9
LN-015241,78046.64
LN-024184,253186.62
LN-004010,100825.76
LN-011064,90445.48
LN-001536,34585.45
LN-019930,1321.19
LN-008777,33623.53
LN-008726,13230.14
LN-005521,84096.56
LN-018901,141144.53
LN-029287,12629.78
LN-010805,0.0
LN-019667,0.0
LN-006597,56580.22
LN-016478,108786.63
LN-017735,76640.78
LN-002205,163871.19
LN-023212,71672.93
LN-022250,322255.69
LN-013703,59942.63
LN-021493,100558.21
LN-016525,232853.43
LN-024981,144349.51
LN-007097,192.3
LN-002947,138121.08
LN-002829,72307.95
LN-010649,137943.01
LN-025142,0.0
LN-020522,89744.83
LN-028860,122397.26
LN-012359,139791.34
LN-013846,58296.6
LN-021393,65850.82
LN-005380,41091.0
LN-017750,84145.65
LN-019980,58107.4
LN-016402,43758.48
LN-014093,171545.57
LN-023439,84274.25
LN-015005,142883.89
LN-013411,103886.54
LN-019493,13573.55
LN-023242,2986.82
LN-015692,0.0
LN-018318,20244.24
LN-025771,41935.8
LN-024581,30604.14
LN-011506,128378.16
LN-002355,203190.33
LN-010966,41224.95
LN-014247,131281.62
LN-015066,129983.34
LN-004114,196866.64
LN-012393,39048.01
LN-011268,42251.61
LN-003892,0.0
LN-026328,114988.96
LN-023785,17594.14
LN-013296,92441.08
LN-011728,213915.92
LN-009163,0.0
LN-014025,0.0
LN-015925,81450.44
LN-015808,33474.58
LN-026141,123591.79
LN-010765,25252.6
LN-021327,777.66
LN-006308,186513.37
LN-006967,340297.16
LN-007665,2070.15
LN-011236,51320.44
LN-005296,65060.66
LN-013695,157533.72
LN-014669,66162.71
LN-018681,70049.46
LN-008112,74524.2
LN-006405,82957.75
LN-025756,78774.55
LN-012227,239.84
LN-027623,139383.37
LN-010490,0.0
LN-000364,84331.38
LN-015829,27419.72
LN-000951,60.0
LN-010431,21460.94
LN-020219,24807.8
LN-026477,0.0
LN-002964,90730.13
LN-023065,76105.67
LN-022071,37838.04
LN-007523,0.0
LN-028516,0.0
LN-028783,4948.96
LN-000305,186359.84
LN-018379,0.0
LN-029182,133912.8
LN-008362,24509.71
LN-001033,70577.49
LN-010642,58693.6
LN-011466,64500.42
LN-000182,92285.21
LN-006750,109403.19
LN-006440,54947.02
LN-025233,0.0
LN-015215,45309.43
LN-001373,119660.83
LN-018393,114011.65
LN-008987,97125.14
LN-025995,13342.09
LN-027985,33112.99
LN-009380,176918.3
LN-027868,93495.16
LN-000561,0.0
LN-026868,109.24
LN-008715,0.0
LN-003208,26346.64
LN-013670,162212.53
LN-015399,151523.44
LN-005357,44891.84
LN-026545,951.61
LN-024006,32111.97
LN-013689,228625.85
LN-022079,79194.04
LN-002181,69053.94
LN-028376,130347.44
LN-025921,0.0
LN-008712,121306.43
LN-012492,0.0
LN-022520,96040.38
LN-023891,1349.0
LN-029282,0.0
LN-004410,84104.4
LN-005652,185151.11
LN-024215,226291.45
LN-011174,84289.87
LN-024465,0.0
LN-012821,51264.74
LN-022544,3667.45
LN-021727,0.0
LN-001558,233740.11
LN-008452,163756.08
LN-029086,35971.07
LN-024037,732.45
LN-016137,67217.53
LN-023146,47948.57
LN-009468,30297.9
LN-025341,47039.38
LN-009105,80790.15
LN-003662,45745.19
LN-024374,69234.43
LN-007389,0.0
LN-025725,0.0
LN-002594,21245.8
LN-011647,67826.84
LN-021400,117314.98
LN-019202,27914.02
LN-001597,104849.56
LN-026373,47717.05
LN-026896,229688.42
LN-013891,61164.64
LN-021630,23708.94
LN-008771,2211.47
LN-022219,125468.94
LN-017177,146296.2
LN-016781,144.3
LN-001560,51595.61
LN-022760,74427.83
LN-008176,0.0
LN-010050,64836.26
LN-008079,61843.16
LN-013125,9812.36
LN-013864,57308.72
LN-028052,665.01
LN-014058,52247.45
LN-009090,172343.82
LN-006968,26487.5
LN-000494,75082.56
LN-002757,49256.42
LN-023641,0.0
LN-000885,92460.0
LN-001669,422.11
LN-014165,0.0
LN-012040,0.0
LN-012424,113270.22
LN-017683,75545.51
LN-004799,80209.65
LN-009283,10543.55
LN-001426,90314.36
LN-000484,91731.52
LN-017108,245666.94
LN-021234,122332.76
LN-014488,161415.99
LN-019609,103878.77
LN-014838,166222.3
LN-004535,118692.45
LN-019578,18504.43
LN-027930,244989.36
LN-008571,36545.17
LN-025542,73335.97
LN-003178,98846.38
LN-005488,48414.43
LN-015722,70669.34
LN-010795,25793.81
LN-011424,39859.05
LN-000011,195414.79
LN-020914,47463.21
LN-028366,143278.45
LN-018437,100221.0
LN-006024,29699.12
LN-008607,34443.67
LN-013271,103718.57
LN-019447,178194.81
LN-020060,79981.65
LN-019975,73815.68
LN-020823,46932.93
LN-022580,55591.91
LN-001881,59411.17
LN-023718,48756.31
LN-027176,57106.95
LN-007826,159.89
LN-002134,65204.59
LN-029029,54.11
LN-025536,96758.15
LN-007477,36562.83
LN-015899,0.0
LN-023974,76748.96
LN-015942,73222.11
LN-003352,68501.3
LN-018275,190162.53
LN-016448,49340.65
LN-007559,0.0
LN-012437,0.0
LN-007621,85445.04
LN-028626,29732.2
LN-001658,21666.35
LN-019690,0.0
LN-021946,44059.11
LN-002657,17810.9
LN-028498,31118.46
LN-009517,100644.71
LN-021170,181604.53
LN-000473,133724.19
LN-021892,245168.55
LN-014320,107229.92
LN-013586,39874.59
LN-020094,0.0
LN-008118,140265.73
LN-012077,33035.52
LN-015203,215142.09
LN-027449,102366.7
LN-005974,281161.0
LN-010315,116946.75
LN-009858,0.0
LN-001690,96372.58
LN-021200,96952.0
LN-026576,208629.44
LN-022329,207873.88
LN-014487,219627.11
LN-019198,38187.19
LN-025113,84815.62
LN-021930,36924.02
LN-013058,79077.19
LN-003733,27767.63
LN-004817,100810.14
LN-023082,0.0
LN-010332,126006.6
LN-002895,49689.66
LN-008727,215814.15
LN-014742,86725.43
LN-021769,109528.33
LN-006777,77308.29
LN-013326,104648.1
LN-015032,19494.7
LN-021879,40222.73
LN-024741,159433.8
LN-025186,35918.64
LN-010301,34739.59
LN-025173,0.0
LN-004175,6375.31
LN-002055,0.0
LN-023214,33278.76
LN-026679,144780.3
LN-022141,31310.87
LN-012469,99674.25
LN-007261,76379.79
LN-010147,56761.0
LN-024903,94819.25
LN-001450,89803.59
LN-010579,53082.72
LN-002660,129528.57
LN-026922,62302.61
LN-024774,60583.94
LN-019735,113451.76
LN-012546,96144.53
LN-023194,32257.35
LN-016370,1247.31
LN-003819,39349.67
LN-003890,19307.22
LN-023086,105887.33
LN-025923,107432.78
LN-016429,99355.91
LN-010481,12915.43
LN-011059,0.0
LN-024576,101548.35
LN-029263,86085.19
LN-022777,155559.72
LN-018450,26900.92
LN-023649,18006.38
LN-011492,21476.13
LN-008743,0.0
LN-021964,79365.7
LN-016283,134548.37
LN-020310,33130.98
LN-022907,1868.51
LN-028853,42782.61
LN-022646,1529.79
LN-001100,33638.42
LN-024891,85741.44
LN-015647,3594.98
LN-000320,0.0
LN-022639,37056.16
LN-025411,15669.25
LN-009559,104708.72
LN-009513,74412.05
LN-004506,86826.67
LN-008424,28486.98
LN-006677,34160.82
LN-003611,18771.43
LN-025637,55837.99
LN-025165,0.0
LN-000282,70601.6
LN-012549,14264.49
LN-022553,45094.74
LN-019105,122812.82
LN-003793,38274.02
LN-012073,40020.4
LN-028259,18418.92
LN-007140,30731.48
LN-002883,47615.17
LN-012939,92136.93
LN-003104,207.87
LN-025769,129861.24
LN-015536,84463.2
LN-002249,94263.99
LN-020397,158480.75
LN-003212,89227.4
LN-022019,18186.47
LN-022564,148969.66
LN-025359,38250.66
LN-004498,26317.73
LN-026614,0.0
LN-000179,32386.93
LN-017691,31108.39
LN-004921,0.0
LN-013978,140377.63
LN-005612,26904.1
LN-028190,125865.04
LN-008806,20375.29
LN-021623,50460.8
LN-015254,20395.28
LN-025289,78987.97
LN-023100,75065.84
LN-021553,72125.88
LN-003524,345384.38
LN-025941,0.0
LN-015627,172488.18
LN-023010,142111.34
LN-011199,40304.36
LN-005871,36342.45
LN-020804,73558.62
LN-011707,141108.63
LN-023843,23826.38
LN-010743,26714.04
LN-025987,81356.46
LN-016391,126511.94
LN-002376,78156.24
LN-026815,138676.6
LN-026978,168044.17
LN-023948,61489.18
LN-001866,181926.41
LN-022053,0.0
LN-005202,225154.94
LN-009895,23070.52
LN-004705,93444.97
LN-019495,33871.34
LN-019817,51787.93
LN-007584,67700.31
LN-020508,40034.91
LN-002237,24086.45
LN-008691,115046.79
LN-002330,33033.48
LN-010834,37058.28
LN-002643,61816.64
LN-028354,95288.0
LN-001262,0.0
LN-028821,36475.45
LN-007986,111623.54
LN-015452,66550.82
LN-022138,61456.51
LN-001867,65645.74
LN-025557,72969.48
LN-019564,540.19
LN-024889,125232.71
LN-008982,37256.58
LN-019573,24681.9
LN-018521,14455.9
LN-005642,128764.93
LN-010362,285.49
LN-020512,0.0
LN-027330,0.0
LN-002860,26641.02
LN-022480,0.0
LN-009645,52806.82
LN-000630,208465.22
LN-027436,50089.83
LN-016333,72796.37
LN-019911,55531.19
LN-003667,43193.24
LN-015519,173212.16
LN-021331,58032.22
LN-021794,129572.65
LN-016667,2160.94
LN-012443,168048.42
LN-014892,57945.92
LN-020880,59144.02
LN-015766,3316.43
LN-020554,74637.39
LN-024325,94466.47
LN-010893,53396.22
LN-004565,70082.3
LN-027325,121702.7
LN-002431,7643.0
LN-019441,140055.23
LN-003038,25911.29
LN-000956,199217.2
LN-011344,58815.78
LN-000526,0.0
LN-024992,49808.1
LN-000661,10032.77
LN-007138,105735.72
LN-015473,77043.43
LN-022126,64527.05
LN-018845,68931.68
LN-008904,34.13
LN-022359,0.0
LN-019444,127929.51
LN-010768,186757.06
LN-021715,69323.31
LN-012768,77296.9
LN-029283,22077.03
LN-011322,125124.49
LN-022151,13830.56
LN-027653,21668.14
LN-024423,166.25
LN-018953,27392.95
LN-001854,0.0
LN-017270,91551.41
LN-012530,8576.29
LN-013101,207214.09
LN-011605,82555.85
LN-008842,31219.57
LN-003618,207092.43
LN-004129,162709.51
LN-026386,30211.28
LN-018182,135227.05
LN-003329,30915.58
LN-025958,13847.23
LN-004338,73266.82
LN-023521,68697.25
LN-006039,35051.87
LN-015599,32878.44
LN-019661,153789.81
LN-006138,864.27
LN-020828,0.0
LN-009641,76018.74
LN-022507,99310.49
LN-019932,0.0
LN-028669,21770.84
LN-000195,37910.52
LN-003139,12668.37
LN-015085,96456.4
LN-015558,0.0
LN-000991,41002.45
LN-022059,46719.14
LN-022342,12633.71
LN-011676,157101.81
LN-008851,138075.46
LN-019579,187148.47
LN-007680,0.0
LN-007165,0.0
LN-010525,43136.01
LN-024256,92495.99
LN-005755,25315.41
LN-026375,74828.77
LN-022318,103717.24
LN-009264,97758.32
LN-020447,109691.54
LN-016810,87847.61
LN-011432,29183.84
LN-005413,546.35
LN-015248,174716.59
LN-002856,124060.43
LN-008606,39204.1
LN-018093,114010.31
LN-014997,861.02
LN-017684,38178.42
LN-009886,30349.99
LN-008180,44508.39
LN-009258,0.0
LN-001301,205524.65
LN-018009,78589.42
LN-007513,68870.54
LN-006480,37595.57
LN-019582,405376.0
LN-011150,4390.56
LN-000234,0.0
LN-027197,30594.85
LN-004022,77046.61
LN-000216,49356.1
LN-011774,31447.9
LN-019194,150427.32
LN-006837,60787.56
LN-017180,77582.44
LN-003459,45770.26
LN-005167,45321.66
LN-003908,0.0
LN-011642,80888.05
LN-027648,28923.22
LN-020421,23792.0
LN-024986,136802.19
LN-008027,398.16
LN-001348,38183.84
LN-009330,122756.93
LN-026809,269189.56
LN-026143,65146.42
LN-027318,0.0
LN-020202,89664.7
LN-028588,98764.41
LN-028861,70247.21
LN-025762,14319.04
LN-020171,165378.6
LN-011967,35554.37
LN-028583,120408.92
LN-014356,46728.67
LN-026639,0.0
LN-021936,142607.64
LN-015796,0.0
LN-015931,90318.74
LN-015287,78128.65
LN-013971,100681.56
LN-027289,61454.56
LN-012965,138561.89
LN-013943,115645.24
LN-010710,126619.85
LN-029044,87638.31
LN-013311,231470.98
LN-010349,100633.81
LN-029016,51097.47
LN-028593,28905.3
LN-018036,138386.28
LN-021161,154637.11
LN-022622,135070.61
LN-013004,49671.43
LN-019587,2336.45
LN-020885,113872.15
LN-011041,59067.84
LN-020931,87479.17
LN-013465,78518.94
LN-003146,42165.08
LN-013295,116642.94
LN-015125,127173.03
LN-015753,0.0
LN-017849,98538.37
LN-002062,40668.3
LN-011194,62146.34
LN-015960,73418.05
LN-011614,0.0
LN-022768,17254.92
LN-023910,0.0
LN-020031,148618.79
LN-029173,56823.44
LN-026522,0.0
LN-022352,44637.28
LN-025893,23903.07
LN-015903,132245.62
LN-005737,24432.59
LN-002902,78252.47
LN-027591,0.0
LN-001845,8692.42
LN-017817,293755.21
LN-018058,53225.42
LN-016357,202563.45
LN-016558,123077.26
LN-003344,0.0
LN-019572,124216.47
LN-000063,1040.75
LN-023126,83316.9
LN-017269,170001.51
LN-026076,200673.05
LN-013750,89025.25
LN-018171,53595.38
LN-026817,239940.07
LN-012150,53011.22
LN-003596,115289.8
LN-005006,40110.25
LN-015470,155434.8
LN-023729,38166.04
LN-008655,89164.27
LN-026446,0.0
LN-028215,33169.49
LN-019590,39065.14
LN-004030,68302.79
LN-021290,100633.19
LN-022364,26783.16
LN-022286,146359.72
LN-008790,30836.93
LN-023661,70342.74
LN-005331,119991.67
LN-007937,46555.57
LN-021531,68581.03
LN-017229,38485.64
LN-002575,97118.48
LN-013719,41646.29
LN-003975,263.06
LN-009342,40292.29
LN-028956,13817.79
LN-000587,77608.96
LN-006261,86982.22
LN-021128,108677.56
LN-018535,131826.57
LN-017819,54801.93
LN-003533,0.0
LN-004107,35449.38
LN-008074,77713.48
LN-027877,118125.31
LN-012110,60146.95
LN-009354,0.0
LN-022452,0.0
LN-011917,22135.36
LN-001744,183314.44
LN-025611,0.0
LN-013198,0.0
LN-022067,24201.56
LN-015067,173943.76
LN-013845,107544.25
LN-006587,43512.37
LN-015858,121893.24
LN-005276,22466.29
LN-001937,35227.14
LN-006629,0.0
LN-025891,148056.17
LN-022962,0.0
LN-009741,0.0
LN-006222,158075.7
LN-025166,0.0
LN-006054,20784.49
LN-011389,37923.86
LN-011668,29289.98
LN-009902,0.0
LN-022683,51200.39
LN-016522,98378.36
LN-029126,19756.28
LN-020500,219046.96
LN-016526,59426.42
LN-003797,0.0
LN-008274,0.0
LN-005281,47145.29
LN-012570,26550.34
LN-003202,28155.71
LN-022939,192829.9
LN-005486,49766.77
LN-026330,46086.5
LN-001756,82923.52
LN-028773,183557.1
LN-028627,40553.84
LN-006007,58667.99
LN-018921,60733.45
LN-000959,24035.95
LN-023667,175266.64
LN-024778,128789.91
LN-023880,91677.89
LN-026874,103726.59
LN-027932,617.26
LN-004082,18185.34
LN-025768,89301.68
LN-011771,96592.4
LN-004137,73636.41
LN-013288,32358.89
LN-023586,8589.39
LN-010254,100087.93
LN-015049,88863.3
LN-019671,74793.07
LN-017106,120720.48
LN-008678,89967.39
LN-012811,0.0
LN-000718,68745.19
LN-016296,27961.32
LN-005234,43901.43
LN-012740,34864.86
LN-003553,2715.81
LN-020476,866.02
LN-014411,321664.23
LN-010620,0.0
LN-017215,35151.5
LN-000601,80352.1
LN-012173,32999.24
LN-028838,63303.48
LN-014252,40366.05
LN-014794,31559.27
LN-000238,19722.69
LN-020131,33599.6
LN-015012,64356.01
LN-028486,22871.84
LN-004525,82841.3
LN-007803,131975.27
LN-001354,55350.51
LN-014722,161244.71
LN-007792,2289.13
LN-019297,26745.24
LN-001028,12347.26
LN-024798,132974.07
LN-026294,2978.96
LN-013984,21204.64
LN-022248,0.0
LN-000974,79813.33
LN-007794,169105.87
LN-015257,173421.54
LN-027981,77369.73
LN-004349,96595.38
LN-000398,31774.38
LN-011385,0.0
LN-011894,42937.02
LN-013697,106438.07
LN-013200,38312.2
LN-000700,40312.1
LN-025403,2748.71
LN-009821,186600.35
LN-023727,65879.37
LN-022117,31565.17
LN-006479,0.0
LN-023852,202718.64
LN-003616,0.0
LN-011831,114673.34
LN-004384,75716.41
LN-026369,46689.14
LN-000298,35126.49
LN-014852,29545.52
LN-025860,114413.91
LN-010263,73069.16
LN-014643,294.99
LN-005671,62242.56
LN-002813,54152.54
LN-000080,37885.52
LN-014760,51968.21
LN-021530,134116.67
LN-008328,121442.48
LN-001294,57236.53
LN-001199,143750.45
LN-024118,46735.26
LN-026659,15035.16
LN-004234,76737.27
LN-014639,31522.5
LN-005220,87389.15
LN-011147,110991.58
LN-015812,1187.3
LN-002315,0.0
LN-011409,0.0
LN-007842,58033.25
LN-029144,23336.84
LN-006811,1520.39
LN-004238,3673.25
LN-005414,58198.54
LN-005698,46435.6
LN-028283,22995.1
LN-003543,37821.57
LN-009017,79722.82
LN-017014,39108.62
LN-013973,58092.01
LN-000892,69873.66
LN-028029,60181.28
LN-026284,115936.58
LN-000184,86241.17
LN-023007,30521.58
LN-026147,2147.46
LN-014111,367.91
LN-022921,330.01
LN-025874,21875.15
LN-010280,154907.77
LN-004493,72119.42
LN-015713,148555.71
LN-000834,139476.62
LN-024759,193550.08
LN-017284,33178.1
LN-017706,0.0
LN-020603,5041.5
LN-015242,72404.25
LN-014954,0.0
LN-004182,70874.11
LN-028939,20247.06
LN-027346,8012.79
LN-018467,57816.85
LN-020746,65099.9
LN-026042,727.74
LN-025030,85538.68
LN-001923,29822.86
LN-023263,116201.75
LN-001708,20358.49
LN-027631,227471.52
LN-026986,8004.02
LN-026586,233715.59
LN-019651,35549.37
LN-013760,77964.75
LN-002248,55027.91
LN-006013,91797.21
LN-024415,195221.76
LN-028991,20222.16
LN-028557,62774.36
LN-007098,198457.54
LN-006800,190437.54
LN-009320,35718.87
LN-019858,0.0
LN-004038,200255.57
LN-012253,199667.3
LN-013877,62137.78
LN-021544,37337.87
LN-005726,74607.62
LN-026641,49258.63
LN-028963,195918.31
LN-008503,132629.66
LN-026730,0.0
LN-006401,53333.1
LN-009194,37036.22
LN-005089,187789.86
LN-004664,95477.72
LN-006908,77341.47
LN-002244,36938.42
LN-005480,29771.67
LN-003458,124905.66
LN-016991,131853.36
LN-005827,86704.34
LN-005838,59621.09
LN-005262,138650.63
LN-004424,3584.18
LN-023365,74993.96
LN-012143,42430.08
LN-017543,89396.81
LN-010343,111861.57
LN-029266,36337.04
LN-011901,21597.08
LN-004630,22019.74
LN-019818,83117.86
LN-024722,106885.25
LN-006655,48973.49
LN-015891,102028.75
LN-008191,124103.13
LN-009170,166815.56
LN-001739,0.0
LN-001397,0.0
LN-019969,204739.06
LN-003964,27214.01
LN-026754,63940.84
LN-022031,33138.51
LN-019534,16576.08
LN-003007,118944.38
LN-026719,52169.6
LN-026805,155082.86
LN-018885,30127.84
LN-026729,27357.59
LN-016857,38623.17
LN-019311,204089.0
LN-028314,143204.91
LN-020941,48627.43
LN-012682,94570.63
LN-013041,93943.55
LN-006256,114650.96
LN-017093,22087.03
LN-003167,79871.91
LN-027195,946.01
LN-001714,115092.2
LN-007637,0.0
LN-001594,26032.43
LN-023447,97130.52
LN-024082,71733.02
LN-020537,4519.37
LN-007851,37540.03
LN-020668,1851.24
LN-009199,175451.76
LN-001573,152293.45
LN-018615,0.0
LN-006102,27784.66
LN-027846,0.0
LN-004529,76760.76
LN-018574,20550.97
LN-002156,183939.7
LN-008577,161574.4
LN-020400,129957.87
LN-019768,43279.21
LN-027198,115051.69
LN-005965,70411.74
LN-028250,109075.47
LN-019316,19245.81
LN-016387,208705.37
LN-028794,3442.14
LN-002917,152404.11
LN-005289,156048.49
LN-008394,100819.68
LN-025353,42553.66
LN-008925,39911.84
LN-026879,59087.46
LN-028041,21472.15
LN-000348,79363.33
LN-006710,157253.27
LN-005346,74851.98
LN-009983,72529.19
LN-025294,150343.95
LN-021817,1210.07
LN-027143,67857.16
LN-000505,0.0
LN-012114,30246.57
LN-016424,726.23
LN-023981,19828.64
LN-020753,22190.44
LN-008426,44290.48
LN-005656,0.0
LN-023795,64901.56
LN-011243,30185.59
LN-003694,19301.5
LN-027755,0.0
LN-022712,65272.24
LN-009572,0.0
LN-025386,272.08
LN-006627,22019.82
LN-020699,82200.76
LN-028059,120807.54
LN-009013,205.26
LN-017141,0.0
LN-029158,86132.13
LN-020715,165101.78
LN-011262,109200.35
LN-024350,0.0
LN-005193,0.0
LN-006646,0.0
LN-023412,21916.99
LN-011298,47893.28
LN-006483,44528.33
LN-002927,55538.76
LN-011643,95404.81
LN-011452,36636.39
LN-010864,3203.54
LN-014291,0.0
LN-022542,41673.49
LN-010052,19969.55
LN-017869,117865.17
LN-012776,48191.02
LN-003641,107687.45
LN-023332,87283.01
LN-018353,40307.78
LN-020649,46514.74
LN-026998,67249.47
LN-012489,285.49
LN-010626,52432.18
LN-026020,25624.69
LN-026372,48801.0
LN-024974,70304.14
LN-018891,87600.81
LN-005449,35382.71
LN-003191,79929.81
LN-019598,64193.67
LN-026578,0.0
LN-025939,38427.51
LN-022179,84304.56
LN-009625,0.0
LN-000090,0.0
LN-013236,134337.08
LN-011316,292939.65
LN-011586,26681.45
LN-023656,163050.87
LN-003620,79560.47
LN-020485,22875.53
LN-023426,22540.74
LN-028219,171170.34
LN-020945,104207.05
LN-028905,77021.77
LN-027057,23792.67
LN-024784,48795.78
LN-015510,0.0
LN-020876,41849.4
LN-016719,60851.62
LN-009271,0.0
LN-016212,83586.51
LN-005623,157404.49
LN-003876,72007.89
LN-017514,94503.42
LN-000416,363.11
LN-015996,63657.26
LN-025008,0.0
LN-022736,0.0
LN-011091,164374.48
LN-025635,2770.98
LN-019972,39617.01
LN-014706,98.57
LN-012226,75261.99
LN-008954,38148.57
LN-020736,0.0
LN-007096,64274.89
LN-013650,73922.89
LN-011943,32012.17
LN-024461,155609.47
LN-013974,116318.93
LN-010916,230446.01
LN-005035,137934.79
LN-005556,93023.78
LN-010578,22937.78
LN-015046,146938.87
LN-014811,154612.0
LN-005295,126078.35
LN-024221,0.0
LN-002996,29265.81
LN-002314,775.85
LN-023053,342.77
LN-021415,82704.76
LN-005939,0.0
LN-009694,110254.19
LN-028877,85847.76
LN-014856,0.0
LN-014930,82225.19
LN-012279,43914.43
LN-011508,50641.5
LN-007580,118967.6
LN-013457,202552.04
LN-009556,251408.18
LN-017654,253917.5
LN-019917,7020.35
LN-007150,21368.2
LN-027810,70673.82
LN-015006,75404.19
LN-009827,73866.83
LN-010318,29648.6
LN-001781,126079.05
LN-021658,96.43
LN-012395,105808.27
LN-013674,22822.53
LN-010977,49410.59
LN-027322,166787.27
LN-007284,59379.14
LN-017778,166746.82
LN-012190,111534.22
LN-000108,80713.93
LN-015283,88643.61
LN-023606,136952.07
LN-027065,34951.2
LN-004983,119090.06
LN-015448,172.85
LN-015675,30010.23
LN-026831,97317.56
LN-014984,234.13
LN-016042,68359.39
LN-011635,32057.3
LN-011401,50744.58
LN-006136,142210.89
LN-003588,125989.77
LN-024318,68443.87
LN-007779,38438.81
LN-002780,20933.74
LN-019448,58915.18
LN-027592,0.0
LN-025709,142271.4
LN-021278,114599.8
LN-012929,50477.07
LN-006003,82551.07
LN-018054,51018.52
LN-020990,110358.82
LN-019238,97141.6
LN-015309,124229.69
LN-012576,67661.45
LN-027011,34529.2
LN-024536,123812.8
LN-024252,24686.92
LN-003527,97861.58
LN-023490,123138.59
LN-019451,69878.91
LN-008505,26675.33
LN-017078,125129.28
LN-013849,80493.77
LN-019937,41186.44
LN-027702,147389.57
LN-017315,51591.85
LN-022527,83856.04
LN-008179,78457.44
LN-000796,158647.88
LN-028760,55344.09
LN-019606,78794.88
LN-000278,70488.28
LN-020790,256.4
LN-018897,271766.41
LN-023450,35343.1
LN-008500,173289.96
LN-028295,38534.93
LN-013735,486.79
LN-022238,43277.06
LN-021260,139953.16
LN-023008,21862.7
LN-028601,332.51
LN-019429,127193.26
LN-005410,79429.3
LN-001868,274484.95
LN-008695,311.68
LN-026623,196792.45
LN-026797,122393.17
LN-014886,58305.82
LN-004548,42063.49
LN-006301,92306.67
LN-005915,28799.78
LN-022491,55508.9
LN-002728,120965.94
LN-026869,68555.59
LN-012914,62945.59
LN-014010,0.0
LN-015770,34426.19
LN-026483,218680.29
LN-023002,158541.49
LN-009804,867.83
LN-016383,127264.98
LN-027992,111611.81
LN-001763,144653.43
LN-005603,28465.7
LN-023635,70959.52
LN-015026,0.0
LN-009566,73634.88
LN-017031,89333.75
LN-028975,49095.84
LN-015418,2144.29
LN-015769,10887.23
LN-000837,795.98
LN-021594,240137.63
LN-018750,9645.26
LN-029122,31458.65
LN-001532,68298.87
LN-018984,91053.16
LN-004074,70413.97
LN-004502,0.0
LN-014316,80745.7
LN-016380,0.0
LN-023427,689.4
LN-021837,29115.39
LN-016557,53914.24
LN-002374,6489.98
LN-016234,229559.41
LN-022522,115105.42
LN-024927,157861.01
LN-026243,140943.14
LN-005580,0.0
LN-021736,3496.97
LN-003477,0.0
LN-024451,0.0
LN-015706,52467.11
LN-000327,155210.75
LN-007890,95634.96
LN-016486,82594.01
LN-007254,40122.92
LN-008128,0.0
LN-016167,31542.34
LN-021831,0.0
LN-008850,0.0
LN-022977,0.0
LN-000461,130968.1
LN-019423,64444.83
LN-021766,105896.12
LN-002861,0.0
LN-010123,113580.16
LN-012550,186891.69
LN-026602,96425.58
LN-017417,46334.38
LN-018346,34940.87
LN-017167,130222.14
LN-018917,233334.75
LN-019803,50936.49
LN-015700,35629.25
LN-022487,22072.32
LN-010508,23218.5
LN-007841,15039.76
LN-017182,153.07
LN-018700,242376.93
LN-019877,49267.95
LN-016597,79887.35
LN-026777,210531.55
LN-013887,89204.1
LN-002866,180117.78
LN-012738,167022.02
LN-014298,0.0
LN-027450,0.0
LN-010868,0.0
LN-003341,58197.38
LN-008123,8285.18
LN-005278,22486.96
LN-019888,97567.46
LN-002710,35334.48
LN-009673,140416.59
LN-002161,154458.73
LN-018486,100710.51
LN-004953,28763.64
LN-016885,136891.52
LN-024967,92094.46
LN-008261,37913.22
LN-015194,52239.72
LN-015982,154924.77
LN-015202,136898.15
LN-025742,89489.65
LN-029199,137403.59
LN-026595,159.89
LN-024503,1736.95
LN-012670,132559.45
LN-012677,37268.5
LN-007210,98023.42
LN-005315,64581.17
LN-016849,773.99
LN-029285,28499.18
LN-018508,147348.31
LN-007979,62062.39
LN-013281,200964.79
LN-027664,156860.54
LN-010402,58779.52
LN-012463,50492.09
LN-026199,52906.14
LN-014015,89959.76
LN-016071,88673.54
LN-020211,96785.8
LN-015894,17188.57
LN-002674,86201.58
LN-022221,115369.17
LN-023520,170199.18
LN-020541,22970.14
LN-004559,0.0
LN-017911,126314.82
LN-007428,53610.43
LN-012604,153090.35
LN-003207,69831.77
LN-026360,13328.7
LN-000676,53607.11
LN-005163,101318.97
LN-001358,142947.07
LN-028270,61830.58
LN-011426,44558.76
LN-016497,21518.17
LN-000285,34926.87
LN-009700,157988.06
LN-016931,161785.52
LN-021848,111770.02
LN-008814,65279.81
LN-002407,33931.94
LN-021542,15744.34
LN-026285,50907.64
LN-011468,2134.4
LN-020268,87686.2
LN-019468,2027.7
LN-018728,26435.35
LN-012310,7834.99
LN-012255,57846.34
LN-000055,7759.14
LN-022509,1237.25
LN-027224,167759.44
LN-003228,38484.46
LN-024525,162773.38
LN-024896,164577.44
LN-014268,19676.96
LN-003983,72437.0
LN-028348,208897.98
LN-002945,81353.15
LN-016556,127515.29
LN-023755,3564.33
LN-011770,0.0
LN-009396,0.0
LN-016641,34352.21
LN-008626,183930.28
LN-003099,69837.93
LN-016210,1213.54
LN-019823,51696.51
LN-024919,85018.84
LN-016809,162248.78
LN-020629,149875.47
LN-008365,50199.05
LN-016487,244059.99
LN-020884,36012.4
LN-007622,32163.82
LN-007026,114481.94
LN-011297,11076.61
LN-013118,141693.35
LN-023936,518.56
LN-006433,184908.68
LN-005098,230054.86
LN-009251,73944.33
LN-029107,193167.13
LN-008160,156276.77
LN-022213,72286.19
LN-001173,28986.34
LN-007216,367.91
LN-020161,802.13
LN-013655,219386.61
LN-012094,0.0
LN-001973,3567.07
LN-008957,401.65
LN-028711,170927.83
LN-026814,78402.49
LN-007867,142770.44
LN-013365,49540.9
LN-014925,0.0
LN-020315,23270.84
LN-000977,183249.11
LN-017243,20489.27
LN-013803,78438.76
LN-027090,103796.23
LN-028207,105737.29
LN-007429,0.0
LN-020203,176581.53
LN-027890,207691.81
LN-026123,41683.41
LN-029178,35862.36
LN-010750,69911.15
LN-003744,369.22
LN-025711,83537.04
LN-008642,36390.65
LN-016293,71970.63
LN-009472,0.0
LN-018087,62261.22
LN-029260,29270.54
LN-011081,87153.81
LN-023398,10766.36
LN-022724,27331.57
LN-020467,156.79
LN-013787,0.0
LN-001567,0.0
LN-019719,51911.38
LN-005772,33619.99
LN-027853,25731.43
LN-016224,107015.03
LN-009181,166437.02
LN-022849,108063.15
LN-015361,165070.96
LN-021402,76567.65
LN-014037,260.01
LN-015017,72637.31
LN-005969,35647.71
LN-011982,29928.09
LN-000688,0.0
LN-027256,40934.65
LN-027275,90170.02
LN-028753,64019.1
LN-005958,168083.67
LN-001079,46967.83
LN-018931,69630.13
LN-003369,0.0
LN-023188,181.39
LN-021860,64229.5
LN-028916,73829.4
LN-025907,17883.57
LN-012315,70414.45
LN-028095,0.0
LN-000352,129624.9
LN-008106,68128.2
LN-027803,78273.39
LN-001696,19157.74
LN-015667,29150.84
LN-019483,133342.24
LN-019118,60527.13
LN-028332,31108.82
LN-003538,104010.77
LN-028661,77117.34
LN-023408,950.16
LN-020624,36225.15
LN-027231,96263.46
LN-003499,32144.85
LN-009826,34031.14
LN-015080,37584.72
LN-008324,28144.4
LN-015404,55248.73
LN-001976,38883.15
LN-023698,118530.14
LN-006215,48301.02
LN-023961,148716.45
LN-015886,197.4
LN-023529,14422.58
LN-009592,147932.28
LN-010047,49605.84
LN-011531,93612.22
LN-011849,94761.43
LN-018892,27597.16
LN-001698,240493.29
LN-006331,0.0
LN-001882,88661.02
LN-020810,101839.81
LN-003679,149695.72
LN-011238,137906.91
LN-011461,85732.37
LN-022780,0.0
LN-006916,337700.29
LN-027054,87685.13
LN-018263,141219.88
LN-029225,105510.57
LN-018085,189.98
LN-018381,0.0
LN-020270,124731.21
LN-017430,88830.08
LN-000300,58776.97
LN-019772,165303.74
LN-017002,84842.5
LN-011789,118513.21
LN-001996,56438.05
LN-001742,27663.7
LN-002502,123546.08
LN-012484,78197.34
LN-005110,22126.66
LN-020959,0.0
LN-019673,100766.05
LN-000781,21716.0
LN-008989,78756.04
LN-026977,191020.66
LN-001984,49108.81
LN-026644,81871.95
LN-028044,40079.78
LN-016219,105566.27
LN-019650,88082.18
LN-013614,64045.6
LN-017148,74583.06
LN-026979,26396.35
LN-016344,172729.82
LN-005762,89636.84
LN-009183,0.0
LN-000471,0.0
LN-026463,616.99
LN-023255,30460.58
LN-018814,61228.51
LN-027827,62127.84
LN-009803,137695.07
LN-002366,34008.28
LN-027922,35019.99
LN-012727,40321.7
LN-003549,125096.15
LN-018551,24851.96
LN-012672,97200.08
LN-004185,353277.33
LN-015359,29775.56
LN-001601,0.0
LN-008632,77199.79
LN-003786,133231.61
LN-003325,65314.21
LN-022189,35266.46
LN-019492,170427.75
LN-001356,44996.71
LN-005273,77237.54
LN-017560,47751.81
LN-015031,115889.85
LN-025031,128265.62
LN-014528,104125.32
LN-019769,94500.89
LN-021494,75542.02
LN-002098,30000.94
LN-016398,35432.85
LN-005347,244283.8
LN-011346,0.0
LN-014979,67688.16
LN-002094,51114.12
LN-003149,20675.55
LN-015337,29886.35
LN-029228,65853.72
LN-029240,19984.9
LN-010029,59178.56
LN-006615,0.0
LN-024840,24886.34
LN-007905,21009.22
LN-020861,205582.5
LN-025574,33552.18
LN-028185,98.29
LN-021436,129697.46
LN-026064,162368.37
LN-000207,32316.19
LN-010138,205451.9
LN-023359,214749.65
LN-000749,54146.99
LN-028338,107409.99
LN-017477,145402.95
LN-004368,175057.03
LN-023909,145156.27
LN-019816,32765.48
LN-000854,0.0
LN-016786,194234.81
LN-022315,35657.96
LN-009130,82285.45
LN-003960,52848.69
LN-017910,44194.67
LN-007898,173184.54
LN-018856,62230.42
LN-009214,103841.49
LN-019404,1030.24
LN-026480,71105.64
LN-025390,158746.16
LN-009371,1230.55
LN-010631,152728.42
LN-022140,145800.13
LN-029125,227423.76
LN-007951,3913.56
LN-006265,178376.21
LN-018977,40482.22
LN-001018,27967.32
LN-016006,144974.98
LN-017266,45400.97
LN-018749,99523.68
LN-015434,0.0
LN-010665,57559.03
LN-003525,750.44
LN-002827,71327.48
LN-017795,147048.53
LN-006557,48792.21
LN-016972,169591.37
LN-010167,26341.56
LN-025475,118697.86
LN-021088,7364.48
LN-007849,1333.09
LN-027083,26287.65
LN-006694,34486.72
LN-007030,1336.4
LN-005384,63172.71
LN-007395,146809.31
LN-016548,99330.14
LN-019794,89136.03
LN-011094,50337.45
LN-017392,40477.6
LN-025273,72367.65
LN-020115,1418.43
LN-023549,105164.37
LN-003689,121031.68
LN-014922,63887.33
LN-011106,80619.74
LN-006845,73750.66
LN-010025,74461.35
LN-014780,30478.57
LN-010545,71108.49
LN-000906,247433.83
LN-013852,71830.38
LN-013751,72574.29
LN-013985,62438.21
LN-008980,62348.09
LN-006825,81869.15
LN-004104,44354.71
LN-013251,132148.41
LN-013556,47232.26
LN-003723,153463.4
LN-009817,58958.04
LN-022276,23943.58
LN-003423,45471.38
LN-009369,70447.07
LN-029088,63995.01
LN-010095,39363.39
LN-004141,275690.31
LN-023633,106792.52
LN-009961,47773.29
LN-017365,235918.87
LN-022301,56981.62
LN-015237,93613.63
LN-010963,76074.48
LN-004585,103793.37
LN-009219,0.0
LN-008235,0.0
LN-005943,327.73
LN-028213,10037.4
LN-013757,78933.66
LN-021171,917.37
LN-014671,91359.66
LN-015001,157193.98
LN-013155,92651.74
LN-020608,69925.22
LN-001104,38260.52
LN-028400,93780.38
LN-013612,88597.4
LN-011047,48290.2
LN-001909,58890.15
LN-002177,0.0
LN-013595,14242.62
LN-029165,87970.77
LN-020801,75036.22
LN-016979,47367.57
LN-002008,25765.7
LN-009431,132066.08
LN-014991,176198.47
LN-009708,38268.75
LN-020383,30884.49
LN-011726,29106.54
LN-026836,70976.9
LN-001177,35129.95
LN-027157,80926.98
LN-024260,6340.86
LN-012612,183385.33
LN-000344,78378.84
LN-007764,29453.39
LN-020547,156235.0
LN-009420,80595.74
LN-027347,23229.13
LN-002252,190509.69
LN-018086,41265.75
LN-028012,81187.91
LN-023444,209293.01
LN-017552,0.0
LN-011301,30598.36
LN-014865,40938.71
LN-017224,0.0
LN-008007,63101.36
LN-001647,128114.74
LN-003898,101156.15
LN-015441,41851.31
LN-022081,85785.28
LN-022080,83650.84
LN-012940,0.0
LN-014982,145969.53
LN-025490,0.0
LN-027588,1591.07
LN-008672,76264.03
LN-015166,29225.05
LN-018783,270959.36
LN-026944,104372.27
LN-018661,59540.7
LN-004866,50616.98
LN-027248,147560.07
LN-024456,229837.14
LN-019343,142082.79
LN-024573,48506.98
LN-011338,7075.37
LN-003324,37897.36
LN-028820,404.37
LN-010079,43846.75
LN-004219,50302.96
LN-003589,89321.97
LN-019669,41202.25
LN-013512,83510.26
LN-023517,169305.71
LN-022796,28674.02
LN-002933,39503.19
LN-019457,159.89
LN-019630,48061.78
LN-021054,101630.5
LN-004309,4385.94
LN-022732,171001.1
LN-001819,36188.69
LN-014658,58640.02
LN-013648,0.0
LN-004016,16101.54
LN-006690,204554.98
LN-013571,0.0
LN-014362,158161.12
LN-021467,161279.37
LN-010801,51080.83
LN-016904,149698.86
LN-027103,30224.09
LN-020588,112965.81
LN-000017,0.0
LN-015217,198248.84
LN-022372,22589.44
LN-011187,139534.85
LN-027872,12708.42
LN-001983,487.92
LN-013836,179231.42
LN-009300,50874.87
LN-012508,0.0
LN-018002,24353.07
LN-019689,22654.64
LN-021193,63414.08
LN-005411,79454.42
LN-020392,73753.67
LN-010699,99651.68
LN-020888,29399.94
LN-008621,0.0
LN-002193,32822.83
LN-009653,166259.1
LN-023037,39014.14
LN-002295,129342.67
LN-009084,775.85
LN-009727,40605.1
LN-003614,274773.47
LN-005542,234835.79
LN-024677,39067.94
LN-008530,45290.3
LN-014150,20437.37
LN-014825,82234.73
LN-012644,124594.11
LN-006221,57766.34
LN-007687,180970.9
LN-024015,86002.2
LN-007351,0.0
LN-009515,73996.92
LN-003871,40967.51
LN-015157,67807.63
LN-005206,16343.25
LN-000109,20375.42
LN-023481,20067.19
LN-011816,48721.57
LN-011696,98329.79
LN-028929,53466.21
LN-009224,82386.24
LN-027539,41564.03
LN-017308,31659.56
LN-022162,74093.72
LN-014853,73047.98
LN-009373,63946.18
LN-011284,0.0
LN-010036,36767.68
LN-000304,44834.71
LN-000645,0.0
LN-013794,0.0
LN-000924,199294.71
LN-025809,39245.86
LN-011570,139509.16
LN-026491,37588.15
LN-002340,346.35
LN-027506,239624.49
LN-027278,367.91
LN-013709,38050.91
LN-014544,15242.55
LN-004418,78284.54
LN-012381,25995.98
LN-018035,0.0
LN-002382,61877.4
LN-028940,166637.42
LN-000835,60222.89
LN-027175,25490.61
LN-028742,109388.0
LN-017376,111340.49
LN-011020,122636.73
LN-019422,63441.14
LN-024402,13044.82
LN-018909,21932.66
LN-003370,0.0
LN-007577,44791.42
LN-028981,119324.25
LN-023217,66642.43
LN-002453,69508.6
LN-024387,147090.2
LN-005221,81205.07
LN-024860,121033.16
LN-000066,51405.66
LN-025926,98236.08
LN-018329,136117.42
LN-001661,156725.46
LN-027253,110749.27
LN-012964,94255.61
LN-003941,78894.8
LN-017256,173765.16
LN-012808,151304.55
LN-028789,0.0
LN-023697,35128.0
LN-019201,26945.83
LN-019910,1791.09
LN-028359,16393.09
LN-027688,49914.89
LN-021975,107051.66
LN-008264,0.0
LN-023201,32894.06
LN-002788,192878.29
LN-020263,184417.58
LN-001847,95046.06
LN-007839,259670.06
LN-018730,85.68
LN-004072,0.0
LN-005242,156138.25
LN-000151,135842.8
LN-011652,64842.88
LN-027900,67171.33
LN-017265,42692.43
LN-006849,29183.22
LN-024353,48235.47
LN-023830,133403.9
LN-007522,89138.15
LN-012704,102367.84
LN-005848,52020.21
LN-024286,12763.18
LN-009785,38316.11
LN-026153,82346.83
LN-029150,24007.92
LN-022566,21070.15
LN-003534,26419.67
LN-007228,111398.49
LN-002040,80373.99
LN-002962,10627.46
LN-011255,119444.11
LN-014423,0.0
LN-008266,0.0
LN-005443,66502.61
LN-002150,102575.12
LN-011620,194177.9
LN-010455,49436.37
LN-026866,40397.22
LN-027713,20795.82
LN-002733,248816.73
LN-016609,45391.08
LN-025242,144896.0
LN-023436,306808.77
LN-029177,184678.98
LN-000185,33752.15
LN-019171,9106.71
LN-016015,119608.82
LN-006912,38623.32
LN-003270,0.0
LN-000183,4224.26
LN-020123,31961.8
LN-025932,74161.59
LN-011324,33200.59
LN-019880,0.0
LN-023349,65590.04
LN-024330,40250.35
LN-025956,31176.74
LN-027725,91159.89
LN-002721,153718.12
LN-023410,28744.22
LN-010625,70917.67
LN-002100,65067.26
LN-016737,75490.67
LN-000192,141652.59
LN-029019,122838.98
LN-029186,49724.51
LN-025077,140455.39
LN-012431,95244.0
LN-016385,19886.8
LN-018293,61317.78
LN-010066,49531.39
LN-001302,121073.15
LN-019360,66033.16
LN-017681,16139.78
LN-020558,62256.42
LN-026512,40192.11
LN-025122,34691.06
LN-003009,36362.39
LN-007882,73741.0
LN-015666,175092.58
LN-002685,66320.35
LN-017299,20662.15
LN-019246,92276.2
LN-016450,155650.64
LN-027630,81364.07
LN-011072,31132.72
LN-019731,155040.55
LN-003071,146547.28
LN-022992,100.09
LN-020029,66100.58
LN-020544,24520.37
LN-014479,0.0
LN-027836,82476.09
LN-026880,148921.83
LN-000395,0.0
LN-013139,159.79
LN-008910,50668.92
LN-001512,102269.64
LN-010908,41087.97
LN-003121,167578.63
LN-005889,59141.65
LN-009211,34175.75
LN-010436,19846.63
LN-005582,29943.37
LN-001427,175997.82
LN-017008,39425.01
LN-019631,27604.78
LN-012296,92396.3
LN-027444,47109.57
LN-007695,154423.93
LN-007277,164371.92
LN-005339,1287.55
LN-013341,43380.28
LN-006606,32239.23
LN-011122,42511.36
LN-012624,90493.03
LN-013283,53261.45
LN-024816,116916.62
LN-026302,83681.64
LN-016701,84054.56
LN-001971,56077.45
LN-024829,40422.55
LN-001620,441.34
LN-007381,58575.38
LN-019211,36594.07
LN-019069,0.0
LN-012318,191237.11
LN-005860,111282.78
LN-010099,84217.98
LN-001249,31104.39
LN-027430,140385.53
LN-001382,0.0
LN-010896,3058.29
LN-020827,48811.49
LN-029083,132127.28
LN-028765,43062.35
LN-024968,605.03
LN-014283,921.89
LN-011447,58665.71
LN-008611,105207.83
LN-010573,22863.16
LN-002210,47951.1
LN-011133,52016.87
LN-011517,131684.68
LN-021363,81631.51
LN-018680,58274.76
LN-009798,63244.67
LN-021838,211003.97
LN-022302,36817.03
LN-028024,554.18
LN-013507,46440.95
LN-020792,94653.31
LN-010112,27570.89
LN-012218,69891.02
LN-012754,196494.03
LN-002887,135605.63
LN-027910,221964.49
LN-016549,76826.79
LN-008675,71144.15
LN-000100,63503.11
LN-017856,155289.59
LN-009193,86257.96
LN-016717,78333.27
LN-001058,4643.25
LN-019008,94458.51
LN-013290,96204.78
LN-019756,156488.91
LN-017782,28731.38
LN-012353,0.0
LN-005368,2362.72
LN-020246,94931.47
LN-014769,26716.07
LN-002408,171985.39
LN-019025,35167.88
LN-023815,106093.17
LN-019204,48724.98
LN-018457,40012.8
LN-013769,14779.89
LN-016899,95161.11
LN-010922,3896.31
LN-027470,50194.33
LN-018927,0.0
LN-023347,46549.53
LN-005349,84435.45
LN-008414,36481.28
LN-013857,20985.63
LN-026087,241805.19
LN-017582,60192.35
LN-027095,181531.92
LN-010510,831.29
LN-006719,90881.0
LN-002812,76592.02
LN-018038,72193.69
LN-017598,95019.96
LN-001175,88845.54
LN-003939,41839.92
LN-008673,35501.09
LN-025855,28432.14
LN-005017,681.02
LN-027053,284083.42
LN-005683,272.08
LN-005780,98143.87
LN-004911,143762.7
LN-015660,199955.66
LN-026011,98753.64
LN-027051,98071.13
LN-007407,181135.34
LN-004268,335512.62
LN-011455,150299.13
LN-016765,26072.01
LN-027006,90862.63
LN-002024,22310.99
LN-020479,67909.11
LN-019268,68310.17
LN-011808,26399.57
LN-011539,76247.77
LN-022186,72722.21
LN-024790,182286.55
LN-000783,122424.25
LN-002863,67428.69
LN-010898,101040.99
LN-024683,0.0
LN-025796,141187.38
LN-009941,93284.24
LN-011700,155399.33
LN-016425,0.0
LN-015214,53816.34
LN-020502,34920.47
LN-003108,26223.8
LN-022999,9016.78
LN-005702,81843.48
LN-016978,42721.16
LN-018735,224280.75
LN-021587,164648.34
LN-021359,72008.06
LN-015850,29153.92
LN-026061,0.0
LN-000149,36131.53
LN-028908,178014.86
LN-006056,130383.15
LN-002979,138630.6
LN-011659,147740.17
LN-009628,163318.75
LN-002562,82402.84
LN-013064,55972.69
LN-007400,238248.23
LN-012729,91554.02
LN-007426,0.0
LN-017115,42601.95
LN-000187,28231.13
LN-013934,252197.27
LN-027970,120538.57
LN-021149,0.0
LN-025908,0.0
LN-008674,25008.32
LN-002859,170631.27
LN-025264,31653.55
LN-004662,783.07
LN-018736,63383.49
LN-018949,135729.08
LN-003164,20646.15
LN-017853,0.0
LN-004567,131531.07
LN-013047,49011.68
LN-025862,160123.3
LN-006723,26678.15
LN-025837,223.93
LN-029115,0.0
LN-019157,133357.54
LN-003826,101106.21
LN-010746,4736.09
LN-007045,88748.27
LN-010820,155331.34
LN-008566,282.75
LN-023677,119915.41
LN-028453,74394.48
LN-016466,353743.5
LN-021952,72587.36
LN-008082,0.0
LN-019597,45961.91
LN-024655,207109.66
LN-000277,2710.55
LN-027875,36568.83
LN-005127,71695.07
LN-003197,84039.81
LN-010414,84550.57
LN-005072,14717.13
LN-021269,194225.35
LN-004512,79191.51
LN-004892,54094.76
LN-004166,0.0
LN-003522,57016.62
LN-007790,39644.23
LN-028872,126597.42
LN-008423,92119.98
LN-007850,7941.53
LN-005204,31814.54
LN-006284,102361.33
LN-008492,90168.1
LN-007357,0.0
LN-014764,4513.01
LN-004144,417.28
LN-017694,58812.97
LN-001389,162646.49
LN-015106,88475.13
LN-000099,20358.19
LN-010057,81307.16
LN-012851,107152.25
LN-006602,57029.52
LN-016589,237.69
LN-026436,28244.25
LN-022567,119590.45
LN-009690,42047.03
LN-004690,705.57
LN-016259,46688.61
LN-026206,129616.19
LN-011014,97612.33
LN-005801,46638.72
LN-018215,22966.45
LN-020514,4446.97
LN-022128,363.11
LN-009571,19946.9
LN-022350,205815.22
LN-026808,31780.08
LN-016336,88452.84
LN-007778,36682.83
LN-001972,67723.26
LN-022573,307770.42
LN-022405,76406.53
LN-019007,234849.74
LN-021259,98988.52
LN-005138,19624.83
LN-016101,211053.99
LN-027560,200925.51
LN-004228,125524.53
LN-022338,53089.14
LN-007844,146658.93
LN-004300,107172.77
LN-024978,122628.47
LN-010236,128534.13
LN-027131,41591.63
LN-003839,139200.67
LN-028986,58894.95
LN-029058,12903.35
LN-009280,0.0
LN-011555,150.48
LN-000468,847.59
LN-002389,604.04
LN-018261,189495.39
LN-011012,200608.06
LN-006315,347.27
LN-024729,30518.63
LN-021906,114372.38
LN-011382,59553.08
LN-013248,41394.55
LN-012881,121950.93
LN-016723,50779.02
LN-016189,127107.3
LN-016304,27500.92
LN-010849,87210.19
LN-003914,81036.77
LN-016815,66167.1
LN-027983,319707.81
LN-012641,80018.64
LN-021378,422.11
LN-016055,108849.81
LN-011119,77715.43
LN-010415,24851.91
LN-028728,21282.71
LN-027381,17471.34
LN-008882,149293.59
LN-029279,0.0
LN-000530,315051.09
LN-020494,84853.73
LN-011376,317530.6
LN-010644,0.0
LN-006713,0.0
LN-018195,22033.8
LN-025449,63747.17
LN-006847,40729.79
LN-010007,97869.44
LN-023824,79127.49
LN-022371,174932.33
LN-006731,79030.92
LN-018239,69978.92
LN-019702,124041.72
LN-028131,35313.98
LN-000635,118014.81
LN-017173,51505.23
LN-006471,79209.66
LN-000426,2421.08
LN-016027,88463.34
LN-007659,83937.52
LN-022263,183474.28
LN-008288,38.57
LN-009277,65158.41
LN-017292,73852.58
LN-017120,154538.71
LN-021643,46478.41
LN-023153,60138.74
LN-025282,177328.13
LN-018459,35364.94
LN-026191,57069.98
LN-001121,0.0
LN-027276,174479.98
LN-023634,19837.97
LN-025496,38032.19
LN-025675,83569.57
LN-023405,74693.38
LN-019618,32497.38
LN-015581,45887.16
LN-015084,17990.84
LN-010860,22010.24
LN-022661,39645.36
LN-012963,146054.47
LN-012098,269065.65
LN-006707,80938.83
LN-019241,16705.18
LN-011538,32445.59
LN-021900,178.21
LN-022519,49080.25
LN-014105,47131.64
LN-015551,64796.03
LN-014484,170141.7
LN-015638,43956.65
LN-000823,24098.65
LN-026499,0.0
LN-006429,0.0
LN-028646,150765.35
LN-007870,47738.94
LN-011941,296051.81
LN-025227,0.0
LN-004685,49392.23
LN-000604,73637.3
LN-010346,80268.32
LN-011173,92138.42
LN-003248,114930.87
LN-007082,183749.03
LN-025348,80861.64
LN-026244,0.0
LN-018061,25550.64
LN-010179,70709.98
LN-005880,176055.85
LN-019716,113058.11
LN-022587,565.29
LN-008389,66164.86
LN-001014,144788.78
LN-010046,0.0
LN-023226,142026.15
LN-029050,38823.8
LN-015181,63627.97
LN-004987,239.84
LN-012897,95737.73
LN-008906,76475.77
LN-028582,121889.55
LN-010912,76581.73
LN-023971,24811.57
LN-025413,67633.89
LN-022271,34997.91
LN-024295,49217.54
LN-023179,18123.16
LN-008190,1085.76
LN-000639,147428.41
LN-016727,94569.59
LN-029175,0.0
LN-011646,158457.23
LN-025633,72350.16
LN-027764,74546.55
LN-019663,120038.76
LN-026315,137923.65
LN-006425,50012.22
LN-000288,0.0
LN-015764,215.17
LN-007418,0.0
LN-024289,42222.9
LN-020929,58319.4
LN-017873,0.0
LN-021855,55323.13
LN-017330,8799.89
LN-017207,257344.27
LN-018269,0.0
LN-004756,41345.98
LN-019928,76033.48
LN-005742,78090.78
LN-006594,36083.63
LN-026160,119206.18
LN-021306,45255.43
LN-011019,19913.55
LN-012283,39409.66
LN-026758,335.19
LN-028675,96.43
LN-006516,0.0
LN-024495,28308.61
LN-003432,216398.3
LN-019693,34095.26
LN-016455,53753.2
LN-028094,37899.62
LN-014046,29346.37
LN-026183,72949.26
LN-008855,9530.19
LN-001285,143.64
LN-022416,321512.83
LN-027199,48339.72
LN-017326,66847.8
LN-009345,105513.98
LN-020109,84.79
LN-015695,36896.6
LN-001237,65189.3
LN-027049,56007.52
LN-006233,214717.11
LN-013603,102170.86
LN-004243,55585.58
LN-027906,151336.18
LN-022203,70899.91
LN-025324,182262.6
LN-027805,27786.45
LN-020516,160015.29
LN-000235,248459.85
LN-014458,27857.94
LN-013888,116316.13
LN-005904,221410.2
LN-028251,9441.58
LN-015188,134645.87
LN-001916,28665.32
LN-006166,222936.36
LN-003470,160.89
LN-017562,0.0
LN-015321,20770.36
LN-016632,0.0
LN-006332,32472.0
LN-012927,1323.44
LN-026316,54466.07
LN-010586,28037.65
LN-024418,113526.02
LN-016713,86067.48
LN-025034,337.49
LN-003381,72774.82
LN-007609,113276.06
LN-001041,33787.49
LN-019037,120099.44
LN-021152,37709.7
LN-020091,65613.18
LN-023760,67751.56
LN-006924,111194.25
LN-004861,55343.57
LN-009676,339417.09
LN-013643,30143.76
LN-005876,69911.08
LN-023997,127190.92
LN-024961,50055.02
LN-015443,87563.44
LN-027718,46811.58
LN-000346,1316.83
LN-020175,16754.28
LN-019944,79060.74
LN-027610,134320.46
LN-013147,18315.62
LN-010938,0.0
LN-028155,102882.56
LN-008641,102682.1
LN-028194,73093.94
LN-011822,243824.0
LN-015955,75728.06
LN-024818,68741.36
LN-018462,29200.77
LN-018620,11329.62
LN-024837,253058.07
LN-016225,122378.55
LN-021526,103536.25
LN-016675,69620.5
LN-015465,115087.32
LN-003161,150050.07
LN-006517,0.0
LN-015703,132438.07
LN-006173,41304.77
LN-007222,236336.92
LN-027355,375648.36
LN-001773,150392.27
LN-011327,83113.1
LN-011391,149360.95
LN-007306,103883.8
LN-020786,0.0
LN-003988,0.0
LN-015415,48863.63
LN-014482,45221.36
LN-017244,28722.36
LN-006185,59208.25
LN-024376,34069.44
LN-006322,0.0
LN-020244,81181.2
LN-025705,71651.15
LN-003272,33873.65
LN-005613,92860.4
LN-000301,92440.02
LN-024531,115871.71
LN-016427,41346.47
LN-007529,23253.48
LN-002852,85256.12
LN-026170,104888.58
LN-015087,28049.27
LN-023679,42813.91
LN-019694,43697.95
LN-006143,123581.12
LN-013741,39703.91
LN-014309,49396.54
LN-007855,20013.71
LN-023026,212835.6
LN-007484,0.0
LN-018603,31521.17
LN-027674,33739.34
LN-004438,186861.19
LN-008092,0.0
LN-010194,130720.6
LN-023591,99945.41
LN-012153,72989.44
LN-024220,337022.08
LN-004265,176430.37
LN-003006,181307.81
LN-003319,124158.92
LN-015488,119549.66
LN-017228,63528.46
LN-010235,0.0
LN-028605,1349.0
LN-012433,0.0
LN-005178,99769.83
LN-026308,130116.8
LN-006754,0.0
LN-004293,67136.74
LN-005728,36687.52
LN-016421,37530.75
LN-012655,92405.44
LN-026418,62751.03
LN-003835,329580.15
LN-021315,95810.09
LN-019452,44846.1
LN-003630,0.0
LN-008558,99185.59
LN-027498,44620.88
LN-011845,115238.8
LN-025876,105386.69
LN-006610,70999.02
LN-012830,52329.77
LN-003626,172175.33
LN-020966,110383.07
LN-017467,1344.65
LN-018430,30591.91
LN-001465,119086.55
LN-027744,179465.63
LN-010319,56624.76
LN-027857,47537.53
LN-014258,0.0
LN-005112,0.0
LN-019326,73476.75
LN-003627,96022.73
LN-021320,0.0
LN-011664,77004.73
LN-019394,91532.13
LN-013471,0.0
LN-014694,238291.28
LN-008403,104393.19
LN-027003,44082.89
LN-002445,0.0
LN-017130,30639.18
LN-023231,74934.41
LN-022707,18804.96
LN-020760,193648.6
LN-028364,0.0
LN-018115,0.0
LN-015756,169385.88
LN-020393,63017.21
LN-009000,0.0
LN-015880,819.92
LN-020298,45333.96
LN-006692,80138.1
LN-027272,77641.99
LN-000217,67826.69
LN-026969,89128.64
LN-029102,229697.23
LN-028585,6971.39
LN-025305,72772.94
LN-009247,19237.12
LN-010341,28285.83
LN-003177,18578.66
LN-020147,37572.78
LN-007171,83955.59
LN-013683,148148.48
LN-016029,59296.79
LN-029119,0.0
LN-003306,7404.0
LN-012357,274277.37
LN-007984,4237.61
LN-006995,3028.02
LN-018060,461.19
LN-015373,306383.57
LN-002607,264.4
LN-026075,40295.32
LN-029220,126263.64
LN-008931,149554.88
LN-022016,130779.91
LN-002324,84.79
LN-002070,39616.25
LN-024704,128652.79
LN-024466,164180.65
LN-008062,64732.86
LN-004497,3060.08
LN-017945,93425.33
LN-008245,0.0
LN-025280,42120.6
LN-026216,42629.46
LN-029085,184502.55
LN-006522,19955.55
LN-028456,23174.34
LN-003823,20414.99
LN-019304,91463.03
LN-020009,64203.13
LN-025469,186320.45
LN-020165,152680.11
LN-028686,46609.4
LN-027886,0.0
LN-000386,0.0
LN-014469,123038.54
LN-011690,51234.48
LN-010287,87122.93
LN-014627,19242.72
LN-004172,599.33
LN-022981,133201.07
LN-024323,28897.75
LN-024607,49788.56
LN-024063,32342.23
LN-025286,0.0
LN-029054,75033.75
LN-028915,154101.64
LN-007541,0.0
LN-005485,105092.68
LN-015056,64112.41
LN-004822,173095.32
LN-013600,57991.87
LN-001171,118296.04
LN-014709,122687.41
LN-002620,19572.72
LN-015526,81706.87
LN-008949,27844.14
LN-012750,68179.46
LN-009481,76547.14
LN-009606,63432.28
LN-007257,30650.9
LN-026059,78314.28
LN-012983,92621.64
LN-002011,126156.86
LN-000033,89432.01
LN-009534,112623.42
LN-008005,131909.98
LN-001755,122694.73
LN-021873,61219.77
LN-013224,21356.62
LN-012287,106155.32
LN-028876,0.0
LN-019867,22691.14
LN-011604,46258.42
LN-000087,311.68
LN-025988,1536.22
LN-018107,201501.34
LN-017576,88272.29
LN-003143,49290.33
LN-019909,166722.81
LN-028747,171650.92
LN-019206,101545.39
LN-011448,65891.07
LN-006197,70481.49
LN-028979,115475.79
LN-020414,42265.81
LN-012505,0.0
LN-010164,123593.42
LN-028526,30519.21
LN-004623,36721.56
LN-011695,87558.72
LN-004879,18196.56
LN-009985,113235.68
LN-006439,1232.24
LN-012138,64008.98
LN-001970,56210.79
LN-024481,189917.8
LN-012909,254913.94
LN-012650,160968.33
LN-003243,113828.6
LN-019013,74879.34
LN-025547,21840.25
LN-010734,212530.34
LN-013950,3098.66
LN-024167,0.0
LN-009871,86491.0
LN-001955,0.0
LN-026115,54.11
LN-010600,124.27
LN-025692,198726.06
LN-012029,70481.11
LN-021481,222177.94
LN-025602,41089.08
LN-000926,0.0
LN-006574,20828.46
LN-010465,47207.48
LN-019559,89101.08
LN-007318,28738.17
LN-019741,160600.64
LN-006094,73036.84
LN-006340,1901.79
LN-004622,112531.3
LN-016623,33412.74
LN-026829,0.0
LN-001556,265345.42
LN-019384,33512.89
LN-003704,27325.61
LN-020714,157518.3
LN-004428,81784.47
LN-022464,75064.14
LN-014370,76365.14
LN-010202,25278.58
LN-025618,0.0
LN-013774,25596.88
LN-023284,49509.53
LN-011222,161369.05
LN-001642,252459.69
LN-014302,124179.99
LN-018544,29313.96
LN-021833,32213.56
LN-004066,62992.09
LN-024108,81.35
LN-005419,139136.42
LN-028085,663.33
LN-002920,27893.25
LN-015641,35455.92
LN-000739,168812.4
LN-012571,137309.03
LN-020341,40941.42
LN-019675,98993.44
LN-024277,1381.8
LN-000684,68644.17
LN-014668,49365.6
LN-006260,198451.05
LN-018260,69785.85
LN-016442,136403.76
LN-005636,224772.06
LN-006012,422.11
LN-004031,198261.41
LN-005706,61574.61
LN-007646,109175.77
LN-012413,29561.13
LN-000550,65185.26
LN-026089,97443.09
LN-005102,92901.47
LN-022033,24373.39
LN-023821,30511.46
LN-001332,61272.47
LN-017317,45794.52
LN-027927,0.0
LN-018205,64424.52
LN-019700,94638.89
LN-011867,215913.27
LN-013604,37757.53
LN-016808,96378.14
LN-013421,0.0
LN-017613,6596.67
LN-012937,0.0
LN-028569,40296.85
LN-013436,64505.49
LN-008052,203032.04
LN-016520,11229.4
LN-009357,19289.31
LN-000103,0.0
LN-024032,68373.54
LN-024061,24370.95
LN-011191,43413.4
LN-025235,32673.38
LN-009228,116716.63
LN-006417,173015.36
LN-005356,212422.78
LN-001542,79820.51
LN-010870,0.0
LN-013432,42504.07
LN-010184,172076.89
LN-017351,87257.23
LN-025066,185602.76
LN-014621,32660.31
LN-021718,83227.84
LN-018075,3299.7
LN-023261,28864.64
LN-008843,103577.89
LN-004999,281911.96
LN-017316,44498.54
LN-025437,3711.48
LN-027894,52812.47
LN-009058,38948.73
LN-009546,138887.59
LN-008524,28695.14
LN-027661,42047.58
LN-004456,46478.46
LN-002207,173219.99
LN-002528,51491.18
LN-006005,240.64
LN-006946,2513.39
LN-028365,151105.56
LN-017748,34383.98
LN-028960,257639.94
LN-028223,114129.9
LN-010419,0.0
LN-010551,0.0
LN-006562,36646.64
LN-007112,207060.85
LN-022813,120777.37
LN-026247,234022.83
LN-025992,1951.79
LN-001758,69331.76
LN-019755,272709.78
LN-006550,33230.22
LN-028320,103179.48
LN-005073,68.4
LN-029195,300899.79
LN-023602,85970.11
LN-022269,96402.68
LN-024577,113522.71
LN-025032,42705.62
LN-000073,0.0
LN-004448,191325.49
LN-017703,156732.79
LN-022883,0.0
LN-001616,67437.3
LN-017588,150636.16
LN-025502,51423.91
LN-028899,52993.84
LN-021098,100083.17
LN-011864,62199.61
LN-020854,120307.7
LN-023747,239.84
LN-019217,117.56
LN-025266,127182.48
LN-011885,38210.92
LN-021068,53501.31
LN-010955,109851.16
LN-008533,219944.46
LN-008775,0.0
LN-002817,79860.67
LN-020960,208525.52
LN-026267,213317.06
LN-014271,83490.57
LN-009266,0.0
LN-026861,0.0
LN-022545,201811.36
LN-021792,0.0
LN-016756,192.3
LN-027667,0.0
LN-028065,83875.83
LN-010769,82838.36
LN-024053,17902.63
LN-011780,34.13
LN-012427,234521.82
LN-013337,72666.16
LN-016206,41921.68
LN-019179,82580.66
LN-021850,44893.95
LN-002833,148136.74
LN-024646,138721.88
LN-028462,43490.07
LN-022725,56490.06
LN-019743,213368.78
LN-016273,88449.44
LN-018106,190372.98
LN-022539,50979.25
LN-013275,246511.34
LN-024018,42768.34
LN-014580,0.0
LN-006806,202969.16
LN-008711,36170.52
LN-026464,0.0
LN-003714,635.16
LN-014019,200098.43
LN-014326,82624.08
LN-020782,225425.34
LN-023222,136404.07
LN-008909,0.0
LN-001918,85174.6
LN-012844,98764.05
LN-021451,139124.92
LN-007211,58333.62
LN-009119,2148.77
LN-008361,107810.33
LN-024730,52451.15
LN-018719,32672.24
LN-003757,150327.32
LN-011525,28631.82
LN-011441,93526.04
LN-028206,172123.19
LN-023428,115226.48
LN-019863,0.0
LN-002923,169419.59
LN-004067,127060.33
LN-009323,45941.58
LN-026342,197797.87
LN-003673,57300.07
LN-000897,542.38
LN-001400,40572.43
LN-026258,88154.39
LN-020625,159530.54
LN-014433,77373.34
LN-004907,57883.68
LN-005093,72215.61
LN-014889,77390.66
LN-006133,0.0
LN-026031,146.83
LN-017206,48682.09
LN-000643,352841.52
LN-012068,103547.27
LN-007467,23298.65
LN-012257,101055.19
LN-006742,87902.27
LN-028977,39877.48
LN-015004,111125.07
LN-004246,11385.98
LN-013424,99280.1
LN-027490,14793.53
LN-020214,0.0
LN-022834,48960.98
LN-015461,0.0
LN-028937,137226.75
LN-017909,0.0
LN-020955,88117.69
LN-009802,223993.47
LN-028680,90576.73
LN-015757,34281.67
LN-002113,0.0
LN-006972,172364.44
LN-002018,56258.55
LN-018570,31893.59
LN-000330,50803.88
LN-025702,0.0
LN-019685,42279.03
LN-018747,20460.38
LN-000595,169220.13
LN-019244,26963.59
LN-003291,54317.95
LN-022119,325926.09
LN-016051,0.0
LN-024150,34414.96
LN-022472,300150.09
LN-000703,157899.66
LN-003795,61554.05
LN-022709,112899.04
LN-027675,39688.39
LN-017361,28748.95
LN-014188,150114.78
LN-026584,26344.67
LN-021808,1624.95
LN-026495,30293.28
LN-024014,0.0
LN-007482,87454.75
LN-018966,31399.53
LN-021476,20759.19
LN-003020,0.0
LN-027902,285828.97
LN-006940,66315.62
LN-018734,170311.44
LN-011806,191501.09
LN-014012,134137.16
LN-012578,35438.63
LN-007816,28587.2
LN-009560,41790.19
LN-001493,121902.75
LN-004460,62380.11
LN-020897,112259.84
LN-023693,124077.67
LN-006229,0.0
LN-010590,276592.74
LN-027293,39615.93
LN-019611,169769.61
LN-027636,0.0
LN-029056,2073.51
LN-023446,98560.64
LN-021702,0.0
LN-000812,273484.16
LN-003789,37883.54
LN-007099,21563.74
LN-028001,75743.24
LN-000150,187870.0
LN-017214,39965.91
LN-016975,212886.73
LN-010489,69185.33
LN-021868,38985.54
LN-015885,65298.39
LN-003494,158.74
LN-010028,157716.26
LN-022275,207582.88
LN-005426,72874.05
LN-008071,9948.84
LN-014970,143053.76
LN-023384,76813.62
LN-015862,126709.19
LN-019736,30037.14
LN-012006,185035.14
LN-005669,19315.6
LN-000618,20916.86
LN-023848,97804.72
LN-015043,0.0
LN-013081,71240.65
LN-017646,319496.24
LN-028100,69519.55
LN-022830,14443.95
LN-001013,118948.46
LN-026046,55402.56
LN-010894,246970.6
LN-026947,184580.17
LN-023527,72362.39
LN-017692,68481.47
LN-017072,1263.91
LN-004044,189180.09
LN-007212,162084.88
LN-026186,0.0
LN-023066,65536.06
LN-012626,25873.85
LN-005520,223590.64
LN-015874,66986.04
LN-007024,17427.55
LN-010728,94813.24
LN-028433,60512.43
LN-017049,31685.79
LN-027216,37811.17
LN-008034,0.0
LN-028091,83725.06
LN-025446,99041.92
LN-021973,202532.39
LN-005578,132066.85
LN-007811,0.0
LN-009295,118078.53
LN-000480,43398.39
LN-017374,38806.86
LN-024357,36133.12
LN-023545,20764.99
LN-028509,109608.46
LN-012958,42863.36
LN-029022,60403.46
LN-006681,113563.63
LN-008525,0.0
LN-000750,223909.23
LN-007239,0.0
LN-000863,17960.67
LN-022182,73282.81
LN-016073,28331.14
LN-026229,38211.87
LN-004761,33549.48
LN-024843,401.9
LN-020642,42408.79
LN-027976,0.0
LN-017240,51862.34
LN-006793,62740.92
LN-024979,45464.23
LN-018481,88770.07
LN-023953,0.0
LN-005729,0.0
LN-024046,47442.53
LN-000225,105983.29
LN-022178,53733.08
LN-007932,92450.37
LN-006482,37929.12
LN-021679,34481.5
LN-000735,28946.87
LN-021895,38438.61
LN-025048,104400.91
LN-017936,126804.21
LN-021652,26468.63
LN-009234,131688.55
LN-027604,71667.06
LN-017861,62847.56
LN-028447,0.0
LN-013302,129718.53
LN-003972,24844.95
LN-009382,130691.42
LN-003965,69145.05
LN-013399,0.0
LN-005888,38450.01
LN-011330,133517.61
LN-027923,12496.61
LN-023223,53494.63
LN-019424,73263.6
LN-028666,57822.16
LN-012334,41089.81
LN-005013,61827.52
LN-009532,152334.59
LN-012105,65544.01
LN-024112,134326.53
LN-003690,50446.39
LN-011753,27408.34
LN-021682,13364.73
LN-015358,36295.64
LN-021574,33632.07
LN-025520,112355.7
LN-017251,93846.6
LN-024110,90333.19
LN-005863,42381.75
LN-019286,89525.81
LN-012752,38080.44
LN-009698,0.0
LN-022070,60363.83
LN-023296,46672.19
LN-025706,27821.04
LN-024105,272720.67
LN-020803,43246.92
LN-003880,95372.62
LN-028550,184733.9
LN-027337,0.0
LN-009753,0.0
LN-003693,26958.03
LN-027410,53689.25
LN-012417,83737.87
LN-005448,124312.3
LN-009160,110817.3
LN-008863,53282.5
LN-007856,45018.25
LN-003057,67926.03
LN-023616,92120.08
LN-027118,91417.7
LN-011632,2688.78
LN-014810,23715.77
LN-021934,163774.66
LN-005283,55615.62
LN-003267,105107.2
LN-005140,146340.65
LN-016366,22547.01
LN-024647,15265.37
LN-018373,157789.63
LN-005203,76452.36
LN-025629,82848.78
LN-021382,2506.28
LN-024804,124455.85
LN-013473,38501.32
LN-028016,125051.02
LN-015539,96318.07
LN-003899,200084.79
LN-000309,290329.78
LN-014148,113475.44
LN-001664,0.0
LN-010274,0.0
LN-015082,68681.57
LN-015928,109439.61
LN-010658,4128.32
LN-025645,159961.48
LN-024906,173781.47
LN-004736,146041.92
LN-008456,93930.82
LN-020017,0.0
LN-020075,72714.17
LN-016128,37231.36
LN-012521,65443.26
LN-005657,230842.4
LN-023438,21123.39
LN-023335,79893.64
LN-010376,35986.71
LN-018867,24186.32
LN-001635,125754.96
LN-014328,136112.58
LN-005458,18956.08
LN-013121,36534.81
LN-001205,97553.55
LN-008470,96430.48
LN-004345,518.56
LN-025118,94166.99
LN-014345,0.0
LN-008382,33431.47
LN-027343,167360.76
LN-026297,219337.37
LN-013478,185530.85
LN-007949,19844.49
LN-007780,92136.66
LN-023303,61150.97
LN-004873,43491.98
LN-020930,14968.96
LN-012579,24183.65
LN-023011,104020.15
LN-018725,73968.27
LN-010181,46139.56
LN-028638,13346.36
LN-010732,65496.99
LN-014519,0.0
LN-004163,5115.41
LN-002985,4715.01
LN-026224,163760.14
LN-023413,38616.66
LN-009161,187169.52
LN-014054,98402.32
LN-009385,168198.68
LN-021442,200431.27
LN-002578,36599.51
LN-021005,151685.01
LN-021338,104858.28
LN-007571,101892.14
LN-028656,217720.73
LN-027129,111742.75
LN-025560,91896.82
LN-008927,101429.0
LN-000222,98951.52
LN-007021,16817.78
LN-005842,111035.38
LN-024430,389833.73
LN-006762,85745.15
LN-019333,46892.71
LN-006783,34328.85
LN-010136,71872.69
LN-026825,112530.65
LN-012275,48170.31
LN-017426,36123.39
LN-002955,12788.57
LN-008104,54732.6
LN-006807,170182.79
LN-003442,7459.04
LN-026362,14151.9
LN-026026,151122.04
LN-028695,89400.87
LN-022783,16803.41
LN-015617,68495.39
LN-023581,3062.8
LN-018841,52637.13
LN-026422,60114.01
LN-008291,98520.09
LN-024707,124721.5
LN-021852,139503.01
LN-004853,89328.0
LN-004800,12711.98
LN-012962,0.0
LN-018721,1255.93
LN-021478,46837.77
LN-022531,167836.4
LN-020288,131596.84
LN-024490,49838.84
LN-016541,45268.11
LN-027368,0.0
LN-003166,26243.11
LN-016280,102472.58
LN-015108,44660.18
LN-006145,61.48
LN-006979,34419.55
LN-021089,85779.8
LN-027027,104020.26
LN-007968,45153.99
LN-000528,49361.6
LN-021117,62956.76
LN-019929,37691.7
LN-019113,38304.86
LN-024197,166560.75
LN-028722,94973.68
LN-018399,8677.21
LN-006206,292446.78
LN-021215,65336.44
LN-003320,48185.83
LN-016144,78553.46
LN-020292,32372.1
LN-022902,74972.8
LN-025063,5812.5
LN-010022,0.0
LN-026382,41913.74
LN-028072,129121.48
LN-007132,19083.11
LN-006391,29274.28
LN-008849,31311.25
LN-006109,123813.98
LN-004170,0.0
LN-006698,28548.49
LN-017349,58438.91
LN-004749,96446.51
LN-012874,170546.67
LN-002936,227325.51
LN-028459,72000.97
LN-024303,0.0
LN-012712,193153.97
LN-002559,281926.34
LN-023937,205661.25
LN-000189,97963.54
LN-008865,95987.49
LN-019640,137070.99
LN-006844,85905.06
LN-021907,0.0
LN-025830,67293.43
LN-021894,98628.68
LN-001922,153854.73
LN-000243,19214.12
LN-001434,192453.59
LN-022822,175516.08
LN-026177,96496.8
LN-009666,36723.02
LN-021621,0.0
LN-009675,17590.5
LN-007521,45621.29
LN-011282,22824.13
LN-015787,1269.49
LN-014272,0.0
LN-013444,45313.75
LN-025240,19427.07
LN-010324,8963.77
LN-000850,63222.32
LN-024141,39049.23
LN-024727,25963.33
LN-003857,51564.37
LN-008552,137029.56
LN-006961,656.62
LN-015964,0.0
LN-015375,156700.82
LN-028527,51796.66
LN-002505,64702.73
LN-020765,42551.52
LN-003277,75541.15
LN-010875,0.0
LN-024270,192147.67
LN-024851,137737.58
LN-009480,130191.98
LN-007620,77533.99
LN-022334,33429.04
LN-011363,186882.38
LN-000409,60193.47
LN-000881,81565.22
LN-023127,76835.7
LN-028134,46982.64
LN-028220,13525.18
LN-027974,0.0
LN-016048,109575.12
LN-000018,82931.8
LN-015784,237614.24
LN-023445,178124.29
LN-005724,199031.14
LN-009933,36547.02
LN-025501,68704.67
LN-013848,93155.62
LN-000095,94947.26
LN-020556,476435.78
LN-000767,91971.09
LN-000359,8101.26
LN-011240,145092.48
LN-001011,59676.85
LN-023626,32485.0
LN-011158,138250.05
LN-010941,83781.04
LN-018976,64918.42
LN-013463,0.0
LN-011061,116292.3
LN-015678,101555.28
LN-025447,0.0
LN-015138,84174.27
LN-003607,223476.46
LN-008127,79087.5
LN-023657,182755.88
LN-010738,140694.04
LN-025843,26632.57
LN-018621,239622.77
LN-007144,121791.02
LN-017709,24747.31
LN-007372,85632.67
LN-016037,118827.08
LN-008259,1195.64
LN-021962,36612.52
LN-014130,68616.69
LN-004430,14923.9
LN-015102,260773.74
LN-014543,25812.56
LN-027082,124016.61
LN-018842,19638.78
LN-012341,373.45
LN-000269,110175.64
LN-017700,27725.07
LN-013300,96072.18
LN-000935,137126.58
LN-024633,6423.67
LN-017155,72033.78
LN-014986,7150.65
LN-011787,52313.63
LN-027235,63184.81
LN-002776,72527.4
LN-014682,65510.72
LN-028878,5212.16
LN-020775,65015.7
LN-019022,164157.51
LN-008373,46033.15
LN-006755,206591.83
LN-018705,31.51
LN-011673,144980.37
LN-005550,87187.75
LN-013831,37685.1
LN-005015,47370.29
LN-006155,202279.19
LN-015069,0.0
LN-003037,149990.98
LN-017800,98411.99
LN-023932,102596.97
LN-024486,38705.0
LN-006773,103120.5
LN-021127,34789.42
LN-023402,0.0
LN-009668,143938.36
LN-010404,0.0
LN-004896,0.0
LN-021204,74230.65
LN-019349,0.0
LN-025336,41741.17
LN-014872,213.27
LN-000861,42438.34
LN-023823,47432.8
LN-011260,3571.58
LN-021432,52757.0
LN-001834,0.0
LN-028969,72073.91
LN-004315,40816.4
LN-019825,168870.35
LN-028971,107497.81
LN-028397,96991.93
LN-028119,258709.29
LN-010321,32975.37
LN-003144,29251.18
LN-011568,0.0
LN-020663,29458.43
LN-017787,77067.66
LN-007416,221125.11
LN-004335,0.0
LN-022076,90279.43
LN-024273,86119.94
LN-010830,30060.84
LN-009761,77642.13
LN-024861,102916.52
LN-003258,74494.76
LN-022575,145294.38
LN-018717,57053.62
LN-005091,4832.3
LN-004060,64237.31
LN-022933,44532.66
LN-015888,0.0
LN-010999,72569.22
LN-005430,55379.55
LN-027570,43988.7
LN-027299,13106.77
LN-010767,87093.05
LN-012050,114828.5
LN-017852,23673.2
LN-010730,7466.38
LN-029317,33863.83
LN-008349,0.0
LN-018816,0.0
LN-028553,60185.73
LN-019824,0.0
LN-013100,59967.37
LN-027072,262.67
LN-026210,61272.75
LN-027367,0.0
LN-028725,95012.35
LN-011397,71164.55
LN-002470,142842.47
LN-028848,104568.69
LN-012326,74978.35
LN-000728,92663.16
LN-007313,32264.97
LN-022572,0.0
LN-005519,185315.14
LN-002472,33393.86
LN-012617,665.01
LN-004857,80219.61
LN-017619,74093.07
LN-001279,239.5
LN-021217,129733.83
LN-018685,0.0
LN-027743,90240.23
LN-007554,61578.71
LN-006147,78375.17
LN-008135,0.0
LN-023161,20920.36
LN-005379,148961.33
LN-023796,1311.8
LN-023792,11126.84
LN-006286,44851.48
LN-022975,83506.29
LN-023518,0.0
LN-009311,248720.94
LN-007956,220233.9
LN-010492,0.0
LN-021110,62105.1
LN-022971,38691.29
LN-000167,35164.52
LN-016848,70022.28
LN-011995,173799.44
LN-022197,37867.14
LN-023885,88815.58
LN-020961,40678.78
LN-014846,144869.01
LN-010726,14024.01
LN-008714,33794.04
LN-018210,162068.64
LN-008845,0.0
LN-026742,176591.24
LN-001315,24083.15
LN-008117,53723.71
LN-019585,174026.67
LN-008512,30186.09
LN-007495,53470.56
LN-018718,57912.43
LN-001752,116093.86
LN-025425,39290.03
LN-028408,23324.86
LN-022223,85213.61
LN-012352,0.0
LN-010673,145682.45
LN-002106,129724.65
LN-026619,156573.5
LN-010704,186509.46
LN-022696,44979.09
LN-012737,14822.08
LN-008330,38938.8
LN-014399,115308.42
LN-015171,13797.37
LN-000271,171130.79
LN-011221,5687.39
LN-009131,122490.71
LN-003893,43546.57
LN-002318,124847.59
LN-006565,208135.05
LN-018569,30661.59
LN-024410,26454.85
LN-005393,21671.01
LN-026240,105517.55
LN-014918,68508.47
LN-012084,245546.33
LN-014116,0.0
LN-001832,0.0
LN-013547,117022.19
LN-024040,134002.57
LN-001966,1128.42
LN-012134,75667.65
LN-029129,0.0
LN-027446,213485.09
LN-016531,52240.17
LN-001872,118524.08
LN-026399,61005.69
LN-007579,23062.31
LN-005344,24870.36
LN-007290,122269.07
LN-016554,104196.37
LN-002635,83352.91
LN-015683,425.84
LN-008545,0.0
LN-014419,44571.66
LN-005268,114055.62
LN-026804,0.0
LN-025767,117761.25
LN-001353,64433.2
LN-014974,157550.99
LN-026084,123175.04
LN-019049,4185.64
LN-012332,173578.23
LN-003769,56783.78
LN-027511,27843.6
LN-028367,25176.46
LN-020351,51253.21
LN-012397,91636.17
LN-025504,29954.46
LN-024872,0.0
LN-026752,0.0
LN-015674,4144.47
LN-018530,0.0
LN-004698,86546.56
LN-021502,116761.46
LN-014134,64692.81
LN-013362,160047.03
LN-011460,83214.14
LN-023588,16288.94
LN-004099,35470.75
LN-012088,239419.66
LN-012012,0.0
LN-026430,106968.24
LN-018242,68110.19
LN-003401,120399.21
LN-023759,77273.33
LN-023088,0.0
LN-022450,0.0
LN-007957,97162.65
LN-016345,82560.41
LN-015253,161682.69
LN-022814,58450.08
LN-005783,0.0
LN-014473,73054.77
LN-005222,85836.05
LN-020008,0.0
LN-001440,73760.41
LN-018907,0.0
LN-010608,19067.44
LN-021445,68388.73
LN-011148,128741.76
LN-020720,111095.9
LN-002671,0.0
LN-022864,224843.62
LN-013966,54445.21
LN-000312,135710.78
LN-024571,194366.72
LN-001331,31265.75
LN-025955,82622.29
LN-000049,97034.91
LN-000474,172227.91
LN-026255,123555.94
LN-018429,112698.87
LN-021787,0.0
LN-025013,44757.47
LN-000015,16586.32
LN-010109,0.0
LN-025671,74776.73
LN-006774,53544.89
LN-021433,0.0
LN-009795,108379.09
LN-024354,0.0
LN-006491,32913.93
LN-004578,61606.22
LN-020212,20459.22
LN-006682,36435.52
LN-021942,170738.39
LN-003656,150238.46
LN-004259,0.0
LN-007455,75848.14
LN-022538,40420.97
LN-028912,105814.83
LN-020477,28774.38
LN-016860,26968.4
LN-003834,30656.91
LN-013480,41978.02
LN-022755,27374.57
LN-019482,119485.24
LN-018217,37392.76
LN-021760,40027.79
LN-024590,96843.62
LN-007649,60192.56
LN-029318,130448.36
LN-016459,97273.41
LN-000801,68569.69
LN-015522,76778.76
LN-007572,150401.08
LN-024229,213991.56
LN-013569,38202.3
LN-016020,41682.2
LN-009164,0.0
LN-003327,49962.09
LN-014079,192920.55
LN-028304,2680.61
LN-018954,85.68
LN-002236,30365.28
LN-007524,71207.28
LN-006558,23965.83
LN-013587,142507.77
LN-017193,2055.81
LN-024347,24261.24
LN-026516,79832.15
LN-016751,92634.78
LN-003599,103427.15
LN-000938,82660.7
LN-000326,73094.1
LN-016894,75199.26
LN-015338,0.0
LN-015326,46288.49
LN-009245,66628.37
LN-008405,0.0
LN-015101,159.89
LN-001191,59615.05
LN-025255,72382.04
LN-025888,0.0
LN-019879,26469.0
LN-017939,34207.31
LN-026171,0.0
LN-021951,0.0
LN-008907,149.01
LN-015132,1223.01
LN-007308,71527.76
LN-014921,21242.14
LN-017385,0.0
LN-028630,69490.88
LN-008603,317155.45
LN-019526,33797.62
LN-004626,51312.62
LN-015041,50561.34
LN-022245,125013.96
LN-011095,49078.23
LN-008161,222202.41
LN-016540,128.13
LN-015988,116.7
LN-021995,15187.81
LN-019871,18723.95
LN-006098,96995.56
LN-017721,37330.16
LN-006688,35306.49
LN-008943,123839.98
LN-000361,136170.95
LN-010411,42684.77
LN-018626,79890.73
LN-023731,41317.42
LN-003023,20578.46
LN-014118,219602.14
LN-027402,46480.4
LN-028859,36937.1
LN-014753,63089.73
LN-001089,0.0
LN-028858,144895.46
LN-014031,0.0
LN-022326,73281.61
LN-008359,61391.06
LN-028374,79639.5
LN-013635,82566.24
LN-020758,117483.82
LN-022854,30387.64
LN-015533,30931.8
LN-002868,4092.04
LN-026438,879.6
LN-003216,60073.66
LN-026766,148154.24
LN-007019,40547.7
LN-008666,0.0
LN-002372,180451.86
LN-000165,16661.82
LN-008919,220653.91
LN-018351,108469.41
LN-014202,109394.31
LN-024772,95081.99
LN-026208,126952.31
LN-011537,75083.09
LN-019737,75723.04
LN-017622,76710.95
LN-026806,111645.52
LN-025979,41562.88
LN-006658,0.0
LN-024690,87319.02
LN-013024,0.0
LN-000256,21949.64
LN-018999,347.27
LN-025298,69966.85
LN-028200,184513.5
LN-004136,158988.27
LN-008772,21401.06
LN-003559,44972.42
LN-028813,83525.13
LN-027731,20168.67
LN-009535,201725.87
LN-004062,18937.02
LN-015466,0.0
LN-021144,8105.58
LN-015968,96046.88
LN-021091,29023.55
LN-023378,1183.46
LN-017666,18532.0
LN-021780,137781.38
LN-019321,92204.08
LN-020648,8855.25
LN-008756,0.0
LN-011532,26168.29
LN-007915,0.0
LN-027840,51651.44
LN-005187,174.83
LN-003514,58166.92
LN-000902,578.4
LN-006962,0.0
LN-013223,56180.22
LN-022655,155018.56
LN-004985,102336.05
LN-014908,46512.02
LN-004339,0.0
LN-005261,70941.42
LN-021714,90235.61
LN-008102,0.0
LN-016111,96668.02
LN-017880,38924.36
LN-015414,26122.3
LN-003005,331146.83
LN-011465,74083.14
LN-017656,0.0
LN-006234,97328.45
LN-019876,191409.46
LN-012248,40906.04
LN-008804,35049.57
LN-003722,185019.07
LN-018160,118725.29
LN-012996,36245.1
LN-023366,0.0
LN-004646,375.21
LN-009029,281.41
LN-012048,128758.38
LN-007805,38954.83
LN-012487,112293.9
LN-008744,50594.82
LN-024069,94039.01
LN-006211,52189.8
LN-009097,56889.43
LN-003281,141860.88
LN-010737,115046.37
LN-021580,23352.41
LN-027462,0.0
LN-014368,7264.23
LN-028521,75998.23
LN-011853,135307.81
LN-004556,88194.41
LN-015438,62041.52
LN-010993,53073.22
LN-024748,2320.41
LN-015825,177075.11
LN-018896,38360.58
LN-018441,15047.13
LN-009172,59126.2
LN-028785,73765.55
LN-011458,47794.82
LN-027745,62400.12
LN-017581,126143.21
LN-005212,28804.42
LN-003719,44338.8
LN-027825,158973.98
LN-011751,194400.81
LN-015699,44005.92
LN-014145,88856.98
LN-009809,17646.32
LN-025997,2073.1
LN-016784,90370.17
LN-017727,118418.35
LN-016208,307.52
LN-006534,71328.94
LN-022413,43863.66
LN-015843,103206.86
LN-021163,59174.51
LN-028946,38445.73
LN-027156,86171.17
LN-006896,89345.34
LN-015824,9739.33
LN-028771,49245.73
LN-020498,37247.01
LN-000774,0.0
LN-016205,162196.43
LN-016501,39965.64
LN-000440,20378.02
LN-010458,124086.65
LN-024022,141487.68
LN-016246,70555.26
LN-027512,2442.65
LN-028151,0.0
LN-018545,0.0
LN-002235,146362.87
LN-028613,86080.24
LN-009718,18429.0
LN-019709,0.0
LN-007300,175420.5
LN-010879,45811.16
LN-019130,92667.72
LN-020238,0.0
LN-021639,142924.62
LN-002582,0.0
LN-011450,31485.31
LN-004783,72771.6
LN-026985,40955.52
LN-026893,0.0
LN-005208,44093.64
LN-011834,156199.52
LN-002897,21499.36
LN-016728,207707.15
LN-004484,165773.31
LN-017989,349.73
LN-020170,7660.78
LN-006617,19067.29
LN-016470,212831.75
LN-024593,566.7
LN-009710,32602.65
LN-005839,81909.6
LN-001312,0.0
LN-028183,153366.24
LN-022987,41927.74
LN-023845,36878.46
LN-016791,30018.73
LN-017806,87837.25
LN-027929,55230.57
LN-008548,134499.62
LN-007740,2388.24
LN-003748,156571.32
LN-010267,36307.99
LN-025810,124376.57
LN-010716,49962.81
LN-016691,83703.45
LN-000258,77628.57
LN-008748,143574.81
LN-012543,25775.92
LN-024386,0.0
LN-017961,56651.19
LN-027459,186086.52
LN-014171,0.0
LN-006588,85748.98
LN-010777,69255.24
LN-010915,42623.59
LN-004142,212823.72
LN-015803,37128.59
LN-001474,48648.78
LN-018651,1485.75
LN-000220,41356.64
LN-028417,113390.19
LN-009075,21780.61
LN-027100,94046.94
LN-002138,170177.89
LN-028021,48406.51
LN-017289,133682.52
LN-022716,75642.44
LN-014937,227455.54
LN-015792,28379.41
LN-013968,219.09
LN-011846,48117.93
LN-000622,57554.65
LN-012422,83123.91
LN-026509,36991.3
LN-001083,264624.62
LN-023266,19643.3
LN-022818,106971.24
LN-012121,0.0
LN-025465,55913.11
LN-019449,15763.42
LN-001455,37553.44
LN-020548,27783.4
LN-017496,175161.13
LN-020405,0.0
LN-004173,87279.77
LN-015698,39233.64
LN-001975,104346.46
LN-025984,559.76
LN-021949,158722.4
LN-022424,39962.03
LN-015592,245910.04
LN-017171,22413.29
LN-004784,39702.87
LN-008959,21737.02
LN-003945,70286.57
LN-012225,0.0
LN-011527,70781.23
LN-027473,158875.75
LN-015587,75102.75
LN-025396,118161.2
LN-027489,107298.45
LN-009561,107510.97
LN-028153,23352.5
LN-004803,33713.79
LN-026361,70296.38
LN-025595,480.99
LN-021557,63109.39
LN-024794,899.14
LN-000047,12852.47
LN-001873,85722.79
LN-028023,66850.2
LN-019261,70755.6
LN-000731,36720.46
LN-013055,940.53
LN-008390,76964.56
LN-006583,18226.06
LN-006336,87459.68
LN-019875,146618.52
LN-020415,0.0
LN-007697,46900.0
LN-011440,5062.75
LN-015515,21635.1
LN-014755,45945.71
LN-018639,23022.38
LN-019111,38842.75
LN-022792,61042.93
LN-012057,53662.58
LN-002580,149686.27
LN-013102,2528.22
LN-001896,88297.77
LN-019407,110326.24
LN-009972,47084.38
LN-006609,146567.56
LN-017373,502.89
LN-021255,74645.2
LN-016191,129695.06
LN-027534,63442.36
LN-028011,91499.48
LN-018701,67503.87
LN-003787,85221.91
LN-027059,0.0
LN-026727,61971.91
LN-028565,115443.31
LN-020865,38691.36
LN-014554,12055.49
LN-015600,0.0
LN-027210,19310.25
LN-024117,0.0
LN-029004,66772.39
LN-003052,42315.35
LN-004427,74461.61
LN-012714,17704.43
LN-007721,40229.87
LN-011160,145906.66
LN-009466,39857.39
LN-013329,75534.04
LN-005272,23177.78
LN-008197,5534.71
LN-007749,43854.66
LN-010042,26832.62
LN-027980,117570.34
LN-020591,41860.76
LN-009287,156307.28
LN-023542,85597.27
LN-000969,4135.86
LN-028341,1021.2
LN-025391,65171.09
LN-022681,9445.58
LN-028404,0.0
LN-024484,27734.46
LN-028622,72358.46
LN-027850,125334.15
LN-009706,27012.6
LN-027370,85864.64
LN-012230,62105.93
LN-027046,43233.04
LN-023134,242550.04
LN-014987,134324.9
LN-011093,168680.77
LN-013722,61138.84
LN-028007,0.0
LN-000946,42402.05
LN-018562,152754.49
LN-010333,25085.94
LN-025409,75941.07
LN-011285,178609.62
LN-010441,87561.56
LN-021505,45816.55
LN-015349,45145.44
LN-003150,269905.41
LN-008340,100634.73
LN-015095,24612.28
LN-018114,12777.16
LN-013881,114007.16
LN-027407,106269.42
LN-006419,299967.89
LN-025623,92805.36
LN-018101,57110.93
LN-001921,199093.8
LN-018517,43112.38
LN-019403,97055.73
LN-019357,73712.89
LN-026072,60011.02
LN-016171,86934.33
LN-025990,87764.77
LN-022590,22860.23
LN-010705,108110.95
LN-004092,62044.03
LN-006508,27671.08
LN-004962,21689.18
LN-005870,72822.93
LN-010780,84301.82
LN-004948,75014.54
LN-022297,174432.22
LN-024175,64738.91
LN-010646,97091.49
LN-021186,58073.1
LN-014531,25936.47
LN-008770,96051.37
LN-009021,56669.67
LN-014521,35546.48
LN-012321,48023.48
LN-008652,24772.25
LN-007223,17597.08
LN-008304,62323.71
LN-026126,42945.55
LN-025852,86300.88
LN-019120,220443.77
LN-015121,0.0
LN-007436,166441.03
LN-026828,41219.18
LN-001640,0.0
LN-019129,24973.74
LN-012080,0.0
LN-028111,0.0
LN-024258,146588.31
LN-003322,15394.82
LN-020396,50710.41
LN-023682,143224.88
LN-023071,182982.36
LN-018423,79871.89
LN-025931,11333.97
LN-005680,147.85
LN-008066,38360.4
LN-022241,44961.44
LN-014295,40996.55
LN-014063,58770.79
LN-029103,89885.09
LN-028510,40779.75
LN-005066,189031.09
LN-025863,0.0
LN-002299,86502.24
LN-016925,585.4
LN-015193,19612.08
LN-008031,0.0
LN-020848,229668.01
LN-029130,28717.21
LN-008745,106095.29
LN-011113,90502.89
LN-008734,133677.53
LN-023835,30516.05
LN-010867,146384.28
LN-004717,32261.61
LN-003026,118931.53
LN-021250,174326.24
LN-022020,101063.22
LN-002695,239.84
LN-006092,66667.6
LN-019723,18693.51
LN-027341,39886.42
LN-010614,71875.26
LN-008131,115806.15
LN-001346,90686.61
LN-019664,7262.27
LN-015127,206227.91
LN-002137,39261.12
LN-011101,112824.94
LN-026671,16541.92
LN-013380,43111.78
LN-017980,69626.86
LN-011930,31318.84
LN-002398,43888.38
LN-028746,175.49
LN-017099,61925.5
LN-024815,0.0
LN-009981,36983.4
LN-006467,475.47
LN-013312,21417.82
LN-019653,12768.88
LN-024663,57303.2
LN-023881,130937.17
LN-005311,116068.79
LN-020853,59296.81
LN-027258,92475.73
LN-002583,0.0
LN-005119,304560.57
LN-013470,128167.26
LN-019565,154112.17
LN-008495,715.18
LN-007642,53063.24
LN-026428,37893.45
LN-015407,77629.14
LN-024965,90553.58
LN-018634,123713.14
LN-007100,16485.0
LN-025586,12314.39
LN-024657,42308.95
LN-002900,124440.06
LN-019989,168090.44
LN-027556,336.95
LN-024578,26674.85
LN-015187,946.6
LN-027255,75407.2
LN-015424,310.42
LN-025404,79631.47
LN-028294,0.0
LN-026678,206503.65
LN-003169,47609.25
LN-008730,44807.1
LN-023198,3520.57
LN-028299,0.0
LN-025115,60013.92
LN-008134,75307.06
LN-016233,0.0
LN-026967,100000.13
LN-000254,0.0
LN-022191,24906.92
LN-023817,33055.42
LN-011654,82515.13
LN-021688,269585.97
LN-019370,0.0
LN-005750,95785.91
LN-019309,129009.29
LN-012081,7281.61
LN-021637,97181.21
LN-005299,108722.65
LN-021554,25880.71
LN-022945,30331.18
LN-016367,47134.09
LN-000680,160089.57
LN-009610,36933.87
LN-001947,175133.22
LN-012946,96880.56
LN-027965,45612.05
LN-006873,71589.99
LN-009541,461.19
LN-005708,133102.21
LN-028933,107098.21
LN-028109,49978.06
LN-018257,35055.97
LN-001634,70925.39
LN-020570,104843.09
LN-002078,74306.93
LN-004886,0.0
LN-022869,39942.23
LN-013744,70795.51
LN-027172,129861.96
LN-018463,36666.53
LN-003944,169551.42
LN-023898,31421.47
LN-018884,100942.98
LN-007248,0.0
LN-028887,23165.13
LN-023052,172305.78
LN-012533,116062.24
LN-026846,132311.61
LN-028708,39589.59
LN-013539,166544.95
LN-005461,2276.8
LN-007781,35816.31
LN-006953,173768.09
LN-027328,142850.52
LN-026311,67119.93
LN-021606,141331.06
LN-019510,127477.94
LN-026116,0.0
LN-016465,45122.42
LN-002051,54244.02
LN-023860,155213.73
LN-027814,40976.65
LN-010755,98735.05
LN-016923,15218.2
LN-004165,46183.2
LN-007873,39333.65
LN-003444,0.0
LN-006832,223773.53
LN-007507,15509.43
LN-001161,44536.48
LN-028389,190110.0
LN-016314,0.0
LN-010929,133719.3
LN-011387,64340.22
LN-008516,0.0
LN-013535,111228.87
LN-028009,41109.66
LN-028263,101570.46
LN-028857,30920.96
LN-018018,86193.25
LN-004576,0.0
LN-019757,57633.23
LN-026638,65698.01
LN-025909,26487.36
LN-023299,65579.05
LN-026528,163833.91
LN-015680,51830.35
LN-002918,184661.52
LN-005560,99949.98
LN-017232,0.0
LN-017403,81075.63
LN-001144,60470.38
LN-014412,126130.43
LN-023449,231716.32
LN-000784,45584.71
LN-003862,0.0
LN-021085,0.0
LN-009964,47090.33
LN-014197,0.0
LN-022970,0.0
LN-024470,147504.39
LN-007289,18011.06
LN-025636,25361.94
LN-007267,0.0
LN-020814,107556.14
LN-025883,78145.53
LN-014561,91903.84
LN-004305,115605.87
LN-026319,110698.01
LN-011585,135355.08
LN-014451,99722.81
LN-001470,49759.28
LN-027852,34322.21
LN-025492,367.91
LN-015387,17662.77
LN-006666,58611.73
LN-000037,31277.31
LN-011972,3051.33
LN-024405,78000.72
LN-009746,294738.85
LN-024567,0.0
LN-005416,52649.0
LN-019142,0.0
LN-024715,47792.53
LN-009089,56058.45
LN-020126,87664.36
LN-009596,8182.04
LN-008537,0.0
LN-025127,67397.17
LN-000853,120022.61
LN-007433,0.0
LN-021537,164289.79
LN-013389,315617.47
LN-009859,0.0
LN-004090,111213.23
LN-023159,23397.43
LN-007603,20669.65
LN-016726,66133.15
LN-014471,81440.31
LN-024198,24569.39
LN-014756,177013.88
LN-026645,5504.9
LN-010422,42111.75
LN-017912,117717.92
LN-002369,108935.0
LN-019734,151877.23
LN-010014,134657.73
LN-015542,118274.4
LN-000423,44253.25
LN-000060,100013.36
LN-021666,88205.5
LN-013015,2391.42
LN-006784,211615.62
LN-001186,236720.17
LN-022346,61726.65
LN-020688,134892.13
LN-008797,122947.17
LN-006735,63442.69
LN-009390,120771.84
LN-024789,72593.84
LN-000869,85348.23
LN-020474,37695.79
LN-029155,34279.9
LN-022980,72611.89
LN-020030,0.0
LN-001785,55025.45
LN-012783,39604.75
LN-000564,17765.21
LN-000357,52529.43
LN-015198,367.91
LN-011291,85273.54
LN-016243,48196.76
LN-023653,128175.29
LN-019210,49838.91
LN-015260,1083.88
LN-023901,123880.06
LN-008194,26379.26
LN-007863,99113.74
LN-012129,139968.5
LN-026744,76227.72
LN-006002,39320.64
LN-006329,184091.5
LN-024476,123126.69
LN-024911,32429.7
LN-008011,144497.47
LN-028274,0.0
LN-025634,150264.44
LN-027975,241177.32
LN-012639,0.0
LN-006488,148775.76
LN-000369,193718.37
LN-024995,78391.29
LN-007936,86941.89
LN-000876,94758.69
LN-027305,709.81
LN-027940,125270.81
LN-015630,27093.11
LN-010697,29036.27
LN-000265,57418.35
LN-026799,0.0
LN-018006,54542.77
LN-006250,15953.36
LN-027350,76475.49
LN-006191,49026.4
LN-004990,0.0
LN-014436,96438.38
LN-022007,168461.99
LN-024457,74700.94
LN-026009,97511.27
LN-024869,108243.8
LN-016438,42001.23
LN-004764,0.0
LN-015949,30091.27
LN-003555,69559.31
LN-004295,225492.47
LN-023069,25526.84
LN-018352,17726.93
LN-001506,0.0
LN-015646,102537.74
LN-000920,36915.86
LN-020491,115280.2
LN-009552,53444.71
LN-006475,326.03
LN-013676,98471.36
LN-014517,0.0
LN-018173,75907.32
LN-000131,0.0
LN-008767,25118.54
LN-029258,141206.22
LN-013301,61462.89
LN-012706,21761.62
LN-006582,85564.0
LN-015324,1180.11
LN-022656,84078.18
LN-027779,126252.1
LN-001258,58113.9
LN-004100,1808.23
LN-006738,84722.35
LN-008171,55800.91
LN-001156,19508.41
LN-013591,103923.82
LN-019354,201577.41
LN-007441,23413.29
LN-000200,76193.02
LN-023963,218823.36
LN-016997,26566.95
LN-010958,26229.22
LN-008944,276918.75
LN-027244,191822.23
LN-002291,0.0
LN-023820,109058.79
LN-015951,28280.95
LN-019923,151140.64
LN-018484,60001.84
LN-016770,20652.17
LN-015631,748.97
LN-021095,38497.55
LN-025641,9703.16
LN-000726,196330.7
LN-007263,20733.24
LN-011761,42373.73
LN-004316,71622.34
LN-028614,72131.01
LN-016512,34817.92
LN-023739,1476.78
LN-012102,34138.49
LN-025456,100636.96
LN-013291,66185.52
LN-003993,0.0
LN-004204,48276.03
LN-014784,66504.07
LN-021209,18587.36
LN-011799,53498.04
LN-013143,45125.62
LN-007911,98358.77
LN-012083,21909.07
LN-003821,68653.83
LN-027387,38024.52
LN-000302,42452.3
LN-024511,154293.68
LN-011514,346.3
LN-026069,40554.19
LN-021997,161790.41
LN-005394,0.0
LN-013980,141357.93
LN-000544,31211.74
LN-027553,11717.22
LN-016192,118265.51
LN-004392,46819.71
LN-024196,96791.99
LN-021328,29285.01
LN-004719,92284.17
LN-005570,197010.56
LN-028163,143172.78
LN-013095,140017.11
LN-017839,167592.56
LN-017879,27576.7
LN-011662,0.0
LN-008866,19463.96
LN-007188,285.49
LN-016031,17808.24
LN-025778,34171.75
LN-001934,35286.03
LN-022740,0.0
LN-006354,46364.35
LN-007496,108181.72
LN-021721,127226.12
LN-001691,0.0
LN-007868,66663.83
LN-026503,65468.24
LN-012994,24588.27
LN-001106,43990.37
LN-008644,118180.82
LN-004054,149726.34
LN-026995,69096.72
LN-022348,111320.34
LN-013099,159682.85
LN-011522,173.89
LN-025312,0.0
LN-002232,49069.13
LN-006016,41904.52
LN-011308,213462.18
LN-009656,29887.69
LN-028612,129151.36
LN-007992,114883.61
LN-027678,87754.38
LN-025211,157883.09
LN-013783,28274.59
LN-010452,101570.79
LN-014966,32606.58
LN-022800,174492.48
LN-018003,49282.72
LN-016471,40133.47
LN-002546,147363.19
LN-013144,37827.58
LN-019654,1136.41
LN-016851,125084.13
LN-004612,0.0
LN-027829,532.01
LN-008754,261149.03
LN-014808,125597.97
LN-023861,210052.87
LN-011513,175538.27
LN-017468,153904.75
LN-029152,0.0
LN-020375,93042.0
LN-022483,94507.79
LN-028076,49004.7
LN-018024,188503.12
LN-019239,8529.51
LN-001222,23202.26
LN-007478,106866.49
LN-006758,27183.74
LN-008196,79007.3
LN-012269,36945.45
LN-000139,0.0
LN-019558,74460.94
LN-018746,18399.51
LN-009967,11327.07
LN-020675,188663.22
LN-010177,123539.48
LN-000578,224253.06
LN-020313,99557.3
LN-019434,137.71
LN-007078,33890.72
LN-020162,215532.66
LN-001901,105918.97
LN-019110,22630.4
LN-014034,156342.32
LN-019999,145811.22
LN-023185,149409.72
LN-010555,141347.07
LN-004419,132626.31
LN-016426,42835.65
LN-008425,239.84
LN-024970,99280.07
LN-019377,109756.83
LN-016944,73910.05
LN-011351,53327.84
LN-024649,110557.56
LN-003700,49549.8
LN-018996,98880.16
LN-011425,280.52
LN-014147,71471.06
LN-009867,45064.58
LN-016291,44339.11
LN-018130,125082.97
LN-015720,95124.02
LN-024850,171110.43
LN-018546,38511.73
LN-013777,390.74
LN-013860,50020.06
LN-014224,30528.58
LN-018360,32928.67
LN-011911,97930.31
LN-014797,43403.82
LN-005097,128874.57
LN-010331,169084.56
LN-010226,0.0
LN-027871,18069.36
LN-017345,39719.62
LN-024770,37788.2
LN-024446,157026.6
LN-019395,108176.84
LN-004610,73424.57
LN-007262,153054.68
LN-026871,0.0
LN-028032,81035.34
LN-014700,87974.64
LN-018873,20308.54
LN-000658,42127.31
LN-012302,121094.73
LN-009003,136811.07
LN-027889,0.0
LN-019659,87503.83
LN-009504,126978.32
LN-008896,79034.42
LN-021928,76928.2
LN-018053,167813.39
LN-012074,88257.68
LN-022164,115926.51
LN-026054,140161.73
LN-013886,149168.47
LN-007965,133982.77
LN-022356,89424.16
LN-023716,29848.93
LN-011910,266605.89
LN-006175,62117.74
LN-021083,87884.41
LN-024926,0.0
LN-023411,81195.01
LN-023993,0.0
LN-001977,147540.64
LN-006665,55042.19
LN-020977,53668.32
LN-008589,57544.75
LN-023777,167365.75
LN-010188,58497.45
LN-020757,52403.75
LN-028909,0.0
LN-009819,173643.48
LN-012245,167191.93
LN-001141,103262.25
LN-000446,64626.81
LN-011790,95589.92
LN-008567,40641.99
LN-021028,120214.85
LN-010964,899.63
LN-000507,81606.61
LN-011076,52500.86
LN-026481,92259.4
LN-002026,33085.24
LN-005667,19811.03
LN-020896,51629.43
LN-006620,232772.09
LN-022904,156121.49
LN-020964,16857.73
LN-005500,195338.23
LN-000709,58062.63
LN-004969,69248.53
LN-000614,950.16
LN-017260,26678.43
LN-020101,21296.6
LN-013472,245.27
LN-005218,185055.05
LN-025686,0.0
LN-005510,76088.91
LN-000268,35311.79
LN-020323,0.0
LN-001334,134481.68
LN-020924,42085.68
LN-028767,27559.68
LN-005576,0.0
LN-015851,233677.83
LN-005523,0.0
LN-009436,220825.13
LN-004198,34141.25
LN-014702,9295.13
LN-018645,141899.35
LN-001010,176036.75
LN-013992,10329.72
LN-019584,44641.3
LN-001451,67649.4
LN-023106,33975.52
LN-014381,158446.83
LN-023290,41899.89
LN-010400,88134.22
LN-014377,0.0
LN-023477,87916.94
LN-013046,173.89
LN-013631,126346.81
LN-020891,23792.13
LN-007845,58658.21
LN-025791,190026.0
LN-008327,69731.74
LN-008144,124120.0
LN-007510,153983.84
LN-007578,170149.03
LN-027909,60940.36
LN-011400,0.0
LN-007200,35160.15
LN-021352,69036.23
LN-011196,106315.81
LN-013485,121190.18
LN-003138,51999.9
LN-021667,656.62
LN-028307,93398.99
LN-026070,141447.1
LN-015077,49175.68
LN-016594,53685.2
LN-006539,105452.24
LN-023022,61315.92
LN-024806,71059.61
LN-002737,75761.4
LN-015264,93660.19
LN-024543,4252.46
LN-018303,56558.57
LN-005469,62206.69
LN-009730,0.0
LN-005196,62933.22
LN-015410,128217.78
LN-013506,175638.29
LN-017530,133130.84
LN-006826,69654.25
LN-013559,149703.11
LN-013773,14272.84
LN-020481,154879.83
LN-019761,164983.89
LN-022815,73308.84
LN-004178,50884.42
LN-023807,157148.57
LN-023977,24228.55
LN-008319,10962.87
LN-008965,60420.71
LN-016420,73165.07
LN-006622,81595.93
LN-012555,82412.29
LN-027301,0.0
LN-014263,255390.52
LN-001779,5454.71
LN-014733,187887.86
LN-019273,61258.38
LN-012151,131866.88
LN-002877,13064.66
LN-006244,0.0
LN-019904,30250.27
LN-028819,131729.97
LN-012741,25710.11
LN-014218,188475.71
LN-013804,14880.49
LN-007445,27236.39
LN-001330,214171.65
LN-022561,45898.17
LN-009843,1468.46
LN-023414,119895.02
LN-022114,164864.81
LN-014305,70227.53
LN-006249,119191.87
LN-015033,23969.14
LN-014821,26751.34
LN-001383,40216.14
LN-001813,49243.9
LN-016254,80856.9
LN-004451,16045.04
LN-014375,0.0
LN-004032,102779.78
LN-015114,31969.14
LN-017636,86800.05
LN-016081,23828.46
LN-016131,101160.62
LN-008947,0.0
LN-020148,182595.2
LN-007050,119024.47
LN-023568,75367.82
LN-007723,323637.54
LN-022886,57351.6
LN-029078,129684.01
LN-015378,119229.96
LN-005000,107259.75
LN-027598,150030.2
LN-011534,4346.36
LN-018988,113136.96
LN-008306,46281.78
LN-002009,110767.99
LN-015504,179400.36
LN-022234,49321.43
LN-015040,0.0
LN-002313,95796.27
LN-010652,123607.76
LN-014518,53038.31
LN-028020,20672.89
LN-010846,0.0
LN-002915,0.0
LN-010557,92842.35
LN-019556,63671.55
LN-020163,33163.85
LN-014417,127348.4
LN-027223,61.48
LN-009086,35424.01
LN-021921,679.78
LN-006759,317704.85
LN-015312,21948.17
LN-017082,107878.65
LN-005746,37095.93
LN-016415,67587.17
LN-006911,53209.57
LN-004829,30598.83
LN-008796,33247.83
LN-005405,99775.49
LN-010633,20757.65
LN-007866,127012.91
LN-024549,0.0
LN-021857,63136.49
LN-024846,69622.36
LN-022132,62675.27
LN-010217,452.11
LN-010386,30002.43
LN-014771,166745.12
LN-000197,792.59
LN-013716,22101.1
LN-008467,39261.16
LN-000552,0.0
LN-002655,79927.3
LN-001791,69499.24
LN-020398,332.51
LN-023055,0.0
LN-019828,92332.35
LN-029198,201.68
LN-022458,60704.26
LN-017718,27977.05
LN-014001,60598.57
LN-005997,213037.6
LN-004874,0.0
LN-006402,39163.84
LN-015251,135814.85
LN-001607,458.98
LN-003711,114755.05
LN-022366,69882.48
LN-005918,25473.66
LN-025558,15479.84
LN-021191,5650.37
LN-004684,251129.42
LN-012335,105505.2
LN-019632,96005.19
LN-020452,45606.71
LN-003949,19299.07
LN-016919,133021.94
LN-009792,39940.12
LN-021974,83289.53
LN-010432,69020.27
LN-010563,48411.33
LN-022819,83833.32
LN-005170,102303.17
LN-011730,59286.54
LN-020789,30446.55
LN-007307,63773.37
LN-022990,112421.23
LN-020301,159.89
LN-016771,77409.09
LN-020606,83075.95
LN-016001,0.0
LN-024964,2391.4
LN-016481,16821.32
LN-028413,33973.39
LN-009820,105644.48
LN-009924,112394.99
LN-019400,151037.91
LN-016595,92338.21
LN-007142,0.0
LN-002807,90251.0
LN-013157,62690.0
LN-023947,45264.28
LN-010881,175177.13
LN-029069,19067.8
LN-010509,162337.34
LN-001936,2056.33
LN-019046,0.0
LN-002043,28219.32
LN-025116,88417.46
LN-016547,343.38
LN-005903,179602.77
LN-005168,5625.63
LN-023319,44729.92
LN-001076,55253.37
LN-001236,147067.5
LN-021385,46708.1
LN-014791,53075.51
LN-013844,42043.75
LN-011957,108413.23
LN-006519,162953.87
LN-019223,64668.15
LN-014404,215829.32
LN-013969,652.2
LN-020064,233193.74
LN-011190,72958.51
LN-003255,126913.6
LN-001333,294.76
LN-009637,0.0
LN-019551,188208.57
LN-014775,49886.28
LN-007831,49560.07
LN-003883,90480.29
LN-022022,188947.15
LN-015520,294353.15
LN-021346,0.0
LN-015970,0.0
LN-005124,65312.95
LN-017263,22612.74
LN-026722,47860.56
LN-006264,123451.68
LN-008455,0.0
LN-011817,211428.04
LN-010253,73560.01
LN-008786,25076.29
LN-002283,0.0
LN-012164,0.0
LN-019263,19520.24
LN-022851,134751.23
LN-011622,65040.76
LN-004343,87050.32
LN-002307,56860.66
LN-022540,144477.31
LN-001806,14886.26
LN-008109,64695.63
LN-015685,94942.93
LN-003088,46682.42
LN-013768,61635.62
LN-002230,0.0
LN-013240,108894.39
LN-018408,34732.03
LN-028678,116048.41
LN-028884,59127.71
LN-021640,65057.72
LN-027044,120466.99
LN-000215,363355.4
LN-024488,60930.91
LN-006313,106217.09
LN-010674,55226.27
LN-005548,26470.43
LN-001050,72577.83
LN-026803,49648.04
LN-012618,68201.1
LN-008854,117.56
LN-023479,41277.24
LN-003290,20980.62
LN-005001,92378.25
LN-012355,111321.3
LN-007720,120004.66
LN-014104,21384.12
LN-028606,37311.34
LN-029248,155436.97
LN-004262,93202.19
LN-013941,51732.83
LN-005090,74934.04
LN-025647,71950.64
LN-016655,38639.0
LN-022738,161151.23
LN-025754,0.0
LN-000886,0.0
LN-024136,115086.33
LN-022434,180348.43
LN-019079,205399.61
LN-017218,142001.19
LN-003101,89764.79
LN-008357,109580.89
LN-017905,119515.33
LN-014807,20770.85
LN-003439,260.45
LN-025730,31815.84
LN-005477,137770.16
LN-017146,56968.85
LN-002748,503.05
LN-000907,46672.97
LN-014641,81887.64
LN-013030,63952.73
LN-006449,154002.35
LN-026445,37687.16
LN-007670,928.58
LN-019796,93316.19
LN-001120,6635.15
LN-023715,69986.44
LN-022057,186410.29
LN-025596,0.0
LN-027140,0.0
LN-028936,76396.21
LN-020748,0.0
LN-012368,36538.59
LN-006078,30408.36
LN-014401,30191.38
LN-006595,12969.31
LN-026541,0.0
LN-003051,74312.47
LN-002516,169152.28
LN-026111,211.96
LN-021458,268275.91
LN-011694,44404.1
LN-004614,157893.07
LN-017790,179649.53
LN-008289,25608.56
LN-021086,101203.1
LN-025275,164174.8
LN-012713,223056.51
LN-022901,98246.51
LN-019341,129841.08
LN-002226,61483.71
LN-011533,0.0
LN-007940,87592.62
LN-000722,47201.6
LN-007449,63973.65
LN-023631,54103.23
LN-023712,84077.9
LN-003619,40256.23
LN-002501,43935.96
LN-026203,0.0
LN-004562,146611.76
LN-025408,152620.83
LN-018383,15710.44
LN-025875,192903.21
LN-011824,22344.73
LN-012477,27308.96
LN-022941,70206.09
LN-005931,196485.49
LN-026646,17122.36
LN-000806,150254.56
LN-012510,141010.72
LN-003520,71415.05
LN-012673,92706.16
LN-003582,85237.61
LN-024712,82255.43
LN-026715,51640.21
LN-006262,0.0
LN-029011,239.84
LN-022426,113474.97
LN-022719,54106.82
LN-025347,24006.62
LN-011505,123093.11
LN-021539,39888.4
LN-025930,0.0
LN-009945,0.0
LN-023148,128540.63
LN-026574,1241.89
LN-026844,60984.41
LN-014262,0.0
LN-021425,164414.69
LN-012691,91020.35
LN-019332,136463.42
LN-019190,61637.32
LN-023354,36352.05
LN-008435,211890.12
LN-011978,77144.52
LN-003303,130792.74
LN-018815,56815.77
LN-026392,34588.0
LN-014456,102818.87
LN-027371,0.0
LN-012486,273326.05
LN-005788,53996.88
LN-028297,39482.31
LN-009169,120191.52
LN-010139,203972.69
LN-004257,50950.65
LN-013260,14225.52
LN-023512,0.0
LN-021148,262105.62
LN-020117,206945.78
LN-019435,0.0
LN-018469,102388.02
LN-010117,24068.36
LN-024516,0.0
LN-000866,47405.94
LN-027369,181879.42
LN-004194,0.0
LN-015782,29893.83
LN-008188,38255.95
LN-002141,188720.81
LN-020459,17630.82
LN-015778,52380.18
LN-023147,97571.07
LN-009851,2321.45
LN-009648,258.83
LN-011631,80595.09
LN-003083,126741.24
LN-021764,56677.31
LN-006918,165989.01
LN-004633,0.0
LN-014917,65279.95
LN-006877,25406.27
LN-012280,22137.84
LN-013442,125674.7
LN-027720,18806.31
LN-013632,61433.75
LN-011528,9594.33
LN-019881,36832.14
LN-008591,43782.71
LN-015310,173012.83
LN-003900,135078.57
LN-001366,71220.88
LN-007625,71186.98
LN-000133,19351.72
LN-014062,138226.54
LN-027019,101436.23
LN-014160,72379.66
LN-015718,0.0
LN-002678,104291.7
LN-015623,249600.19
LN-021497,21109.55
LN-005095,0.0
LN-026008,42491.88
LN-013057,36279.73
LN-003573,26211.85
LN-024569,0.0
LN-001725,59108.05
LN-019159,31352.58
LN-027438,2688.68
LN-000365,86041.35
LN-012388,48153.19
LN-017505,120620.05
LN-029309,38805.23
LN-005841,28743.58
LN-017064,39283.2
LN-004252,133164.94
LN-008894,1176.05
LN-013412,149796.38
LN-016309,29864.21
LN-023204,199647.31
LN-028067,16839.55
LN-022966,52090.26
LN-006791,96.43
LN-010935,125640.13
LN-005814,30522.83
LN-003504,163419.81
LN-012428,179127.34
LN-024751,82640.83
LN-005142,121593.41
LN-000691,182249.47
LN-010033,193053.74
LN-029242,26912.87
LN-018762,167810.34
LN-012636,141431.5
LN-016953,33155.34
LN-017205,59695.86
LN-022024,32029.31
LN-003583,152194.43
LN-011362,83416.31
LN-010479,0.0
LN-015240,138482.19
LN-006775,45787.37
LN-007990,44943.16
LN-003379,93240.72
LN-004509,154852.29
LN-003684,285.49
LN-006428,63799.49
LN-017362,28325.11
LN-025003,147186.84
LN-019200,41538.11
LN-008433,36459.79
LN-008430,389.48
LN-011801,0.0
LN-024930,93459.29
LN-017642,213752.14
LN-002948,170545.62
LN-006589,0.0
LN-005673,46976.15
LN-002143,20721.81
LN-016940,34172.11
LN-028959,72316.7
LN-022578,28584.08
LN-001590,173295.27
LN-008668,120686.36
LN-004180,75129.79
LN-014645,781.74
LN-010151,0.0
LN-026657,72594.32
LN-023039,62144.09
LN-015391,49365.63
LN-019787,71031.38
LN-016172,101548.88
LN-026341,91.97
LN-019478,32852.79
LN-023483,155450.9
LN-027213,694.16
LN-000911,10969.61
LN-020230,2152.19
LN-004862,47480.88
LN-001188,180415.01
LN-022172,61703.83
LN-021972,54332.97
LN-026940,27200.53
LN-006116,58947.58
LN-020881,64172.46
LN-011399,0.0
LN-008055,97190.52
LN-020068,53851.01
LN-020737,54084.95
LN-025267,65751.32
LN-011794,262444.87
LN-027580,32229.3
LN-013904,237656.34
LN-017631,55936.17
LN-028008,86212.12
LN-007717,36642.43
LN-001770,617.26
LN-022779,118182.37
LN-027870,64904.41
LN-017726,72233.59
LN-022003,120292.0
LN-024557,30176.57
LN-001300,110023.17
LN-025107,48165.3
LN-023174,112950.77
LN-012739,185839.36
LN-009142,78914.72
LN-008924,198957.07
LN-015320,27099.72
LN-017859,73008.97
LN-003190,131.42
LN-012344,135128.31
LN-001905,157241.87
LN-010885,50577.46
LN-009882,25102.0
LN-022169,277628.19
LN-008853,115308.96
LN-018341,1089.34
LN-024362,109099.13
LN-020915,10651.34
LN-011341,39096.86
LN-021238,142801.33
LN-019957,13174.28
LN-006676,105879.26
LN-020194,21168.71
LN-021411,25930.35
LN-027789,150025.77
LN-003042,0.0
LN-011128,11156.04
LN-005598,181400.54
LN-025443,206316.36
LN-007213,40646.87
LN-019612,74225.89
LN-000518,28611.47
LN-011137,37164.71
LN-029149,60219.06
LN-001035,125985.16
LN-009362,107252.45
LN-001579,11066.22
LN-006455,68588.86
LN-027535,33988.66
LN-002201,54148.58
LN-015676,42845.11
LN-009217,41778.31
LN-002346,24833.72
LN-026379,724.0
LN-005176,2640.41
LN-028195,108126.33
LN-003841,61773.82
LN-028618,1260.38
LN-007189,96632.87
LN-017489,26604.88
LN-028036,108239.18
LN-006082,316820.73
LN-022866,60058.53
LN-004376,35469.78
LN-007761,152627.41
LN-011207,154030.54
LN-011966,146700.81
LN-007639,110322.1
LN-008437,0.0
LN-019352,0.0
LN-018542,20865.28
LN-020132,43266.74
LN-022920,48622.28
LN-004575,304638.37
LN-016432,83163.1
LN-002079,0.0
LN-026314,121231.34
LN-017069,0.0
LN-028002,24860.82
LN-023671,98038.37
LN-007857,42103.1
LN-024795,81164.43
LN-005622,76825.75
LN-003742,20758.14
LN-023976,94530.55
LN-001435,82510.7
LN-009881,0.0
LN-026057,106097.74
LN-020904,25737.53
LN-009101,34379.02
LN-018786,67510.06
LN-022116,39038.88
LN-011504,142527.03
LN-015946,128398.63
LN-015482,198851.95
LN-019742,0.0
LN-001502,42372.19
LN-015402,106209.8
LN-025183,48461.81
LN-017473,27548.72
LN-027315,131115.4
LN-009549,35938.33
LN-026707,132368.8
LN-012507,104027.62
LN-022577,100221.87
LN-010800,133014.75
LN-002960,98354.06
LN-004225,44977.69
LN-011510,49780.97
LN-000570,6866.26
LN-018314,77389.85
LN-029012,101062.01
LN-009828,28414.85
LN-022710,71320.23
LN-020577,121286.7
LN-025053,19596.84
LN-011132,105090.34
LN-020160,119485.6
LN-025299,143392.45
LN-018662,2324.82
LN-021617,62110.78
LN-019305,0.0
LN-027296,106210.35
LN-016603,28047.9
LN-017624,57080.37
LN-010077,58801.33
LN-002527,250635.44
LN-009200,116482.87
LN-021804,124.52
LN-002028,61180.37
LN-021066,634.3
LN-019168,130262.53
LN-023507,36177.9
LN-020183,179737.38
LN-003741,57880.77
LN-012184,21982.11
LN-014674,88691.68
LN-026956,20792.02
LN-021657,771.4
LN-028491,79190.15
LN-021070,36939.0
LN-019595,56989.76
LN-004940,23834.67
LN-023879,137996.33
LN-006700,51473.21
LN-013570,30132.66
LN-019036,332608.52
LN-026599,46239.79
LN-007894,69243.6
LN-024445,67692.32
LN-004220,70955.33
LN-013203,19638.67
LN-023899,0.0
LN-018834,70805.79
LN-002296,75859.62
LN-006118,34610.78
LN-001185,118525.44
LN-012503,44778.95
LN-024714,38624.19
LN-003713,56215.66
LN-002886,1773.31
LN-027594,2945.73
LN-001492,76912.08
LN-013262,13180.12
LN-015853,131572.89
LN-004600,60908.53
LN-012542,36511.27
LN-017398,35734.93
LN-007329,12286.89
LN-010669,45551.78
LN-012314,167511.28
LN-003984,0.0
LN-010002,59312.81
LN-008234,15639.31
LN-008308,0.0
LN-006379,104067.82
LN-028805,108469.67
LN-026577,92038.18
LN-025660,100753.22
LN-020863,110.2
LN-011500,152355.93
LN-006867,38018.12
LN-014003,89.09
LN-013051,254129.38
LN-015385,170449.51
LN-003738,179828.31
LN-011509,167478.65
LN-017420,60075.16
LN-021244,75426.94
LN-009509,20355.96
LN-010054,97751.79
LN-003606,881.84
LN-025043,34233.49
LN-001943,45869.85
LN-026000,73674.21
LN-016126,120787.89
LN-026912,15929.24
LN-016533,45214.74
LN-016258,109869.12
LN-016222,18303.69
LN-011886,988.9
LN-000523,84914.97
LN-012517,33132.57
LN-011251,144534.66
LN-005080,288242.56
LN-006395,51004.86
LN-002035,23802.83
LN-004344,89256.44
LN-011366,48532.0
LN-011487,90817.88
LN-018971,22664.62
LN-027953,37152.16
LN-000790,89396.64
LN-008411,185055.61
LN-006737,46743.26
LN-005786,0.0
LN-003302,0.0
LN-011090,15679.18
LN-001101,146313.35
LN-024473,39529.29
LN-022583,182575.59
LN-011944,32732.7
LN-012452,39994.32
LN-011407,72866.2
LN-025648,188789.95
LN-016484,102953.11
LN-017908,123568.36
LN-017915,71366.42
LN-029230,101799.34
LN-005291,78852.88
LN-027417,222074.09
LN-028738,71426.7
LN-012970,39565.47
LN-018532,43434.7
LN-013477,35212.83
LN-010937,41940.73
LN-003043,302743.93
LN-025239,0.0
LN-008299,99890.96
LN-020248,73482.42
LN-024764,1183.46
LN-003355,38131.1
LN-005522,0.0
LN-028875,32830.21
LN-005113,327.73
LN-004395,73113.06
LN-021516,1397.41
LN-028750,132933.07
LN-018755,48963.41
LN-026164,0.0
LN-023889,23509.29
LN-023805,110430.06
LN-018102,127579.59
LN-019660,33884.0
LN-005646,92999.28
LN-024377,80615.21
LN-011549,56751.24
LN-010148,75704.99
LN-027893,29139.32
LN-016065,165426.27
LN-008018,83885.37
LN-028721,67588.72
LN-006900,49160.9
LN-027551,47008.07
LN-028073,0.0
LN-003013,13244.73
LN-018501,98616.88
LN-004715,83450.58
LN-004083,177415.98
LN-023555,18745.4
LN-002014,38399.16
LN-010021,106336.06
LN-010210,42721.26
LN-016920,266392.18
LN-003079,66090.18
LN-010884,1900.86
LN-009269,126301.72
LN-023015,66166.76
LN-028470,148421.64
LN-019125,163760.2
LN-028591,114552.95
LN-005499,115055.84
LN-020934,118061.95
LN-027308,29301.06
LN-009885,215834.92
LN-005743,92623.25
LN-014809,141775.43
LN-014923,31806.68
LN-012616,119293.54
LN-006743,63266.83
LN-007462,188100.33
LN-002443,85460.03
LN-010515,35936.2
LN-003930,29546.18
LN-015707,63902.99
LN-026484,0.0
LN-012922,5541.18
LN-017801,116891.24
LN-011073,166700.43
LN-017578,0.0
LN-027624,39094.96
LN-012860,51692.19
LN-010951,160858.68
LN-025185,135062.79
LN-020684,117452.99
LN-002266,50497.31
LN-019748,73337.83
LN-005564,25763.3
LN-022112,45042.56
LN-005502,22760.42
LN-010866,179221.35
LN-005678,13744.04
LN-019421,168015.74
LN-019499,155681.35
LN-000515,95463.84
LN-016660,70328.26
LN-008206,47322.73
LN-006957,52259.61
LN-000934,42178.63
LN-007961,42981.47
LN-028647,55910.09
LN-011296,124.52
LN-004084,77763.09
LN-003480,48385.27
LN-017418,34593.25
LN-010837,22061.13
LN-000757,115857.24
LN-028335,98446.67
LN-020457,38869.28
LN-025610,0.0
LN-009497,135969.96
LN-015986,127829.65
LN-015273,131955.08
LN-009580,69983.93
LN-004954,57791.6
LN-020499,135333.83
LN-003062,0.0
LN-007235,59936.24
LN-020574,40619.5
LN-012295,53410.32
LN-014304,98570.95
LN-025405,42511.17
LN-004588,164746.62
LN-002999,17446.99
LN-013532,53663.15
LN-001962,110894.53
LN-025472,130709.39
LN-021876,381645.16
LN-004154,84074.33
LN-010724,7733.54
LN-021916,113721.37
LN-003873,87015.04
LN-028514,11545.72
LN-018426,2460.88
LN-027766,0.0
LN-016551,130053.47
LN-012978,161697.45
LN-012657,47418.57
LN-021618,50785.59
LN-002623,21632.41
LN-002904,49632.58
LN-023461,108705.53
LN-003323,170959.15
LN-016694,122443.28
LN-021627,132339.01
LN-004706,363.11
LN-012179,36090.56
LN-013640,53098.52
LN-020569,70691.81
LN-003970,0.0
LN-010450,126309.59
LN-020186,35699.09
LN-010474,248916.63
LN-002360,42919.98
LN-008995,0.0
LN-011908,126325.82
LN-009975,34781.41
LN-020766,49603.92
LN-004643,4442.14
LN-027440,22039.6
LN-011848,16877.5
LN-003106,75075.8
LN-011545,0.0
LN-018611,0.0
LN-007089,0.0
LN-024283,44296.1
LN-001712,55972.8
LN-028133,159.89
LN-027600,201762.7
LN-001368,145466.14
LN-014198,123737.2
LN-020172,23170.48
LN-026487,104871.94
LN-004847,32312.46
LN-020229,60297.69
LN-008009,31577.47
LN-026077,18925.68
LN-021561,80988.52
LN-027139,28880.07
LN-029261,54848.82
LN-011077,1875.0
LN-017226,52027.85
LN-007547,99398.51
LN-018172,232.09
LN-007945,187224.97
LN-005877,77090.99
LN-015289,0.0
LN-004174,109582.87
LN-004836,72474.44
LN-020083,77881.82
LN-001290,111785.43
LN-013946,50265.09
LN-020769,54560.75
LN-003294,0.0
LN-013707,16075.98
LN-014843,171732.09
LN-014833,102597.37
LN-021638,139324.19
LN-004273,0.0
LN-007241,55316.42
LN-010664,86194.49
LN-005992,1496.58
LN-004162,171508.43
LN-025659,24547.19
LN-005045,44335.88
LN-026384,1256.98
LN-018589,101741.4
LN-024098,46555.49
LN-010369,80.67
LN-018194,20861.06
LN-003280,46873.45
LN-004722,105453.29
LN-009451,28390.71
LN-004373,40418.96
LN-021202,26210.6
LN-000428,165077.01
LN-021729,80363.21
LN-008169,51488.78
LN-003967,46146.64
LN-021685,127660.46
LN-011018,16826.56
LN-016996,70418.95
LN-023559,189493.98
LN-023478,319.79
LN-009931,149110.13
LN-003356,14739.5
LN-018595,84214.56
LN-021162,24799.58
LN-022669,112457.13
LN-009638,81697.35
LN-011640,115574.83
LN-002175,32368.31
LN-020174,102423.07
LN-017294,21058.11
LN-024316,16149.54
LN-003462,69740.34
LN-007420,25603.76
LN-020582,0.0
LN-011758,162091.95
LN-022686,91161.26
LN-025658,216364.44
LN-022456,149923.17
LN-004380,1468.67
LN-002429,110768.97
LN-009015,23422.49
LN-018337,48492.02
LN-001247,38098.79
LN-020921,179766.09
LN-017668,20559.57
LN-019682,67847.0
LN-021603,52269.59
LN-026858,95839.39
LN-025805,51654.0
LN-024064,133765.62
LN-006809,202560.48
LN-021771,141395.22
LN-005258,18032.91
LN-006511,8654.21
LN-024666,0.0
LN-014173,71642.8
LN-023289,123779.98
LN-013042,100582.55
LN-004230,943.15
LN-027497,20168.61
LN-023836,32370.26
LN-013785,85742.9
LN-007782,76588.82
LN-026354,206660.67
LN-023025,71581.76
LN-029156,0.0
LN-023200,4387.54
LN-002755,14606.03
LN-000218,26078.59
LN-027026,120771.47
LN-009180,56313.69
LN-008323,50322.86
LN-027855,66707.13
LN-015406,70007.98
LN-008870,176678.08
LN-004049,25680.55
LN-005364,83237.13
LN-014816,36375.17
LN-025195,62969.24
LN-006983,50753.24
LN-020150,61.48
LN-005247,193574.34
LN-009726,133533.41
LN-004080,39612.12
LN-016226,28690.65
LN-028779,65528.2
LN-018077,42918.75
LN-028687,29245.16
LN-025027,518.45
LN-026607,135276.94
LN-025669,70205.1
LN-018617,26862.99
LN-011594,0.0
LN-008342,236134.97
LN-003053,27872.31
LN-015877,2407.57
LN-023664,112656.02
LN-023239,153.85
LN-008255,144223.12
LN-001273,42518.56
LN-021463,0.0
LN-021747,8393.86
LN-009611,778.19
LN-022177,85764.68
LN-023062,274102.21
LN-025835,31948.0
LN-014750,132716.93
LN-014552,65681.08
LN-011428,119149.44
LN-020813,104306.06
LN-019312,789.38
LN-000968,0.0
LN-004605,12395.99
LN-026420,2313.68
LN-012215,88477.05
LN-026933,41079.68
LN-021455,34115.04
LN-001015,156821.11
LN-018480,37088.35
LN-020420,0.0
LN-009150,116741.63
LN-020456,47603.85
LN-016266,33245.45
LN-001115,108160.99
LN-014353,806.54
LN-008136,42465.75
LN-017615,39882.33
LN-013374,84229.32
LN-005336,105896.55
LN-023115,26849.9
LN-018454,5161.68
LN-013044,60558.75
LN-024356,0.0
LN-006503,52908.58
LN-005824,27012.46
LN-018109,0.0
LN-003297,133244.3
LN-003337,73227.53
LN-003730,0.0
LN-026821,213575.91
LN-014281,115701.23
LN-002394,203681.17
LN-013443,62632.64
LN-023928,79604.76
LN-016121,20705.55
LN-015697,0.0
LN-002689,123003.46
LN-015086,122322.01
LN-021483,19544.39
LN-026824,66837.93
LN-000805,12708.91
LN-020225,117511.94
LN-000413,102112.22
LN-010244,65229.61
LN-014453,83245.27
LN-017628,42436.03
LN-027792,71375.13
LN-003117,167096.47
LN-006149,147.85
LN-004187,36687.48
LN-015688,62554.8
LN-018406,15907.94
LN-013538,819.9
LN-011352,25969.2
LN-019095,67260.8
LN-013429,141021.54
LN-006542,16479.62
LN-017903,0.0
LN-023612,12516.13
LN-028103,341354.3
LN-026228,262.25
LN-029080,113379.48
LN-015535,21928.6
LN-004711,0.0
LN-019614,75262.61
LN-020976,208407.19
LN-010305,249301.04
LN-014095,20297.71
LN-007217,31326.07
LN-013910,103294.49
LN-023904,40250.93
LN-009915,117257.15
LN-016950,118817.62
LN-013800,161486.54
LN-029262,18373.32
LN-010960,78863.25
LN-007243,3809.29
LN-000573,96082.97
LN-021121,0.0
LN-001840,22002.44
LN-010294,117944.39
LN-003100,41988.53
LN-013303,8829.95
LN-018472,137649.2
LN-001019,0.0
LN-024276,292.9
LN-022649,37282.21
LN-012343,4238.97
LN-015491,135902.96
LN-006468,12905.33
LN-021705,165678.07
LN-019119,175385.98
LN-004477,0.0
LN-008451,203003.88
LN-010913,22063.94
LN-005674,77087.11
LN-028580,96725.11
LN-005881,0.0
LN-012312,15321.79
LN-027332,75726.03
LN-008913,773.73
LN-002225,301625.02
LN-020936,79423.2
LN-018145,40035.35
LN-026301,101330.71
LN-027214,27396.82
LN-016133,24774.2
LN-010208,210649.9
LN-020540,71697.0
LN-015302,0.0
LN-008738,65169.38
LN-023087,42233.43
LN-009231,146641.8
LN-012674,866.81
LN-004025,48349.7
LN-026476,140371.9
LN-023057,114681.17
LN-011663,30633.71
LN-003283,81957.64
LN-026108,31326.55
LN-012947,127631.37
LN-013928,298.23
LN-023537,0.0
LN-004191,27222.84
LN-026220,215137.04
LN-027345,0.0
LN-013433,149116.86
LN-012748,13928.43
LN-004536,20125.33
LN-027380,97339.14
LN-024477,41744.62
LN-022742,0.0
LN-008585,529.55
LN-007160,179304.47
LN-003747,38849.96
LN-000174,49371.67
LN-020458,22685.71
LN-016625,7245.12
LN-025738,16574.31
LN-027461,0.0
LN-012441,63045.35
LN-023630,68006.92
LN-023162,53312.72
LN-025593,187176.76
LN-018369,256867.93
LN-007447,125311.61
LN-007130,38929.1
LN-024342,0.0
LN-005431,74144.35
LN-001766,41204.41
LN-007176,0.0
LN-007114,97688.18
LN-018875,198387.94
LN-011021,87195.24
LN-009907,49584.27
LN-019237,84595.88
LN-022127,123208.07
LN-008893,0.0
LN-020747,211321.29
LN-021017,176241.26
LN-016046,44158.04
LN-005912,180456.39
LN-016236,89004.76
LN-019713,380.21
LN-013873,150627.31
LN-008006,87508.1
LN-018287,206.26
LN-017687,40917.36
LN-022482,67931.54
LN-025057,213153.17
LN-014988,108300.45
LN-001802,96954.11
LN-016855,19546.85
LN-005264,112244.6
LN-015229,0.0
LN-020267,207539.07
LN-028691,52769.89
LN-028478,20117.04
LN-011497,156285.99
LN-022762,134652.01
LN-010980,1131.38
LN-020844,80273.85
LN-017462,18620.44
LN-023358,57246.8
LN-002112,1039.34
LN-005604,30023.33
LN-004767,93302.56
LN-024384,59533.65
LN-029304,62540.67
LN-005083,342.46
LN-018184,24106.72
LN-022432,81714.29
LN-016598,21070.63
LN-021734,0.0
LN-008287,70799.83
LN-017080,98356.63
LN-005792,0.0
LN-014327,0.0
LN-016731,69547.76
LN-002329,80523.35
LN-015972,169204.46
LN-014906,163696.96
LN-027062,84066.18
LN-014696,183502.26
LN-000193,64506.43
LN-007415,265719.08
LN-003813,22165.8
LN-029226,239119.81
LN-003776,90518.82
LN-026122,301785.99
LN-022200,119394.3
LN-004161,58152.9
LN-003430,39655.02
LN-016514,30798.18
LN-028806,127958.37
LN-007872,101443.83
LN-008305,40283.42
LN-017826,168750.6
LN-004125,209701.55
LN-021116,150487.21
LN-004098,1025.61
LN-022260,194069.66
LN-014721,46937.92
LN-008318,172332.53
LN-012167,53769.85
LN-020097,147061.21
LN-012182,44258.79
LN-015330,37425.74
LN-007180,69552.6
LN-026792,0.0
LN-021302,0.0
LN-027144,70446.43
LN-027120,5991.77
LN-027209,174395.75
LN-007175,4576.76
LN-024810,0.0
LN-008032,147809.25
LN-015879,21537.21
LN-003233,86350.65
LN-002427,65926.39
LN-025157,24626.42
LN-023371,15970.64
LN-011306,82638.84
LN-013545,122210.76
LN-012502,119002.54
LN-021811,138525.52
LN-000510,136735.63
LN-017050,155850.39
LN-012196,69689.21
LN-014550,51087.04
LN-021262,182986.75
LN-023092,182655.28
LN-006394,166677.14
LN-020745,30012.08
LN-010031,198104.9
LN-019002,83965.56
LN-010403,66081.8
LN-000899,119401.86
LN-021758,37609.21
LN-001212,94801.19
LN-007835,42027.25
LN-002349,81597.82
LN-014607,1677.42
LN-004634,74569.54
LN-000563,31912.25
LN-002849,6664.32
LN-014972,62768.59
LN-006579,63827.06
LN-009237,43943.28
LN-007871,69598.54
LN-002884,41285.17
LN-024024,67059.87
LN-024785,94122.55
LN-005473,125198.52
LN-017063,225259.88
LN-007859,384.6
LN-014172,78698.45
LN-004798,126103.79
LN-018871,65599.9
LN-006041,321.42
LN-014067,98034.17
LN-013032,43659.41
LN-016716,75987.88
LN-001130,114243.44
LN-014665,0.0
LN-000178,86569.95
LN-008686,20075.41
LN-010006,13236.97
LN-009966,51062.35
LN-014363,49844.49
LN-012067,47386.27
LN-009108,19473.74
LN-021689,127604.93
LN-005032,43608.38
LN-017033,126114.1
LN-011272,304470.62
LN-022910,124238.58
LN-013592,162907.17
LN-007439,136441.45
LN-021324,195461.04
LN-014885,21175.33
LN-011275,58799.74
LN-017870,21342.86
LN-021518,43185.81
LN-012377,192342.89
LN-022848,195005.66
LN-011332,61250.06
LN-020842,0.0
LN-011454,109795.83
LN-009454,108572.39
LN-012141,46866.82
LN-022229,0.0
LN-002345,21796.86
LN-016826,102820.11
LN-013293,56990.63
LN-001480,15925.72
LN-028927,6026.23
LN-018647,33242.35
LN-010434,48971.34
LN-001287,294091.56
LN-012731,63879.29
LN-012459,39918.25
LN-003203,111603.5
LN-016078,40256.88
LN-011044,0.0
LN-017310,59526.32
LN-012564,63926.55
LN-014731,46534.44
LN-029084,127819.18
LN-003591,177391.19
LN-019257,246081.03
LN-027186,76240.29
LN-020727,35169.44
LN-026988,22210.6
LN-025591,10201.14
LN-012995,78847.73
LN-023809,43644.29
LN-010445,17435.66
LN-003708,192661.07
LN-017459,143245.29
LN-006941,138986.45
LN-027637,36247.99
LN-005585,67036.89
LN-021854,93723.57
LN-020819,21290.46
LN-018612,104313.35
LN-024100,225451.68
LN-014601,195393.7
LN-021661,113512.81
LN-016054,56948.0
LN-014960,1398.65
LN-004579,0.0
LN-008920,29755.85
LN-002176,268187.16
LN-020429,140383.65
LN-020460,45777.01
LN-013129,69811.21
LN-008450,32306.82
LN-013441,95478.34
LN-007656,20511.54
LN-027187,80740.54
