application_id,sanctioned_amount_aud
LN-029039,68528.23
LN-006880,29906.78
LN-000529,104838.36
LN-002049,173240.88
LN-000921,621.67
LN-003817,73045.41
LN-008697,50040.69
LN-001629,168090.12
LN-004797,68286.36
LN-003612,40221.48
LN-009943,74716.23
LN-025850,38101.95
LN-026197,120146.96
LN-024874,31050.13
LN-004528,136412.8
LN-005816,56040.88
LN-005665,159220.68
LN-014724,124911.83
LN-003869,75013.69
LN-025159,20215.14
LN-018852,22103.24
LN-007330,34626.3
LN-009056,70971.51
LN-024580,55294.03
LN-000091,45059.18
LN-024635,115569.32
LN-024171,70628.71
LN-001540,3076.23
LN-020296,33529.35
LN-010216,25029.34
LN-027984,155823.68
LN-014818,19912.1
LN-025432,45.55
LN-003848,27126.38
LN-005511,26637.64
LN-012764,33665.83
LN-027695,47961.58
LN-003189,2145.68
LN-011795,32349.32
LN-010454,246061.58
LN-004833,158824.36
LN-021881,45038.81
LN-004216,95905.18
LN-014947,996.57
LN-027884,86822.88
LN-020946,109530.65
LN-008994,35365.0
LN-005529,714.88
LN-003943,47563.76
LN-009215,15.7
LN-000651,150918.39
LN-017641,77008.29
LN-019837,85377.22
LN-025236,54638.34
LN-019391,36969.49
LN-021405,21334.25
LN-013749,654.8
LN-029095,100500.74
LN-023240,171569.14
LN-005323,54176.13
LN-006107,217283.86
LN-012864,30427.87
LN-000798,689.4
LN-001526,35.64
LN-006226,2130.07
LN-007353,106911.74
LN-012665,138868.36
LN-006311,30511.31
LN-005748,144561.01
LN-018051,73944.38
LN-026701,72753.65
LN-005901,72127.39
LN-003003,29001.29
LN-011250,41202.1
LN-001729,30973.96
LN-008468,16325.66
LN-011773,207908.15
LN-016274,512.77
LN-009018,1984.05
LN-008723,85492.02
LN-011390,181299.65
LN-009389,72097.08
LN-005437,8977.65
LN-002885,182945.0
LN-018156,39966.12
LN-017438,82489.06
LN-019254,88156.0
LN-017293,180104.45
LN-000096,8668.81
LN-000247,126979.11
LN-015276,5451.05
LN-009085,53527.29
LN-015570,104125.4
LN-006258,13739.13
LN-012973,3422.05
LN-025834,24287.21
LN-009703,31529.86
LN-024652,174932.53
LN-028344,81534.78
LN-016342,225398.81
LN-026702,50314.04
LN-002785,127611.55
LN-010569,185246.92
LN-025649,791.31
LN-026860,25673.42
LN-021249,82009.12
LN-013023,150785.68
LN-001591,53351.26
LN-022776,64427.97
LN-003367,77572.96
LN-006653,31288.0
LN-017837,67996.7
LN-022032,104889.07
LN-005360,23582.66
LN-021277,175382.5
LN-027391,183085.63
LN-023561,37932.7
LN-003810,58294.36
LN-015809,37158.69
LN-006531,89273.01
LN-025435,105680.31
LN-000367,79689.14
LN-005711,39063.74
LN-004774,59778.15
LN-016176,115300.95
LN-025841,477.86
LN-011228,225158.02
LN-012217,62257.91
LN-011748,132950.04
LN-005326,173911.23
LN-007658,102997.48
LN-024062,91524.84
LN-022212,19.79
LN-006396,49265.3
LN-010618,143624.47
LN-012430,45448.35
LN-025820,186082.46
LN-025410,108365.07
LN-006461,590.47
LN-012545,16094.58
LN-005809,61485.51
LN-019001,62333.08
LN-022733,34121.16
LN-018938,38809.91
LN-013694,144453.95
LN-007638,2841.26
LN-002878,25222.81
LN-018926,25935.31
LN-024322,29190.06
LN-003617,211020.06
LN-004638,623.94
LN-002673,966.08
LN-017697,453.45
LN-022481,99582.82
LN-013334,558.4
LN-011143,76683.04
LN-013216,36827.3
LN-027796,1694.28
LN-014858,67926.36
LN-010568,73554.44
LN-009715,147620.03
LN-018049,69326.09
LN-009940,68787.46
LN-007722,55660.14
LN-028533,75347.24
LN-010172,9162.72
LN-018800,1397.18
LN-016696,63734.11
LN-007161,20532.79
LN-005011,899.19
LN-013812,59671.71
LN-006180,76014.38
LN-017278,207413.93
LN-025454,137615.82
LN-003921,123186.84
LN-001165,29539.41
LN-013083,98946.85
LN-008218,36424.17
LN-017894,1446.23
LN-027492,98540.02
LN-000588,55039.11
LN-004023,33710.11
LN-017370,174976.48
LN-025951,27708.42
LN-019488,947.5
LN-019580,238905.46
LN-020578,82890.71
LN-014882,113612.79
LN-005672,188286.84
LN-024498,34989.83
LN-022757,58224.16
LN-029210,85826.0
LN-013581,161573.39
LN-024400,123770.09
LN-021353,5780.89
LN-013208,35451.46
LN-013493,75287.47
LN-009747,99504.78
LN-000406,126556.39
LN-025848,98320.45
LN-017253,55885.13
LN-019936,44.88
LN-008763,89912.88
LN-009372,85576.99
LN-017934,150597.48
LN-006085,2754.79
LN-009025,45542.95
LN-028180,81196.0
LN-000763,12558.36
LN-012290,126217.28
LN-013450,995.87
LN-014119,112272.6
LN-019751,34357.94
LN-011837,20143.48
LN-020355,15586.45
LN-008535,638.22
LN-019330,35715.25
LN-006326,221740.96
LN-004981,16519.95
LN-025355,428.69
LN-022515,80006.21
LN-018878,2494.0
LN-002903,66391.4
LN-009736,68994.42
LN-029294,84944.38
LN-001871,65316.95
LN-010808,165923.98
LN-007319,9408.81
LN-028441,247317.01
LN-003915,40992.87
LN-022027,243546.46
LN-000981,33647.04
LN-014592,80176.31
LN-012867,53433.63
LN-016395,39336.74
LN-013982,21229.64
LN-003638,267203.47
LN-011772,27746.05
LN-003702,21.63
LN-003224,38980.16
LN-009857,736.78
LN-024002,22505.85
LN-028587,103591.57
LN-025832,188.75
LN-023014,210326.55
LN-022001,128502.66
LN-018270,51282.02
LN-008660,44877.45
LN-027888,95967.51
LN-026960,97686.61
LN-007378,184648.29
LN-005225,178753.54
LN-001486,34631.61
LN-001292,138402.04
LN-017114,13775.62
LN-025828,26185.5
LN-005617,33643.1
LN-012572,46110.45
LN-026673,71.82
LN-027996,109093.63
LN-020098,41371.29
LN-006108,118499.55
LN-001488,38585.85
LN-019872,32950.13
LN-025342,20417.0
LN-012901,60786.84
LN-018862,28522.24
LN-016061,41433.25
LN-016740,42589.1
LN-017649,88.21
LN-018098,612.2
LN-014282,31533.7
LN-025016,186825.83
LN-025080,24193.03
LN-001705,142638.22
LN-002042,52480.32
LN-014933,244767.9
LN-004333,45479.71
LN-024632,188748.37
LN-018140,1532.78
LN-010347,2148.67
LN-021845,97519.23
LN-008047,128776.01
LN-023491,99709.37
LN-001272,27377.92
LN-000153,16774.23
LN-026188,25301.28
LN-018553,138673.39
LN-001049,54646.89
LN-013410,124436.46
LN-015559,10613.71
LN-001386,123503.85
LN-021031,98510.73
LN-012588,15440.6
LN-027363,136127.96
LN-000785,114414.03
LN-024134,346939.84
LN-000878,76877.51
LN-017836,59170.99
LN-001329,79340.66
LN-010495,37181.11
LN-027977,65251.91
LN-021210,168122.11
LN-014280,2219.2
LN-013133,79112.98
LN-019882,36606.87
LN-024921,82127.24
LN-022535,18895.92
LN-012348,235193.06
LN-009325,103803.29
LN-021655,63374.57
LN-016317,100966.05
LN-018693,334.15
LN-023096,166445.05
LN-001547,558.37
LN-007255,16429.83
LN-024351,35658.38
LN-026414,57307.39
LN-023705,30204.61
LN-005484,2304.16
LN-009069,160308.57
LN-005286,14959.93
LN-002483,67037.15
LN-003230,153176.13
LN-001239,37510.25
LN-015839,59323.51
LN-023575,122785.7
LN-006651,138012.88
LN-004740,78449.49
LN-013926,28.37
LN-025110,14873.34
LN-011650,48182.9
LN-006427,32661.29
LN-019481,82057.37
LN-024048,33258.64
LN-014245,1912.16
LN-016079,16225.28
LN-021983,47711.77
LN-016496,243271.86
LN-007279,76.54
LN-007465,76317.19
LN-005744,130307.75
LN-028448,105066.16
LN-024698,17970.33
LN-002441,133010.77
LN-017539,36536.22
LN-020906,24677.95
LN-025466,70021.17
LN-018308,32912.67
LN-005882,177507.32
LN-010974,179073.95
LN-010316,32339.3
LN-009734,64212.95
LN-009553,96745.54
LN-026053,12831.6
LN-022838,23525.21
LN-024875,21224.94
LN-017525,68330.09
LN-021740,61399.36
LN-014515,76480.25
LN-010991,34440.18
LN-017802,32527.89
LN-006356,50513.23
LN-026127,219409.36
LN-006043,67859.95
LN-000112,222917.36
LN-022638,67595.25
LN-017314,1590.93
LN-010695,1420.21
LN-018466,69633.37
LN-004840,110775.92
LN-011951,26837.5
LN-010320,104953.71
LN-015798,40722.22
LN-001114,15.69
LN-017091,150816.07
LN-021169,37480.56
LN-008834,1237.42
LN-002998,44682.42
LN-022306,47517.06
LN-027136,33368.78
LN-005731,69138.4
LN-000538,37151.09
LN-012005,31742.16
LN-021560,21147.96
LN-024077,7565.09
LN-011011,26896.84
LN-005051,3004.01
LN-025004,153580.42
LN-017780,106555.67
LN-009230,117807.51
LN-023534,58568.54
LN-015292,32981.0
LN-016482,88870.95
LN-011724,127824.75
LN-014447,34097.01
LN-020575,86659.48
LN-004123,45301.34
LN-000140,4132.03
LN-001732,97269.69
LN-001505,242539.22
LN-024742,37705.34
LN-018338,144665.55
LN-009185,91019.33
LN-005327,191113.51
LN-010223,1849.83
LN-016693,44634.67
LN-001390,21508.98
LN-017298,1511.45
LN-028983,5720.33
LN-017074,35086.53
LN-025831,143894.81
LN-005174,34421.44
LN-010707,41981.62
LN-015365,47423.82
LN-010390,974.74
LN-003581,25770.52
LN-020872,12221.3
LN-028477,39838.09
LN-012610,82211.03
LN-003584,55714.68
LN-011960,103258.15
LN-024997,117469.84
LN-027012,182427.36
LN-000788,132178.54
LN-022144,40498.47
LN-015916,97140.51
LN-018648,35314.06
LN-025438,88799.78
LN-028826,1013.47
LN-004594,106813.03
LN-023061,197900.29
LN-017057,289639.02
LN-000685,698.82
LN-013687,57477.55
LN-012734,38115.5
LN-008338,669.6
LN-006348,312.76
LN-021119,187998.67
LN-029231,49712.75
LN-011548,221041.54
LN-018720,43956.75
LN-024928,1884.61
LN-002287,51133.52
LN-006351,9185.23
LN-023000,47.29
LN-014593,56358.74
LN-007608,26419.48
LN-017358,26044.23
LN-000646,18950.62
LN-003792,28958.21
LN-008211,118733.53
LN-009919,1585.97
LN-017104,279.57
LN-013188,23230.64
LN-006899,43499.36
LN-001584,95.37
LN-012482,1207.61
LN-024528,310699.2
LN-024092,94811.41
LN-026950,37.45
LN-022365,20706.62
LN-007952,46708.23
LN-019776,94916.56
LN-027568,250499.14
LN-004951,34568.08
LN-010098,70310.4
LN-006563,231061.64
LN-025111,71663.34
LN-017334,49394.99
LN-011377,25185.05
LN-029028,277931.25
LN-005056,33322.58
LN-010356,60298.09
LN-009294,128590.59
LN-024825,97776.62
LN-018328,53757.55
LN-009427,73883.84
LN-021910,113171.12
LN-022041,903.83
LN-005932,127035.18
LN-001464,21217.98
LN-013479,17019.26
LN-008593,2348.22
LN-003198,168.22
LN-016902,7002.82
LN-018709,36600.28
LN-002133,143251.38
LN-010995,38308.96
LN-021801,9101.97
LN-003405,122910.77
LN-001351,71929.71
LN-022993,71457.37
LN-009095,93429.76
LN-023068,1564.64
LN-006164,129146.01
LN-022292,95161.46
LN-020275,1282.51
LN-016350,44629.29
LN-026883,55307.54
LN-028688,101865.64
LN-010081,719.42
LN-025562,82912.27
LN-028120,61178.55
LN-028107,33436.12
LN-022222,71072.56
LN-009971,3462.38
LN-021132,24656.15
LN-018188,35842.33
LN-024208,1690.27
LN-029166,453.81
LN-007829,66766.86
LN-024420,173968.29
LN-012818,58295.62
LN-008781,242757.78
LN-020002,22.87
LN-009862,235864.57
LN-015957,218693.36
LN-023084,155346.65
LN-018496,86465.68
LN-019886,123790.87
LN-027885,123830.45
LN-012547,76555.66
LN-024090,86636.15
LN-000488,16221.85
LN-021489,43359.96
LN-020662,669.8
LN-015348,2141.87
LN-008250,71874.94
LN-007385,65429.03
LN-027422,23.88
LN-018791,31535.71
LN-007182,33875.45
LN-019746,7032.11
LN-019340,42811.07
LN-011312,81497.84
LN-020146,161433.43
LN-008278,43654.54
LN-005135,187892.03
LN-023466,101428.27
LN-027469,81489.2
LN-000949,146179.42
LN-023317,121394.91
LN-013622,65018.8
LN-009590,56398.58
LN-005940,264455.85
LN-001454,67983.04
LN-004997,28495.09
LN-011367,33900.26
LN-005805,57346.02
LN-027679,110665.46
LN-006936,56.66
LN-000620,71425.82
LN-007488,202715.75
LN-023042,63694.82
LN-026751,110103.31
LN-014613,674.51
LN-006536,89391.84
LN-026331,89994.78
LN-017594,127594.61
LN-002753,91757.11
LN-006648,1111.79
LN-023814,4997.58
LN-001048,135650.34
LN-004326,84531.75
LN-010534,14911.13
LN-010430,135271.0
LN-019127,39344.47
LN-026112,3565.41
LN-026257,39418.97
LN-028196,15008.46
LN-027411,63684.57
LN-021010,43529.67
LN-027538,5112.07
LN-020433,1754.48
LN-009512,206109.03
LN-019124,47778.19
LN-000400,120089.64
LN-002891,70684.41
LN-024236,22462.28
LN-017071,308877.62
LN-009799,18130.57
LN-023001,38192.47
LN-003262,70680.82
LN-009114,105031.33
LN-007545,9708.09
LN-016628,39016.06
LN-018124,816.43
LN-010374,73488.72
LN-018268,66524.26
LN-008108,1116.87
LN-027647,44947.18
LN-000982,54343.9
LN-010535,273.77
LN-010355,4176.96
LN-017544,26602.5
LN-023081,131547.34
LN-010224,57972.58
LN-007094,180882.49
LN-016982,59516.77
LN-005830,139334.48
LN-002968,132259.53
LN-021286,143818.03
LN-017364,26092.1
LN-013937,36724.65
LN-018364,75622.21
LN-024056,47266.13
LN-005211,44443.58
LN-000001,70017.22
LN-007347,61166.45
LN-021076,73882.35
LN-021007,181994.52
LN-019857,104366.61
LN-028882,73816.18
LN-009167,31114.69
LN-017599,139481.03
LN-026932,26708.72
LN-016954,3673.96
LN-002750,174981.17
LN-010250,36543.39
LN-018851,17476.91
LN-022826,180221.27
LN-002691,29854.1
LN-025360,66919.02
LN-016870,92484.44
LN-028996,1414.33
LN-003718,79313.95
LN-014796,1444.83
LN-023572,1419.37
LN-007754,69802.54
LN-025148,148240.59
LN-014092,109007.29
LN-008277,557.09
LN-022425,59142.4
LN-012259,89257.2
LN-016504,30877.67
LN-023238,54293.47
LN-020471,114937.26
LN-026443,127401.97
LN-012246,55831.01
LN-006860,32536.56
LN-009136,130981.86
LN-010044,172881.91
LN-023297,94679.23
LN-028649,76651.93
LN-021998,40204.44
LN-006304,58690.42
LN-022820,94183.38
LN-002451,141771.67
LN-001938,89752.03
LN-019381,1883.25
LN-008879,85496.71
LN-009102,650.71
LN-024922,192991.09
LN-022600,4588.46
LN-012838,97549.35
LN-001030,91942.5
LN-004616,7423.96
LN-019524,84530.97
LN-027544,66347.87
LN-011793,74580.97
LN-026273,128437.82
LN-023230,92345.18
LN-027052,3823.02
LN-004393,4006.57
LN-021225,73312.96
LN-007504,41289.49
LN-016156,231215.37
LN-010585,2555.36
LN-005141,93304.75
LN-013158,23341.41
LN-001633,132095.08
LN-020641,75210.41
LN-003565,28813.37
LN-023826,29938.91
LN-013814,504.36
LN-017769,241661.83
LN-013122,134321.15
LN-024039,155625.5
LN-006982,37929.14
LN-011485,419.07
LN-021299,88048.96
LN-003916,52968.01
LN-024338,70538.79
LN-026405,96059.89
LN-024786,175168.09
LN-001350,91448.78
LN-015499,33550.73
LN-008200,22382.31
LN-009704,76996.23
LN-019884,156042.09
LN-001179,18079.87
LN-006052,43913.49
LN-019294,182683.2
LN-012119,30629.01
LN-017536,91169.23
LN-010363,81370.91
LN-001961,88370.71
LN-007508,1945.3
LN-013653,243788.88
LN-014855,30261.08
LN-021471,34982.93
LN-016441,3230.9
LN-005679,83518.92
LN-006687,17980.75
LN-007698,474.64
LN-004116,136395.29
LN-007023,115967.3
LN-000490,153369.68
LN-009100,23254.99
LN-023939,28013.93
LN-021499,186894.84
LN-027403,59442.39
LN-020749,278831.8
LN-009702,160862.27
LN-028358,208549.87
LN-018616,92122.22
LN-015351,22453.39
LN-019339,147412.7
LN-024653,65772.8
LN-027331,243722.56
LN-005911,30592.12
LN-001954,1133.01
LN-020072,210285.63
LN-003028,86.46
LN-021914,75185.19
LN-020621,125.72
LN-009450,85696.02
LN-009201,68.53
LN-025794,108032.57
LN-013335,137536.91
LN-003602,46381.56
LN-013867,28529.59
LN-003021,111234.14
LN-000345,160699.63
LN-002455,273889.38
LN-027188,86159.83
LN-003412,72365.48
LN-005012,46617.6
LN-019948,39553.44
LN-017992,90148.34
LN-006769,34.62
LN-022036,1973.26
LN-007230,63725.39
LN-016088,169907.12
LN-021504,280736.42
LN-023907,106198.44
LN-027471,97589.72
LN-024128,97071.82
LN-017941,45535.74
LN-015577,105964.57
LN-000533,75362.06
LN-025864,135649.05
LN-002101,35331.39
LN-026455,1531.95
LN-007158,28.44
LN-023032,27377.44
LN-008565,233449.84
LN-005953,119076.59
LN-012979,68947.58
LN-011279,79646.76
LN-017231,48305.37
LN-027552,73301.44
LN-006817,65756.45
LN-004356,160268.64
LN-003760,27895.21
LN-013124,260074.8
LN-010903,145077.61
LN-020788,202731.03
LN-007457,42725.22
LN-021284,139781.04
LN-009305,161266.44
LN-025455,144153.9
LN-020018,52571.38
LN-009918,72544.9
LN-015997,26768.52
LN-018864,1024.27
LN-022984,45948.37
LN-012389,75171.89
LN-000065,1916.38
LN-010074,125854.94
LN-012396,106687.41
LN-000463,911.89
LN-003016,2048.83
LN-004033,2387.75
LN-007840,69032.59
LN-022078,229026.16
LN-022606,145624.06
LN-002682,2033.61
LN-014489,5403.74
LN-001052,110680.19
LN-025137,159986.39
LN-026999,210133.65
LN-007058,34115.41
LN-027586,23776.56
LN-011480,188709.43
LN-004348,190480.29
LN-026519,1836.26
LN-008051,98555.36
LN-002987,41444.5
LN-012938,82340.65
LN-001309,33877.46
LN-014324,124395.65
LN-000923,34469.87
LN-028302,134986.56
LN-020750,132519.06
LN-007632,6966.16
LN-010476,106105.1
LN-021354,91396.64
LN-021093,41300.09
LN-000535,149561.8
LN-019864,237874.82
LN-006907,105356.49
LN-017899,185000.07
LN-023472,166822.87
LN-024548,82894.16
LN-028974,149166.68
LN-016098,135894.66
LN-004304,198.6
LN-018483,10694.6
LN-009316,115237.11
LN-001935,47.25
LN-014989,242830.99
LN-002775,358755.33
LN-022715,266405.56
LN-011906,95001.59
LN-018485,39586.28
LN-006905,173656.48
LN-025345,154725.13
LN-027763,24002.24
LN-007190,194845.65
LN-019662,38494.58
LN-027303,35740.14
LN-019646,72804.29
LN-009712,128432.18
LN-022375,4832.11
LN-017391,109687.1
LN-003668,182318.27
LN-009486,112020.25
LN-002826,81251.52
LN-013280,216122.13
LN-005334,204805.17
LN-028700,57936.55
LN-019418,33332.33
LN-003349,81019.06
LN-020723,106278.43
LN-011973,2331.31
LN-020652,28597.37
LN-024612,1868.39
LN-002228,101056.85
LN-001668,90773.44
LN-023342,6212.27
LN-013205,119810.38
LN-028854,127230.21
LN-012031,17640.43
LN-013010,41735.09
LN-020892,103838.96
LN-023401,42978.29
LN-014602,140688.67
LN-006740,21958.25
LN-004278,41679.07
LN-008584,38888.49
LN-026339,54493.0
LN-007296,65650.58
LN-011437,23183.53
LN-025839,5713.27
LN-003828,118674.95
LN-012162,30838.82
LN-021223,124403.17
LN-021281,113706.43
LN-022914,58333.78
LN-025269,24932.75
LN-029035,73228.32
LN-008016,58548.93
LN-004247,36299.1
LN-025723,60622.98
LN-010588,20762.3
LN-020279,153149.34
LN-014880,177494.71
LN-017942,4609.74
LN-028392,30.11
LN-002185,74397.79
LN-009434,30680.19
LN-012401,100567.37
LN-027080,48637.7
LN-004807,196509.2
LN-002238,149450.09
LN-011558,33535.23
LN-003831,40818.75
LN-022932,61947.44
LN-008588,28171.73
LN-021025,92328.76
LN-014788,177090.63
LN-024708,154601.19
LN-007747,33618.11
LN-011767,106065.37
LN-012233,105836.58
LN-015364,73888.94
LN-006986,55740.01
LN-017612,43.68
LN-025684,154543.63
LN-003629,61250.94
LN-000266,96774.14
LN-014737,158339.05
LN-025314,151.68
LN-017738,75448.43
LN-021316,122153.02
LN-026675,44178.4
LN-002363,182258.67
LN-008219,25484.78
LN-002806,1841.32
LN-026770,190567.1
LN-007120,40697.28
LN-024489,89970.55
LN-002627,34338.7
LN-022641,61181.64
LN-001404,168.97
LN-028208,107051.98
LN-025483,165020.86
LN-010281,41891.47
LN-022228,19948.5
LN-000157,2581.95
LN-016479,33865.7
LN-028278,31623.58
LN-020661,189066.61
LN-027614,45305.02
LN-021751,2560.34
LN-024051,5231.62
LN-017257,73042.35
LN-013417,269436.78
LN-005998,199418.36
LN-010827,99925.32
LN-008916,60616.85
LN-011171,3407.32
LN-014011,57901.32
LN-002264,177642.16
LN-005209,83368.13
LN-018550,131166.21
LN-010962,37100.63
LN-010753,33800.81
LN-001999,134439.62
LN-011103,737.15
LN-027638,200041.95
LN-026190,304.42
LN-010238,32455.2
LN-017355,104.56
LN-004523,4173.63
LN-013449,202014.93
LN-022408,98675.46
LN-003646,414.39
LN-023966,66740.42
LN-008720,222.97
LN-021517,112172.12
LN-004426,80026.99
LN-006803,134057.24
LN-017540,175915.93
LN-007828,106196.18
LN-006430,28037.09
LN-008239,152698.57
LN-022389,41233.78
LN-026735,74593.29
LN-006555,54238.34
LN-001665,74584.49
LN-001479,110236.85
LN-021102,42199.6
LN-003682,40766.84
LN-025418,72852.53
LN-002663,70460.86
LN-022943,70260.68
LN-023168,12046.18
LN-019320,80571.3
LN-026865,10031.6
LN-019076,36572.48
LN-013146,172553.15
LN-020561,3572.69
LN-001723,62926.96
LN-021943,42642.28
LN-003482,57070.39
LN-021120,85563.41
LN-004105,123974.79
LN-006575,32710.86
LN-013550,62233.15
LN-024168,144536.67
LN-018642,23361.37
LN-015158,514.8
LN-015029,11165.27
LN-019281,44141.38
LN-014237,5681.36
LN-025333,120963.51
LN-017132,27635.67
LN-013199,140405.11
LN-026877,184681.07
LN-000820,71329.91
LN-015206,2598.53
LN-026351,3458.22
LN-000142,20421.9
LN-026131,20224.35
LN-026204,794.17
LN-007689,8231.02
LN-006443,63185.94
LN-013008,30283.21
LN-027864,48542.42
LN-025937,34960.35
LN-025786,46690.19
LN-008067,196113.34
LN-018081,159046.1
LN-007980,1695.76
LN-003433,73705.56
LN-013455,28681.05
LN-013089,629.81
LN-028290,166078.78
LN-020738,41232.5
LN-013616,53377.6
LN-016057,713.7
LN-008788,30922.17
LN-016040,2004.66
LN-022554,90605.48
LN-021429,46533.97
LN-021317,63574.81
LN-027064,32836.73
LN-013957,179876.47
LN-013332,33557.64
LN-010191,52239.42
LN-000147,109485.96
LN-022484,223733.84
LN-023192,242283.98
LN-004569,236789.34
LN-022537,53343.2
LN-006702,28710.27
LN-008615,62871.62
LN-022242,135532.53
LN-002841,89885.67
LN-016563,82643.08
LN-002031,39251.64
LN-016508,66913.28
LN-021426,407.53
LN-021178,55116.38
LN-002937,105454.82
LN-011686,75397.6
LN-000575,4059.93
LN-005105,342602.15
LN-021541,60581.73
LN-022998,588.46
LN-024983,66543.75
LN-029284,32749.32
LN-018600,75387.0
LN-018488,98591.9
LN-008113,59992.23
LN-029277,96666.72
LN-003179,2942.39
LN-012989,4577.91
LN-005463,33463.2
LN-001734,57378.51
LN-025672,45162.92
LN-010290,995.93
LN-015244,135355.17
LN-009861,15507.91
LN-017238,74535.65
LN-023681,20068.42
LN-018566,139386.43
LN-024341,110993.89
LN-012894,100420.1
LN-004303,25606.57
LN-024038,113581.22
LN-001129,86083.21
LN-002508,85190.2
LN-024648,99348.83
LN-018516,45.56
LN-025920,56896.72
LN-005472,54736.35
LN-024013,819.1
LN-001687,60.26
LN-012234,18500.47
LN-023383,105439.6
LN-005540,19531.56
LN-011521,43051.71
LN-004707,173526.65
LN-025001,41592.96
LN-004885,25611.92
LN-021052,92854.82
LN-022689,133633.0
LN-016310,45485.15
LN-005465,20613.22
LN-014204,54353.07
LN-013072,1313.34
LN-003010,48527.91
LN-012971,130710.52
LN-002809,4755.13
LN-004720,153935.84
LN-005104,39771.31
LN-022473,41535.36
LN-020054,158600.68
LN-018409,55872.03
LN-006047,35947.66
LN-019674,68600.99
LN-026408,141846.46
LN-007421,116757.85
LN-023389,80436.53
LN-021491,61903.85
LN-021773,58170.87
LN-021434,179176.4
LN-023326,17574.09
LN-011580,90767.32
LN-014614,3104.05
LN-016811,148.03
LN-015554,100361.34
LN-005914,17320.61
LN-028745,759.35
LN-026529,28770.76
LN-023599,2166.34
LN-003812,82322.36
LN-011600,144047.5
LN-018560,731.58
LN-023967,48391.13
LN-008962,263682.91
LN-027474,3760.17
LN-003090,39492.74
LN-010086,77896.49
LN-017788,50052.05
LN-016123,6383.94
LN-007933,140570.87
LN-026592,978.04
LN-009213,178550.28
LN-019809,187528.11
LN-009519,85500.13
LN-012600,344670.4
LN-016755,33184.1
LN-001978,13450.57
LN-002942,67790.72
LN-026989,43615.68
LN-007509,74882.89
LN-003342,191395.64
LN-027820,10519.06
LN-017898,125353.64
LN-025351,107052.15
LN-023143,85095.44
LN-017309,63605.42
LN-028127,126880.71
LN-023390,111278.17
LN-016998,292424.6
LN-011712,143151.93
LN-020095,50694.67
LN-012957,49.51
LN-004658,90574.34
LN-018576,40312.26
LN-023613,82515.84
LN-019336,165.69
LN-020719,52246.05
LN-011961,798.72
LN-008707,34211.15
LN-025804,50096.04
LN-027344,44441.1
LN-003162,24557.25
LN-014413,77194.18
LN-026941,21016.11
LN-011405,33232.93
LN-025133,95189.03
LN-007767,17581.26
LN-012944,984.61
LN-007322,30392.58
LN-016841,946.46
LN-012450,90535.59
LN-010616,61948.32
LN-001933,111101.99
LN-008307,1098.46
LN-006549,161361.11
LN-017020,16.1
LN-000674,22799.26
LN-019323,758.52
LN-001078,189409.04
LN-028227,28911.99
LN-014740,45108.08
LN-007427,251137.14
LN-002190,58962.28
LN-009419,28895.31
LN-004471,130157.83
LN-009073,24391.94
LN-009376,28208.14
LN-006954,342.35
LN-017537,128041.95
LN-007928,34856.38
LN-008696,29371.73
LN-014686,59497.59
LN-017034,123633.67
LN-009191,78536.31
LN-012745,105412.89
LN-008573,680.4
LN-002231,26677.3
LN-027192,70010.89
LN-010412,71728.1
LN-015594,56970.34
LN-024123,113385.56
LN-018932,100204.35
LN-015640,46861.65
LN-003372,25642.2
LN-012109,85146.55
LN-011778,98146.84
LN-023211,25696.15
LN-020422,204011.26
LN-027467,162904.32
LN-023395,42134.99
LN-000519,105800.82
LN-020657,111076.23
LN-017931,259901.83
LN-007399,46299.69
LN-005688,657.81
LN-016847,68972.47
LN-018223,152213.24
LN-017529,132783.12
LN-027335,6011.9
LN-024142,64825.69
LN-022773,47577.7
LN-020048,71545.09
LN-014881,38426.62
LN-024883,319.77
LN-018494,51657.02
LN-000720,132597.82
LN-003529,89864.51
LN-005179,196005.13
LN-003126,43767.86
LN-022143,278824.78
LN-008336,62651.67
LN-008436,143128.4
LN-024057,93178.89
LN-002956,199723.22
LN-018243,96305.7
LN-024116,6730.82
LN-018837,89179.89
LN-024448,29010.9
LN-013948,323.77
LN-013420,1135.54
LN-012687,89915.09
LN-003421,38781.72
LN-006385,56828.88
LN-029310,150915.81
LN-022155,15463.71
LN-011116,111001.56
LN-001442,115445.72
LN-003360,80956.87
LN-006820,119031.44
LN-011477,34256.55
LN-003802,88545.42
LN-027207,59219.5
LN-005120,34378.92
LN-015073,44070.53
LN-010679,118510.8
LN-028056,66237.48
LN-010683,1388.06
LN-007674,7233.04
LN-024310,186789.73
LN-019191,23.74
LN-026699,5371.31
LN-025587,1522.65
LN-023334,136953.91
LN-018245,1678.89
LN-008418,30957.19
LN-010239,11444.08
LN-012866,98537.49
LN-013353,109112.41
LN-023454,28557.43
LN-004644,254798.74
LN-009883,114155.9
LN-003903,234265.39
LN-007739,61281.98
LN-006703,33384.55
LN-014644,51214.84
LN-018769,151122.97
LN-002075,121303.92
LN-005438,152765.46
LN-014250,110823.39
LN-004226,286813.72
LN-021619,1120.14
LN-022404,79646.37
LN-002128,57671.65
LN-008485,114892.06
LN-013427,78063.93
LN-004412,92483.7
LN-026401,89690.41
LN-016592,35.42
LN-001412,30657.8
LN-024839,72220.0
LN-018499,73776.4
LN-011575,214300.16
LN-013350,127028.61
LN-017522,99007.31
LN-000592,87472.31
LN-013967,13884.2
LN-019203,162891.58
LN-017972,161987.56
LN-027483,115431.92
LN-000459,207634.04
LN-002906,62149.1
LN-016843,80405.54
LN-002613,1612.59
LN-015000,1952.63
LN-013511,2498.48
LN-004905,69586.47
LN-004489,214556.51
LN-006114,57057.46
LN-016089,95213.86
LN-026631,1694.93
LN-026242,29506.95
LN-016067,116807.23
LN-005758,214713.74
LN-008170,129412.86
LN-020185,41691.08
LN-002450,73692.12
LN-011234,32839.26
LN-007236,125581.33
LN-005022,120677.24
LN-028644,51.63
LN-012400,1601.83
LN-006746,100098.84
LN-003131,27209.77
LN-015147,82440.73
LN-008272,31239.28
LN-010727,144664.2
LN-015113,53941.34
LN-001859,202638.63
LN-002281,35365.62
LN-023725,333002.42
LN-017618,126875.22
LN-004431,32330.44
LN-014870,4794.21
LN-009904,65644.81
LN-005861,12767.2
LN-023409,62737.07
LN-026570,17722.25
LN-001449,311853.07
LN-006510,110319.61
LN-007266,30870.77
LN-020689,175534.2
LN-018235,103483.75
LN-011336,135935.49
LN-015328,106509.65
LN-002197,52.21
LN-028013,588.34
LN-014448,86474.28
LN-019983,70750.54
LN-005835,121034.84
LN-017720,43705.03
LN-010671,70069.65
LN-002182,1557.96
LN-008942,93569.74
LN-010043,124991.76
LN-029141,66207.52
LN-008983,128897.86
LN-013488,14424.06
LN-015183,65309.21
LN-028064,73927.69
LN-027826,29214.78
LN-019681,47004.62
LN-000438,978.46
LN-029091,5563.24
LN-009926,607.56
LN-027393,152264.37
LN-023768,147291.76
LN-026789,44997.48
LN-005676,92605.2
LN-011705,101227.3
LN-005647,31517.41
LN-027851,25851.0
LN-022496,68325.9
LN-029171,80051.67
LN-013196,66711.97
LN-004944,161512.04
LN-026256,772.16
LN-004522,31830.89
LN-027578,38467.35
LN-007000,2264.46
LN-008260,141926.09
LN-019173,82671.2
LN-000918,423.75
LN-001686,2546.8
LN-018436,53051.76
LN-008662,158872.03
LN-008877,165.21
LN-022636,32633.53
LN-022533,197065.1
LN-001425,187084.55
LN-012512,331523.95
LN-008098,7384.82
LN-009976,225891.1
LN-024375,7995.87
LN-003064,49309.22
LN-023574,620.58
LN-026916,125836.99
LN-019368,18427.74
LN-013567,125369.64
LN-021035,34269.64
LN-023766,1037.6
LN-010306,100372.42
LN-021397,184170.92
LN-017273,32683.11
LN-007460,12695.26
LN-012055,35256.95
LN-012755,113905.59
LN-010575,30474.65
LN-002222,80322.98
LN-007657,188812.16
LN-003260,155388.08
LN-019521,145927.78
LN-020021,69068.06
LN-025948,8669.62
LN-001587,127215.27
LN-028770,139510.57
LN-007624,126759.07
LN-026119,60572.1
LN-014782,40586.14
LN-009732,755.74
LN-021309,99685.23
LN-015180,131510.2
LN-016578,274950.05
LN-006766,36773.37
LN-004854,38057.11
LN-029015,95093.27
LN-025943,62020.99
LN-001759,167144.92
LN-014033,57124.97
LN-023773,158727.11
LN-015983,20665.52
LN-000893,72672.66
LN-027484,67479.3
LN-009836,48991.72
LN-009766,72566.47
LN-013009,77847.65
LN-013525,143880.6
LN-008061,39963.61
LN-018473,133819.55
LN-016724,88693.73
LN-028239,13299.05
LN-002482,31031.22
LN-025728,91400.58
LN-000333,54663.53
LN-005789,71891.13
LN-016372,26872.8
LN-020181,31242.73
LN-001230,104007.87
LN-009633,721.66
LN-009779,100195.32
LN-026975,70819.39
LN-005470,75212.53
LN-022615,156208.55
LN-011256,76464.23
LN-001043,71711.25
LN-007379,142531.4
LN-024044,31038.41
LN-019634,3722.71
LN-024151,71808.67
LN-012537,48908.55
LN-006997,566.17
LN-013211,108539.1
LN-021131,135884.17
LN-016100,147148.56
LN-013109,123900.23
LN-002579,41694.4
LN-015953,64313.36
LN-004961,36620.07
LN-023136,26696.51
LN-010505,35494.17
LN-021112,31162.03
LN-023021,190535.94
LN-001570,81721.04
LN-015689,39535.87
LN-027883,1050.81
LN-018397,122882.06
LN-014151,18461.93
LN-029319,140889.67
LN-011796,196353.84
LN-002712,226635.67
LN-007615,644.25
LN-025697,89502.24
LN-010093,72272.71
LN-021468,38732.12
LN-009318,90438.56
LN-027286,19556.32
LN-011723,53704.5
LN-011997,2393.96
LN-012653,116808.49
LN-028300,29923.08
LN-026507,89308.29
LN-023385,44296.4
LN-021406,37305.71
LN-003474,53686.84
LN-010144,36887.39
LN-020417,26.36
LN-002409,74852.77
LN-025906,82650.36
LN-014767,21489.25
LN-010873,83905.38
LN-000568,52354.84
LN-017601,46686.94
LN-001676,24656.97
LN-028373,91619.64
LN-014628,1975.06
LN-023379,59749.81
LN-025062,59584.46
LN-003775,89939.81
LN-027475,4823.62
LN-017157,92732.85
LN-008077,41964.96
LN-012999,81327.3
LN-015130,802.23
LN-014231,58814.8
LN-019835,72775.17
LN-022741,1897.28
LN-014110,109978.53
LN-018163,24911.51
LN-015574,32617.96
LN-007693,104169.61
LN-016013,1615.9
LN-016403,185715.16
LN-023361,163704.89
LN-020357,93344.58
LN-027211,90529.91
LN-016214,26070.31
LN-027897,69782.94
LN-005081,247362.21
LN-006298,29592.52
LN-017487,81971.18
LN-003366,131249.71
LN-002002,212116.0
LN-021954,23570.33
LN-013437,84756.97
LN-023865,48604.18
LN-012919,160508.26
LN-022094,40801.5
LN-029014,41433.51
LN-001228,39494.0
LN-018084,124876.45
LN-012165,75910.03
LN-020121,12541.99
LN-000405,80621.74
LN-004593,90784.64
LN-027800,34557.51
LN-021999,48539.66
LN-012642,70276.31
LN-022411,7871.79
LN-027593,17389.19
LN-024109,32519.64
LN-020835,17.81
LN-015506,117366.09
LN-023435,94728.88
LN-022095,50915.21
LN-003387,83071.47
LN-000659,81452.55
LN-021461,106.64
LN-012188,8884.26
LN-008779,28031.06
LN-028403,57174.96
LN-006044,103243.57
LN-019058,101829.41
LN-024193,88424.25
LN-020239,63671.96
LN-016082,1893.0
LN-003332,2583.58
LN-007537,105978.5
LN-013093,67277.83
LN-001843,208650.33
LN-009949,158745.18
LN-014920,61196.99
LN-021981,97250.61
LN-019603,71429.14
LN-018981,1988.36
LN-011209,632.53
LN-007448,102275.61
LN-006767,117062.11
LN-009538,40520.4
LN-019033,70222.76
LN-024492,145241.47
LN-007046,159712.19
LN-021701,153035.49
LN-010696,1429.84
LN-023583,11513.6
LN-014959,112030.76
LN-003448,80624.02
LN-020368,151813.21
LN-026394,133575.55
LN-016883,48572.58
LN-004171,45944.12
LN-018552,22403.95
LN-022517,78691.29
LN-019540,155632.36
LN-028321,119343.65
LN-016805,126795.42
LN-011353,96192.01
LN-001537,189990.72
LN-026557,41052.11
LN-006099,30454.83
LN-012716,756.09
LN-019868,175487.23
LN-004977,6024.62
LN-007035,33899.25
LN-009758,44458.43
LN-005696,129833.91
LN-020825,19280.11
LN-023914,67887.81
LN-000502,51918.34
LN-019090,109150.77
LN-022806,31713.32
LN-006745,135944.05
LN-016023,1699.3
LN-012265,1953.18
LN-021431,69.63
LN-006208,82336.97
LN-028769,34831.76
LN-009905,2447.26
LN-007424,20669.1
LN-012932,155256.61
LN-009093,38263.28
LN-001709,22231.6
LN-023195,59504.96
LN-013059,101522.53
LN-024391,19.84
LN-015836,91741.85
LN-000958,36704.66
LN-013589,67209.02
LN-020768,35316.81
LN-001982,84633.8
LN-020055,17639.25
LN-008483,98501.32
LN-008021,64225.57
LN-004813,196088.55
LN-026647,51386.24
LN-013321,76790.32
LN-000054,179299.15
LN-028815,79852.1
LN-013866,163118.55
LN-022541,59245.23
LN-018345,4544.95
LN-029255,85619.44
LN-018794,63531.57
LN-028672,42277.75
LN-015945,261965.33
LN-027121,23748.74
LN-009002,70057.13
LN-019361,61561.12
LN-004358,756.59
LN-004928,26561.91
LN-004311,69998.45
LN-022637,110317.07
LN-006564,175351.78
LN-025445,160.86
LN-027908,250954.41
LN-005980,105893.63
LN-002146,37409.61
LN-009977,35278.44
LN-008488,129264.56
LN-019866,81567.13
LN-009605,48707.88
LN-022300,90266.25
LN-011420,144173.97
LN-006200,34344.19
LN-010546,52949.89
LN-014444,5403.0
LN-005699,173044.25
LN-015303,77630.28
LN-027601,92334.38
LN-028995,104654.28
LN-015231,94502.97
LN-020923,6246.76
LN-010690,79058.56
LN-024500,6760.9
LN-005924,109230.11
LN-018100,107509.83
LN-027466,262820.97
LN-015155,20.19
LN-004490,3711.35
LN-027879,264914.66
LN-020685,79429.78
LN-011880,35703.94
LN-006513,70244.85
LN-019655,52930.07
LN-015270,130987.57
LN-026908,84517.17
LN-012950,18831.31
LN-023099,979.77
LN-002943,89345.95
LN-005705,67908.21
LN-006496,141367.86
LN-012774,142020.12
LN-028536,177087.1
LN-001012,96.69
LN-012434,115746.81
LN-012513,8700.44
LN-000534,29367.47
LN-011105,47313.0
LN-015297,113478.93
LN-000698,1641.21
LN-008380,562.6
LN-000097,42662.24
LN-016297,503.05
LN-001252,88211.81
LN-002558,90424.19
LN-014069,37025.7
LN-022506,43453.15
LN-025187,20800.95
LN-026920,72020.69
LN-001985,46745.48
LN-027486,164629.16
LN-023122,30434.46
LN-022339,359.15
LN-013723,180661.78
LN-017872,107625.92
LN-023102,132243.8
LN-012229,141292.52
LN-011608,21248.8
LN-020712,2863.34
LN-027950,188618.46
LN-005016,51.86
LN-008208,32710.76
LN-024485,72750.45
LN-012038,174822.85
LN-027790,47851.29
LN-023894,111789.23
LN-023969,297475.38
LN-018772,48041.05
LN-007706,1090.0
LN-004844,1484.37
LN-004819,22197.35
LN-003558,8888.02
LN-013476,34680.76
LN-001941,35124.85
LN-014746,57465.48
LN-023752,91034.93
LN-011200,200552.48
LN-019133,74237.55
LN-026537,176065.42
LN-022613,76855.25
LN-002867,54002.97
LN-012244,1970.29
LN-019570,42230.43
LN-024480,63510.83
LN-023714,24125.41
LN-006932,162.66
LN-015131,59846.6
LN-004910,210860.03
LN-014138,54800.79
LN-006528,1808.09
LN-001467,63985.77
LN-005995,70559.28
LN-018092,27374.97
LN-017616,100702.24
LN-018597,727.3
LN-005382,28635.81
LN-026598,42136.62
LN-009179,94474.03
LN-000306,51964.95
LN-012819,72699.21
LN-022957,63199.14
LN-001359,175364.99
LN-011602,142472.69
LN-026887,7851.9
LN-010651,18535.69
LN-001432,30442.04
LN-001071,8621.61
LN-004745,54689.39
LN-028177,1551.71
LN-011001,26140.48
LN-019840,4851.88
LN-021048,121042.57
LN-023533,164120.41
LN-025640,74251.39
LN-016871,224862.08
LN-002135,47134.09
LN-004294,248304.82
LN-029114,462.67
LN-013120,33832.05
LN-010087,64513.08
LN-002667,62747.86
LN-029217,114822.52
LN-000168,86943.52
LN-018312,1789.79
LN-011998,21559.38
LN-016584,925.5
LN-006991,27842.28
LN-007167,30107.93
LN-013765,56935.75
LN-000129,63670.13
LN-009039,120455.02
LN-007971,98142.03
LN-012931,28958.86
LN-019847,44743.39
LN-028578,156870.27
LN-010297,138031.79
LN-011357,52567.74
LN-018608,29857.87
LN-002597,870.2
LN-016663,123.62
LN-018789,60289.24
LN-005216,25894.55
LN-019791,39694.02
LN-023644,71289.4
LN-020939,35385.31
LN-026526,315258.05
LN-007125,145862.96
LN-025561,54005.4
LN-028906,152835.54
LN-017197,39507.36
LN-013469,2120.29
LN-023621,96468.74
LN-012340,225.67
LN-006824,390.39
LN-012903,66997.64
LN-021767,65073.43
LN-014849,133387.0
LN-023503,2028.15
LN-003905,1295.25
LN-018819,66704.09
LN-022163,1992.23
LN-005555,44291.9
LN-001363,46297.44
LN-005713,86009.28
LN-015593,36871.7
LN-010156,109562.86
LN-009755,102275.92
LN-001210,113191.44
LN-001767,1169.24
LN-016173,26216.32
LN-016585,60976.5
LN-021897,61034.83
LN-012392,68923.51
LN-028117,37361.4
LN-018575,151193.18
LN-003523,60510.44
LN-001317,99334.5
LN-018238,182551.03
LN-027833,132498.63
LN-004679,3382.74
LN-021026,1693.58
LN-006685,36065.93
LN-022935,83492.1
LN-017814,384.3
LN-016539,74891.07
LN-012638,155528.54
LN-025387,590.43
LN-026234,45490.84
LN-005883,62743.75
LN-004922,2752.33
LN-012286,53787.13
LN-016102,32243.08
LN-002068,24159.29
LN-000737,56931.87
LN-009776,273993.91
LN-024186,149245.72
LN-011939,30221.98
LN-026022,82360.77
LN-027531,140598.41
LN-013060,185676.66
LN-001338,196197.12
LN-021469,29132.88
LN-015272,118199.23
LN-004558,163856.58
LN-009936,40582.83
LN-028598,59466.81
LN-006621,36875.57
LN-007558,51808.47
LN-026277,144155.56
LN-022594,108272.93
LN-019170,15204.31
LN-020780,267213.33
LN-015671,72301.32
LN-001482,28979.0
LN-024849,62386.62
LN-008649,36673.89
LN-020704,33862.25
LN-013171,21187.51
LN-012000,295760.9
LN-012360,13.72
LN-003130,100048.24
LN-012364,35785.27
LN-000383,4836.32
LN-019679,72186.75
LN-009227,207075.57
LN-026923,36305.15
LN-002549,27420.9
LN-018877,149220.69
LN-019739,54547.78
LN-024005,90092.51
LN-012033,12227.69
LN-028850,76573.27
LN-003464,69926.72
LN-006141,55261.65
LN-018226,68439.39
LN-028074,168518.25
LN-020482,144122.22
LN-001420,151036.63
LN-019501,23393.58
LN-021744,23355.7
LN-021334,27081.13
LN-027680,35830.85
LN-007042,3543.76
LN-023419,6912.44
LN-009952,159898.44
LN-021275,22483.96
LN-006026,211483.09
LN-008685,23665.1
LN-021789,109897.89
LN-003112,20948.46
LN-000476,25685.8
LN-012863,28618.68
LN-018216,38970.75
LN-023180,134824.54
LN-017250,13107.34
LN-019440,87169.09
LN-025698,125955.6
LN-010257,50011.12
LN-013039,175043.0
LN-003227,53507.07
LN-019324,119994.52
LN-020406,41554.28
LN-012387,28254.95
LN-000085,29901.95
LN-017614,73948.32
LN-012568,40661.98
LN-009270,94552.7
LN-016939,295.91
LN-029227,124290.5
LN-022320,80403.72
LN-019691,3710.98
LN-004895,58999.06
LN-007692,107312.69
LN-025123,33927.41
LN-023922,70749.87
LN-020991,111110.21
LN-019188,75525.69
LN-021232,41911.69
LN-017991,755.61
LN-026165,126824.76
LN-029076,209647.32
LN-001656,93590.67
LN-023983,146011.64
LN-025221,32702.68
LN-017957,71192.86
LN-021588,151700.3
LN-008462,125731.28
LN-014457,26076.34
LN-013430,41325.85
LN-002267,161511.13
LN-019353,435024.86
LN-005732,57495.57
LN-009806,147653.45
LN-023312,78194.25
LN-014752,154.29
LN-019053,27931.34
LN-003820,43625.67
LN-024583,304253.26
LN-015372,35268.69
LN-028319,301447.68
LN-026192,131585.16
LN-005126,32684.82
LN-013246,136272.5
LN-020901,1030.45
LN-021872,109342.72
LN-019516,1760.25
LN-011131,61308.4
LN-013901,40908.28
LN-005320,138.71
LN-027728,158578.68
LN-024993,196162.44
LN-009865,926.86
LN-000967,317.09
LN-004872,219896.04
LN-028505,4582.55
LN-004435,146918.29
LN-009374,60233.24
LN-028901,27350.09
LN-018214,3258.39
LN-008820,57469.82
LN-020857,66904.33
LN-027163,1076.65
LN-028493,86300.01
LN-006463,3676.86
LN-020113,10810.2
LN-004677,85377.65
LN-014883,51256.33
LN-009239,34454.16
LN-004020,89419.26
LN-020572,242986.27
LN-012913,7960.9
LN-019096,31612.56
LN-000707,155802.0
LN-020461,16111.12
LN-021533,73545.57
LN-023424,50711.28
LN-011323,146027.32
LN-003978,53161.64
LN-028871,80934.86
LN-013137,2493.94
LN-021665,102601.88
LN-022149,177276.63
LN-022944,37339.64
LN-020468,567.71
LN-026624,63858.45
LN-028845,137288.19
LN-027501,171508.94
LN-003156,1442.31
LN-017320,70511.38
LN-029109,43557.78
LN-023751,164641.23
LN-010904,23172.85
LN-009159,10521.44
LN-025238,163144.04
LN-009461,90431.31
LN-027683,751.88
LN-025744,1188.59
LN-026078,167945.08
LN-011915,9162.01
LN-022497,74043.75
LN-008883,138181.94
LN-018262,517.1
LN-000462,963.7
LN-027291,42023.46
LN-029063,79038.25
LN-026413,69198.24
LN-012458,58855.31
LN-019707,35444.78
LN-000539,51136.29
LN-009626,161014.46
LN-020071,34833.1
LN-000965,71810.35
LN-003265,114249.09
LN-016952,9605.21
LN-001055,39848.89
LN-028060,130017.76
LN-028313,6446.3
LN-009144,201642.32
LN-002608,45093.08
LN-025693,1694.02
LN-018968,106683.35
LN-001095,24121.49
LN-008415,98151.45
LN-018807,144511.55
LN-012192,58048.94
LN-013165,104388.6
LN-027784,198191.39
LN-026201,393876.02
LN-012861,974.67
LN-006637,151892.42
LN-021270,87463.1
LN-003036,116981.56
LN-009894,147978.36
LN-001112,235146.95
LN-023700,108389.35
LN-005640,8436.65
LN-018317,52845.12
LN-003755,1599.17
LN-029224,115859.78
LN-011760,2526.58
LN-022384,762.4
LN-027204,22904.24
LN-026946,8200.1
LN-026238,31.1
LN-009049,317.15
LN-028014,65234.37
LN-029307,9459.57
LN-029288,36041.02
LN-011524,25728.91
LN-028970,49461.41
LN-016647,94450.95
LN-026972,91607.74
LN-017013,54600.67
LN-026563,79436.48
LN-026938,40322.8
LN-027128,31006.03
LN-005947,57090.01
LN-021449,32262.18
LN-013628,33659.58
LN-016010,32596.12
LN-023020,51115.17
LN-026426,153035.74
LN-001548,78474.47
LN-015053,49767.69
LN-006157,82764.91
LN-002761,69522.24
LN-020358,14104.23
LN-003505,41314.23
LN-016973,42052.23
LN-026465,121892.54
LN-027183,126220.62
LN-019290,133480.45
LN-026485,165242.39
LN-024994,75860.47
LN-028663,38896.23
LN-025012,55973.7
LN-018540,36206.16
LN-008334,41984.36
LN-006478,85188.21
LN-010304,130975.82
LN-017714,43592.12
LN-018213,97243.66
LN-004160,69915.68
LN-002459,60092.84
LN-021889,97480.4
LN-009055,39873.69
LN-027762,21017.79
LN-012228,125425.76
LN-000650,61218.44
LN-016099,26490.97
LN-000205,41274.57
LN-024625,100254.81
LN-006150,155255.77
LN-010375,43843.36
LN-003756,39821.23
LN-005240,60594.25
LN-025599,63821.55
LN-014290,159820.81
LN-002044,43870.2
LN-019387,1844.95
LN-024697,10370.47
LN-003113,25409.86
LN-008386,84218.96
LN-012380,706.36
LN-018548,17051.82
LN-004563,39989.8
LN-026105,122381.96
LN-016532,83011.09
LN-016651,36381.99
LN-000941,3091.16
LN-011230,48759.9
LN-009898,64713.0
LN-009391,105518.2
LN-007700,26858.95
LN-016613,49937.51
LN-001515,66780.25
LN-024660,99995.12
LN-018567,80652.57
LN-008464,674.35
LN-008679,99265.1
LN-007384,108.97
LN-011415,50879.89
LN-028228,117444.3
LN-009548,148011.79
LN-004888,8958.79
LN-019503,737.97
LN-025656,104794.86
LN-012876,14358.8
LN-017662,66389.58
LN-014680,59698.34
LN-006684,135930.97
LN-010887,76487.21
LN-022106,54112.66
LN-020599,171596.8
LN-022383,42929.73
LN-024114,41671.58
LN-008413,11100.14
LN-000761,57699.68
LN-021828,47287.16
LN-013940,1015.54
LN-018537,162588.28
LN-025544,28.18
LN-009322,46667.37
LN-007354,237.62
LN-009333,132815.1
LN-028129,36574.56
LN-003351,99166.01
LN-019258,3114.2
LN-009178,23308.33
LN-016147,29198.82
LN-025551,240.24
LN-012041,9572.1
LN-003782,50121.85
LN-002105,37593.96
LN-007350,79.97
LN-004524,95967.97
LN-025628,196645.79
LN-022644,118360.58
LN-005018,95831.15
LN-028173,28318.86
LN-004897,19693.48
LN-023743,23928.62
LN-018154,88331.38
LN-028305,23419.96
LN-021909,6451.48
LN-008604,124771.95
LN-022358,46246.28
LN-027737,27843.89
LN-017341,106381.9
LN-006442,97675.61
LN-017723,89172.79
LN-012850,221873.17
LN-014313,176671.29
LN-012560,143990.25
LN-024888,30281.67
LN-009740,122163.56
LN-027236,35827.0
LN-013996,93142.85
LN-011657,18106.63
LN-015300,33328.84
LN-001283,82847.45
LN-022397,106185.74
LN-006168,76251.83
LN-025898,24234.72
LN-012473,157266.71
LN-015780,84139.15
LN-018670,63583.0
LN-023611,177166.99
LN-025076,134655.52
LN-001056,63309.27
LN-006734,58675.47
LN-024537,168994.74
LN-029193,1405.17
LN-013843,48665.63
LN-025150,1513.33
LN-014374,179251.28
LN-026870,42369.98
LN-014449,234589.59
LN-015205,42256.62
LN-005670,47170.08
LN-001187,188209.56
LN-007985,207389.08
LN-002935,133200.23
LN-015394,49159.03
LN-019342,139237.23
LN-019843,104620.03
LN-024717,84133.3
LN-019109,38312.49
LN-022748,32332.81
LN-025764,88251.15
LN-009489,149966.63
LN-016683,17704.9
LN-005432,227194.08
LN-025329,51.39
LN-010835,65132.73
LN-002515,10272.73
LN-011579,40458.12
LN-016499,104412.18
LN-017107,190229.89
LN-021796,29830.27
LN-004931,16444.14
LN-014226,61088.54
LN-022708,38931.8
LN-012666,37534.03
LN-022713,41957.41
LN-029250,91399.56
LN-021785,94506.21
LN-004766,133082.53
LN-020220,2693.12
LN-014017,27181.88
LN-015806,109490.0
LN-017823,134141.63
LN-004207,40.09
LN-011936,131500.52
LN-004881,64877.02
LN-011066,46539.94
LN-003326,37402.34
LN-016507,2591.14
LN-017916,22422.65
LN-025209,1306.86
LN-000162,34343.09
LN-026274,75409.87
LN-023851,91916.06
LN-001224,227237.38
LN-019954,82852.36
LN-021188,142915.87
LN-018727,52568.76
LN-008146,160150.35
LN-007325,72059.54
LN-026447,34749.87
LN-012394,50894.86
LN-022311,29334.67
LN-009479,47091.13
LN-027565,1295.31
LN-009165,75341.61
LN-026449,233693.46
LN-016152,120061.42
LN-027734,525.55
LN-016874,53832.67
LN-012191,110222.95
LN-006438,258635.3
LN-009407,76320.86
LN-013372,49142.25
LN-026033,60576.81
LN-006101,995.28
LN-006462,50611.22
LN-018332,37130.58
LN-008236,106232.6
LN-022938,168951.69
LN-020080,34410.77
LN-000971,71057.66
LN-023916,14315.95
LN-006858,131005.36
LN-014014,126126.51
LN-007575,68999.35
LN-012200,30386.21
LN-021006,52419.55
LN-001649,21981.04
LN-010080,1867.81
LN-001299,182041.95
LN-011395,77142.0
LN-014653,110612.95
LN-019465,161818.16
LN-012806,124380.0
LN-028237,90661.49
LN-016203,88852.77
LN-018704,65470.98
LN-021673,773.71
LN-018196,83875.77
LN-000873,3895.97
LN-010968,60458.31
LN-019419,189274.44
LN-009416,6483.81
LN-000127,96753.68
LN-001270,130927.28
LN-018838,39897.12
LN-001562,53.58
LN-012053,90724.7
LN-007349,68156.32
LN-011494,54049.35
LN-004342,110168.72
LN-025068,77916.93
LN-020269,46751.85
LN-027989,1119.3
LN-009896,21974.73
LN-009498,7124.85
LN-020020,65295.87
LN-010197,51105.35
LN-006316,196763.75
LN-020464,73825.87
LN-017216,993.1
LN-027310,660.48
LN-014590,98946.53
LN-026587,950.22
LN-004260,102422.77
LN-026467,115093.58
LN-017834,70137.15
LN-023073,106545.35
LN-008824,124230.37
LN-005055,24474.59
LN-018149,91549.08
LN-025887,54019.01
LN-006263,57032.35
LN-007546,15528.28
LN-017962,101585.15
LN-013150,77723.52
LN-007929,105820.33
LN-014100,35156.91
LN-015014,80070.4
LN-027352,3242.12
LN-004891,346.17
LN-029265,205139.41
LN-029264,66382.51
LN-004545,264817.46
LN-018534,312.44
LN-007011,56272.52
LN-000524,212933.79
LN-017575,54043.45
LN-007218,60776.33
LN-023467,91.62
LN-024910,37903.17
LN-000380,171364.73
LN-009409,22023.11
LN-008331,317817.19
LN-021543,1019.09
LN-012043,58.16
LN-014023,63394.68
LN-014466,28442.62
LN-027039,5328.89
LN-010141,56856.18
LN-000512,2214.1
LN-017926,77467.34
LN-024380,55140.78
LN-012125,55206.58
LN-016534,36919.08
LN-027918,66835.08
LN-005446,918.97
LN-016467,197094.69
LN-009705,84878.23
LN-010472,87133.11
LN-008030,66301.42
LN-007878,52746.96
LN-005054,55734.53
LN-020954,13240.51
LN-020883,73282.23
LN-009263,13463.86
LN-005107,59747.61
LN-003709,4118.03
LN-021912,44.21
LN-026681,70914.37
LN-013352,267317.8
LN-022361,86023.88
LN-025202,55987.79
LN-011496,8.47
LN-007777,32477.65
LN-013078,149658.87
LN-015088,418.85
LN-020862,24807.7
LN-001549,83850.91
LN-007064,116207.1
LN-017301,94245.94
LN-002178,10851.36
LN-026691,66999.19
LN-021786,2952.19
LN-011271,20599.99
LN-023244,72620.9
LN-010944,33563.4
LN-007304,225945.99
LN-029110,86004.89
LN-003008,82730.26
LN-028154,41522.24
LN-022775,163312.66
LN-018687,34836.08
LN-005317,159785.57
LN-029234,102398.39
LN-005897,42065.79
LN-010076,259448.11
LN-024052,1780.18
LN-005417,204442.79
LN-026082,206956.9
LN-017841,33663.79
LN-008474,222041.08
LN-011051,1440.26
LN-007526,185525.22
LN-010914,41253.89
LN-016596,69701.61
LN-002736,45375.54
LN-019527,52945.71
LN-019914,196195.09
LN-022782,96201.36
LN-026706,165694.34
LN-011878,218617.42
LN-025646,108423.02
LN-029299,6134.85
LN-003989,237777.18
LN-018230,37180.82
LN-010358,73783.81
LN-003652,59724.61
LN-005749,30511.85
LN-018650,140146.67
LN-016801,1434.71
LN-007238,50860.3
LN-005445,60770.9
LN-026738,71206.79
LN-022273,66128.68
LN-026128,179573.55
LN-002967,45416.38
LN-025934,734.23
LN-022457,108161.43
LN-024416,12759.92
LN-021485,141787.39
LN-008502,74416.9
LN-002064,227097.05
LN-021547,57724.32
LN-004331,12599.95
LN-008940,162897.52
LN-001160,139538.52
LN-019460,50883.88
LN-009928,671.55
LN-019430,1054.44
LN-002056,240288.23
LN-006518,177718.12
LN-022270,35400.43
LN-006842,180957.51
LN-022051,133123.24
LN-020204,69544.33
LN-022705,61448.53
LN-004599,65.07
LN-027063,119500.12
LN-018435,51801.58
LN-028343,252802.77
LN-004697,42235.18
LN-005790,125163.02
LN-017131,234662.83
LN-026728,232059.4
LN-014635,44377.15
LN-011278,61003.33
LN-008060,353.45
LN-021551,67478.26
LN-018986,64116.99
LN-010439,30968.59
LN-002792,13149.67
LN-027014,140.77
LN-025474,64815.36
LN-013361,63172.71
LN-019984,31942.3
LN-020692,107423.08
LN-027416,81727.36
LN-008912,42975.58
LN-023918,55298.65
LN-023043,6362.19
LN-000376,104510.23
LN-016616,40472.95
LN-001108,81.36
LN-025894,8678.95
LN-014703,104400.09
LN-029201,24184.59
LN-000425,55.55
LN-019854,598.19
LN-029238,38689.64
LN-025069,58926.37
LN-019136,69767.89
LN-002732,202714.92
LN-028027,112245.05
LN-009530,93996.8
LN-006717,55678.41
LN-020180,632.03
LN-010435,22793.25
LN-001441,42534.44
LN-006406,115605.34
LN-020053,98107.49
LN-010518,921.38
LN-001226,72735.8
LN-012071,61101.75
LN-023241,277865.94
LN-029162,2380.69
LN-010019,73476.69
LN-015921,176572.56
LN-016337,59564.99
LN-000846,159111.67
LN-002426,51747.34
LN-015687,87587.32
LN-020130,37585.27
LN-022739,51884.93
LN-011203,104911.55
LN-004754,26013.68
LN-002077,811.85
LN-001003,68327.15
LN-021304,33365.87
LN-028268,567.02
LN-021274,81856.08
LN-004454,139629.35
LN-026194,207009.02
LN-016705,120462.62
LN-004330,1881.29
LN-007408,117132.85
LN-023441,311799.95
LN-002221,189035.25
LN-016631,36255.97
LN-029132,102709.09
LN-009256,127706.73
LN-012446,118489.12
LN-022340,126365.53
LN-004737,29018.21
LN-006623,15428.72
LN-020609,271.73
LN-021919,47043.01
LN-002603,104464.29
LN-028069,4735.38
LN-014468,1559.03
LN-015423,70792.36
LN-005490,71979.32
LN-014516,273982.02
LN-010667,140013.43
LN-023341,44414.73
LN-007453,84433.0
LN-005253,267258.41
LN-011156,66049.4
LN-026524,38530.34
LN-002444,33713.29
LN-021342,142044.98
LN-001516,18249.69
LN-001523,68944.94
LN-008955,35.79
LN-010685,69299.72
LN-005635,226625.94
LN-019568,71292.57
LN-008985,28966.95
LN-002581,48669.59
LN-022727,90451.79
LN-011403,106637.17
LN-000778,234890.88
LN-028342,75649.07
LN-023684,48269.34
LN-021659,133348.89
LN-020138,140295.92
LN-006573,86304.98
LN-002117,231685.25
LN-006452,23867.28
LN-011618,152111.84
LN-005799,59987.09
LN-009837,62836.63
LN-022752,72827.31
LN-003456,224184.76
LN-019509,244948.85
LN-013094,214772.22
LN-025567,516.59
LN-021843,75908.36
LN-003698,289772.88
LN-023717,67.47
LN-015739,132210.56
LN-003123,18815.67
LN-016302,238234.42
LN-005062,63539.78
LN-013014,2413.22
LN-013955,88.49
LN-007567,81763.12
LN-003418,111715.7
LN-020473,912.82
LN-011248,68867.67
LN-009424,92951.67
LN-011360,6511.07
LN-004793,94845.13
LN-001890,3097.85
LN-008370,20105.96
LN-024669,55209.44
LN-029013,7179.0
LN-026453,176235.37
LN-003920,212427.37
LN-013754,262592.51
LN-003478,46.05
LN-023111,109053.14
LN-020394,112619.0
LN-009026,237781.82
LN-027041,25019.89
LN-027457,65301.87
LN-026945,117771.64
LN-025309,493.31
LN-005899,46690.36
LN-015352,32122.81
LN-001799,25072.63
LN-001082,80958.83
LN-020793,44450.74
LN-002763,128387.69
LN-001313,16206.86
LN-003551,57255.25
LN-001885,1844.89
LN-012787,22036.55
LN-010672,106469.03
LN-025006,69687.69
LN-027383,33.69
LN-015837,64384.92
LN-003716,33741.17
LN-022211,6955.43
LN-018089,110350.33
LN-026462,23828.25
LN-009749,20.86
LN-008276,35473.47
LN-019128,149160.19
LN-008617,19766.01
LN-023544,67602.33
LN-010663,117.76
LN-016913,2206.72
LN-020432,53816.92
LN-000029,68743.67
LN-003804,81466.58
LN-023593,84108.56
LN-007733,56613.0
LN-009775,154097.1
LN-001888,1061.16
LN-023632,39166.6
LN-013713,42386.72
LN-005526,52921.06
LN-015904,73201.62
LN-003393,680.17
LN-022135,25126.65
LN-025051,19802.82
LN-010612,77189.26
LN-003600,183308.21
LN-000769,2192.61
LN-009361,70926.64
LN-012778,86994.92
LN-012640,184049.52
LN-026652,25716.41
LN-018014,35.65
LN-003400,97707.45
LN-000933,100992.23
LN-022385,145070.9
LN-013710,85828.65
LN-003466,36596.53
LN-000264,34987.07
LN-008427,113982.23
LN-003969,38298.63
LN-021159,156.13
LN-019883,87694.93
LN-011335,52869.5
LN-002351,102358.89
LN-011983,213060.12
LN-025626,60672.64
LN-011104,70187.26
LN-004733,71822.41
LN-027456,151710.43
LN-024824,28156.99
LN-015636,4869.12
LN-012483,128122.32
LN-024519,33370.47
LN-021708,32935.2
LN-024823,780.3
LN-023770,1184.8
LN-006255,154611.99
LN-028846,32616.93
LN-011483,33673.78
LN-022428,132159.43
LN-010000,198173.18
LN-006532,27725.28
LN-005957,154337.34
LN-015609,87579.45
LN-007406,72302.84
LN-017896,22472.41
LN-029053,35822.36
LN-016599,28210.8
LN-016096,37253.04
LN-003293,43.97
LN-008043,152290.35
LN-006178,63371.24
LN-021109,76653.25
LN-024315,303.46
LN-016430,116854.31
LN-003440,161016.85
LN-001787,63748.84
LN-002853,160987.18
LN-002931,135076.46
LN-011678,112335.32
LN-001009,75060.99
LN-016845,5684.72
LN-024728,7504.68
LN-015411,54.69
LN-011258,61046.78
LN-012004,64964.16
LN-006693,58917.44
LN-000458,762.15
LN-017713,2479.62
LN-026790,3093.37
LN-013242,62124.23
LN-000351,161174.99
LN-010030,173496.08
LN-014478,17174.52
LN-004716,2298.92
LN-016445,64175.72
LN-022368,185085.4
LN-021376,26982.2
LN-015865,794.94
LN-007183,99960.03
LN-029023,114051.86
LN-006404,223472.6
LN-028886,22347.95
LN-026684,95113.29
LN-019644,113953.82
LN-021325,86604.68
LN-026181,33245.92
LN-010154,57801.81
LN-001754,58617.07
LN-002265,162854.3
LN-009308,46888.47
LN-012845,54406.01
LN-023163,22185.63
LN-026642,4698.65
LN-027711,94953.73
LN-014589,206296.1
LN-005872,60969.69
LN-000690,71304.06
LN-013190,5052.93
LN-015793,42652.74
LN-002741,166802.35
LN-013006,666.95
LN-028402,11889.86
LN-008742,79906.1
LN-022298,82782.02
LN-010895,24567.17
LN-000887,29262.51
LN-004093,39930.24
LN-003579,1604.94
LN-023394,237332.99
LN-015871,69623.59
LN-020110,104685.41
LN-005976,141748.42
LN-011540,21272.74
LN-019078,241855.35
LN-012686,25904.76
LN-027973,70333.9
LN-009911,59819.31
LN-017433,79038.68
LN-010756,31233.74
LN-022039,200816.74
LN-024154,966.12
LN-001069,84362.76
LN-023834,52119.78
LN-003692,89511.36
LN-023618,149361.63
LN-025882,2309.34
LN-011703,177175.6
LN-024667,60582.53
LN-021042,162313.82
LN-012822,36026.55
LN-002648,42318.99
LN-011157,20106.59
LN-008378,62355.26
LN-007287,18695.81
LN-013576,32235.01
LN-016783,26302.07
LN-010891,137838.38
LN-019851,16117.87
LN-012154,17446.37
LN-025885,6541.15
LN-011004,12477.17
LN-022058,34034.5
LN-005929,85542.0
LN-012862,54030.49
LN-027606,7238.69
LN-007382,110770.14
LN-007059,119359.16
LN-014428,70310.89
LN-000202,69169.08
LN-018754,214084.31
LN-026921,42309.01
LN-021584,65879.92
LN-029040,2408.62
LN-027260,2017.0
LN-005927,36223.17
LN-023097,115679.38
LN-010942,51727.2
LN-012526,209842.82
LN-029249,61636.6
LN-018150,2783.2
LN-018041,275066.34
LN-024011,67681.02
LN-003309,80192.87
LN-017933,245298.46
LN-022061,113376.64
LN-020626,110046.85
LN-008432,15220.75
LN-022571,72511.86
LN-029270,19.8
LN-027821,118096.18
LN-009994,89417.84
LN-026380,122768.37
LN-025364,12621.16
LN-015055,10078.34
LN-002428,46.91
LN-000368,64337.32
LN-010408,47157.27
LN-023577,26862.91
LN-009405,53196.94
LN-025250,93190.79
LN-013220,53275.34
LN-027269,96853.68
LN-019275,21921.32
LN-006305,153595.09
LN-009232,402691.59
LN-011828,70233.37
LN-028706,132517.81
LN-012506,62477.46
LN-003044,93470.08
LN-015566,83619.55
LN-019287,95676.08
LN-013418,74378.3
LN-015252,18488.61
LN-002585,28290.93
LN-011630,76951.57
LN-019042,55744.46
LN-012805,103608.7
LN-012264,101753.51
LN-023524,27217.24
LN-024101,40626.22
LN-010577,192924.52
LN-026367,2142.32
LN-027284,34537.51
LN-012425,100657.87
LN-023368,8403.19
LN-024305,46577.35
LN-014916,22552.32
LN-012090,12894.45
LN-025460,2997.41
LN-004488,44028.9
LN-014677,26195.57
LN-003815,127215.32
LN-010222,38714.48
LN-027899,115594.68
LN-027618,114909.16
LN-018425,67415.53
LN-018007,1383.87
LN-012224,38884.95
LN-003097,135334.14
LN-025668,78503.81
LN-002289,129099.24
LN-028216,67763.25
LN-008014,42622.34
LN-001757,73703.65
LN-015822,22734.17
LN-012022,61486.07
LN-006158,44964.94
LN-010656,75700.29
LN-016587,7589.69
LN-012198,284600.89
LN-019814,213148.21
LN-007668,175964.47
LN-026178,210659.85
LN-008760,38773.93
LN-022585,31709.02
LN-014630,47083.59
LN-021824,68740.56
LN-014164,11611.95
LN-000297,22298.27
LN-021532,80797.54
LN-014834,184253.51
LN-000004,161885.41
LN-008570,124315.63
LN-011543,33267.39
LN-000250,61964.02
LN-004329,222490.82
LN-015734,123012.99
LN-012276,44517.65
LN-029074,6002.5
LN-004109,97911.44
LN-019265,49815.63
LN-009835,40369.13
LN-013521,23605.5
LN-011945,54.48
LN-011052,21209.23
LN-016710,63135.53
LN-014584,49.87
LN-002061,72230.55
LN-019813,102335.67
LN-000811,24366.14
LN-025487,72106.15
LN-014336,59242.55
LN-018050,44742.8
LN-026852,68088.24
LN-013738,37792.86
LN-014695,17874.36
LN-003201,2682.4
LN-027582,2514.8
LN-016703,59055.77
LN-027496,1530.98
LN-020338,17916.21
LN-018440,162048.28
LN-000957,121564.67
LN-028010,166128.99
LN-026424,220317.48
LN-027458,142410.65
LN-003419,105701.59
LN-002489,109113.27
LN-002798,1223.85
LN-015902,166262.84
LN-021212,100665.56
LN-026250,28915.27
LN-000347,224698.1
LN-027348,139327.85
LN-009473,75481.91
LN-020108,567.12
LN-018991,36995.66
LN-024595,75594.61
LN-028398,40197.61
LN-022842,34073.71
LN-020697,41155.63
LN-014442,53783.84
LN-000226,29142.43
LN-003468,37071.48
LN-009229,73254.74
LN-010703,50593.0
LN-024848,124257.29
LN-023496,219322.02
LN-020655,220929.33
LN-004150,904.92
LN-014299,909.44
LN-005764,17249.28
LN-010760,147976.03
LN-002023,38126.19
LN-006161,267193.03
LN-001998,27389.41
LN-015876,30905.79
LN-008383,28202.58
LN-000599,89765.87
LN-014048,183182.45
LN-022322,252677.75
LN-024626,844.98
LN-001776,94038.35
LN-027442,20775.43
LN-003046,154.01
LN-020254,147451.4
LN-003750,92453.8
LN-001059,83359.25
LN-021578,222037.4
LN-008902,49164.15
LN-014445,87846.95
LN-000498,17918.75
LN-010453,43607.41
LN-018166,140851.41
LN-022852,343.13
LN-001128,37272.58
LN-013878,16480.03
LN-012831,85502.73
LN-017851,238.68
LN-018167,8980.68
LN-001066,56111.3
LN-021081,43961.06
LN-018048,161603.29
LN-012719,100703.15
LN-029183,57391.71
LN-007141,111386.14
LN-002131,152845.85
LN-028924,60211.74
LN-020191,115736.4
LN-003995,2414.96
LN-027562,40070.78
LN-017037,43857.95
LN-012858,40678.94
LN-005966,192.42
LN-026036,38650.89
LN-025192,64763.56
LN-023050,22294.3
LN-016032,94846.2
LN-018204,22988.74
LN-014534,9916.37
LN-024223,156500.53
LN-014875,218593.68
LN-020081,99660.41
LN-014762,49913.13
LN-001870,54089.44
LN-029034,41622.73
LN-005810,30124.75
LN-001170,283687.3
LN-003649,42804.51
LN-008440,88622.39
LN-006821,47663.17
LN-026296,283.82
LN-018202,70533.97
LN-024206,175704.74
LN-008813,109573.41
LN-015801,34780.43
LN-017138,69165.99
LN-006931,74632.98
LN-008787,36168.54
LN-011958,96682.31
LN-025050,268067.49
LN-001688,49142.28
LN-002670,1096.93
LN-008212,26643.46
LN-024071,52432.65
LN-004127,1152.4
LN-029278,18461.73
LN-013497,42883.35
LN-013731,18640.47
LN-009974,31638.79
LN-011003,10929.53
LN-028864,29903.6
LN-027514,95335.12
LN-006252,155256.04
LN-011079,71993.4
LN-018771,49257.02
LN-008439,73123.64
LN-015607,13153.82
LN-012911,18790.32
LN-027605,155638.99
LN-012930,38582.04
LN-001367,8722.89
LN-011378,4690.77
LN-009527,33147.57
LN-010175,95861.12
LN-005629,99884.25
LN-022791,103920.52
LN-024251,92271.47
LN-013863,52861.06
LN-016248,629.73
LN-010083,36310.53
LN-002336,1372.52
LN-017524,600.84
LN-024550,80645.28
LN-006533,192684.43
LN-001496,92691.08
LN-023202,1103.31
LN-019003,23403.29
LN-007796,79.71
LN-011921,47813.04
LN-021979,189547.26
LN-004354,140971.57
LN-002754,71268.09
LN-025453,3054.14
LN-015639,10790.78
LN-000847,65361.9
LN-003540,70305.02
LN-022523,31568.77
LN-017607,595.16
LN-018514,56944.16
LN-001123,18838.19
LN-012839,54681.49
LN-021219,50.85
LN-000107,124321.5
LN-015356,1268.29
LN-021203,24698.08
LN-002277,123.22
LN-022142,110773.11
LN-027969,44893.81
LN-001632,18388.31
LN-017283,14438.92
LN-027251,195039.93
LN-010511,100559.27
LN-013331,604.74
LN-011990,28680.77
LN-022700,21593.03
LN-026974,63840.4
LN-006241,31346.18
LN-024558,130448.63
LN-004818,438.11
LN-029308,81390.16
LN-003345,51526.81
LN-012633,41350.63
LN-028540,169108.69
LN-024426,24142.75
LN-027159,89723.9
LN-023430,44249.66
LN-017860,27.65
LN-006551,52794.07
LN-015078,24629.08
LN-023098,20210.49
LN-014372,114700.16
LN-029068,32026.39
LN-015163,43847.44
LN-008807,2066.58
LN-016702,79015.75
LN-002139,83452.05
LN-014287,69712.87
LN-023757,83042.2
LN-016796,48823.5
LN-010323,55148.17
LN-023764,26838.17
LN-021605,77368.72
LN-016511,36628.21
LN-013755,63737.11
LN-024739,99769.78
LN-009717,857.75
LN-006115,59789.08
LN-020016,37992.93
LN-025245,2023.63
LN-021890,22362.88
LN-018208,59116.87
LN-008848,2279.41
LN-028520,2372.42
LN-018555,50039.76
LN-006289,194111.47
LN-025308,23475.05
LN-027076,28970.65
LN-008265,165808.96
LN-007748,32815.44
LN-024505,34688.97
LN-028325,6886.99
LN-003931,500.72
LN-002524,75139.86
LN-016272,31767.79
LN-022444,101438.21
LN-016491,150207.46
LN-027634,172693.42
LN-015614,80437.48
LN-019991,31397.05
LN-020858,206440.04
LN-007563,8624.16
LN-014911,58447.62
LN-025644,874.52
LN-019284,25317.77
LN-013776,317.74
LN-001510,118484.79
LN-005183,35181.65
LN-001202,10048.99
LN-005685,6443.34
LN-009482,94512.42
LN-017409,411.51
LN-022065,32451.8
LN-027087,8151.37
LN-016299,111845.44
LN-024479,56622.51
LN-008572,21446.47
LN-004688,69853.23
LN-004941,719.72
LN-004232,43381.94
LN-001844,38980.85
LN-024734,63139.72
LN-014758,170316.26
LN-027412,62681.82
LN-026820,172105.08
LN-010337,2801.99
LN-001213,231322.98
LN-006042,208364.57
LN-013826,73834.64
LN-024817,11426.75
LN-001296,21581.6
LN-016910,64613.97
LN-019715,31031.77
LN-002442,57306.26
LN-023399,80035.16
LN-026335,108312.38
LN-001064,211144.55
LN-014464,94577.59
LN-008515,109155.67
LN-026720,63122.9
LN-015164,168601.78
LN-007732,42174.03
LN-008381,124068.33
LN-013551,34146.96
LN-022684,19084.07
LN-011227,42643.35
LN-021656,213630.94
LN-023330,43523.79
LN-028631,34340.34
LN-012232,50791.87
LN-014943,452404.12
LN-024579,55788.73
LN-019192,36777.73
LN-007633,110451.36
LN-015176,160526.46
LN-004901,151721.48
LN-005129,9086.45
LN-007451,101088.19
LN-025549,152174.95
LN-023372,115461.37
LN-017140,154553.46
LN-025417,45843.33
LN-022877,16078.82
LN-026596,20555.41
LN-014530,2101.01
LN-017650,128283.35
LN-006232,420.6
LN-015777,5310.75
LN-002204,153154.6
LN-002526,58597.84
LN-002703,30392.53
LN-022821,97699.93
LN-004582,39630.99
LN-011383,28887.81
LN-008355,6503.34
LN-005427,89913.35
LN-010519,55901.21
LN-000931,276734.08
LN-023708,48946.36
LN-015606,111983.73
LN-010847,27426.5
LN-002744,68512.09
LN-018045,5991.73
LN-015141,28.12
LN-020686,61020.53
LN-009529,2479.97
LN-020334,145206.03
LN-013527,1646.53
LN-008402,46803.53
LN-016545,1011.37
LN-023638,2101.56
LN-014533,32617.07
LN-016963,27878.85
LN-027622,95731.24
LN-022787,100918.31
LN-000019,348.64
LN-007825,45576.34
LN-025468,61887.75
LN-005595,236736.69
LN-013561,93154.39
LN-009773,82556.68
LN-026469,162296.29
LN-005057,145301.16
LN-021045,88417.3
LN-027616,18988.46
LN-014610,21405.17
LN-009078,19477.76
LN-010740,28274.56
LN-008852,175746.33
LN-000068,143256.01
LN-024004,67082.16
LN-004532,332.83
LN-011679,57817.4
LN-006073,411.58
LN-006055,122937.75
LN-025044,43453.33
LN-016993,44957.01
LN-024733,51025.75
LN-022685,125932.96
LN-021959,116076.45
LN-000016,81126.71
LN-019829,85805.18
LN-013499,685.31
LN-003338,65116.76
LN-020042,114886.04
LN-023692,70702.44
LN-017868,56710.24
LN-005226,180974.57
LN-011833,78338.32
LN-007548,73695.71
LN-012140,2259.98
LN-021486,505.66
LN-024049,10278.13
LN-002831,35675.53
LN-003598,8745.31
LN-012491,154998.71
LN-003429,75134.69
LN-014002,21776.11
LN-013154,147923.35
LN-003096,35637.74
LN-019672,67305.64
LN-026925,96799.57
LN-018363,194573.52
LN-019475,46007.92
LN-025237,51957.81
LN-024844,63679.29
LN-009275,105169.9
LN-001823,36412.67
LN-005766,109985.67
LN-012112,48618.93
LN-023273,23846.62
LN-016586,157909.53
LN-019319,74548.68
LN-016146,35848.35
LN-015715,33889.69
LN-003378,23159.84
LN-005161,28513.48
LN-007469,40909.32
LN-028867,22990.98
LN-018671,653.48
LN-023556,97302.34
LN-013829,5064.01
LN-000780,617.11
LN-014931,149465.94
LN-006014,39781.62
LN-002625,24339.37
LN-026663,36465.52
LN-007297,1036.08
LN-025035,35118.74
LN-015368,100467.55
LN-014241,5258.91
LN-011295,28002.3
LN-028797,71955.39
LN-005292,69588.52
LN-012093,34952.8
LN-026990,170864.3
LN-005186,42746.96
LN-017571,2720.09
LN-004975,43645.68
LN-008497,18491.01
LN-014964,31075.3
LN-011523,21569.11
LN-017384,23528.81
LN-000710,45676.31
LN-019169,3162.57
LN-012742,86583.93
LN-019773,126554.28
LN-022549,130526.57
LN-015727,29979.96
LN-018919,47884.27
LN-022899,16543.88
LN-025200,78493.04
LN-006088,38992.64
LN-004915,74170.72
LN-003628,29103.23
LN-014140,75954.79
LN-002907,465.66
LN-017751,175398.86
LN-007273,105919.04
LN-010905,46847.61
LN-005967,183515.79
LN-027802,38209.1
LN-019408,778.71
LN-003476,2448.09
LN-000910,38087.68
LN-022023,47.07
LN-007589,41936.42
LN-000313,148599.06
LN-004859,139063.24
LN-021693,86454.22
LN-006891,112245.36
LN-018427,71741.51
LN-007363,87244.5
LN-019060,150798.01
LN-008974,36248.29
LN-024132,87608.86
LN-029296,105321.84
LN-015612,62563.66
LN-029271,2477.7
LN-005908,56305.13
LN-013939,45711.76
LN-010243,57841.26
LN-014334,97763.14
LN-014739,61658.32
LN-000241,155060.94
LN-024636,77186.71
LN-008996,245046.73
LN-018778,96687.14
LN-022552,30556.61
LN-008681,136337.58
LN-010459,46156.73
LN-023024,232605.99
LN-012299,78520.21
LN-021863,78775.22
LN-025579,63550.36
LN-016406,61411.77
LN-008945,608.78
LN-015819,32657.99
LN-006303,77524.99
LN-000999,108635.99
LN-014443,41408.1
LN-024181,137380.62
LN-010153,65345.39
LN-003955,64300.15
LN-004671,63411.5
LN-002986,133948.28
LN-009282,141126.57
LN-004738,44648.29
LN-005559,164564.34
LN-027425,33798.76
LN-024023,66967.86
LN-015887,36795.09
LN-009968,133431.1
LN-028673,98704.35
LN-023167,1665.8
LN-026549,2047.59
LN-003089,23851.32
LN-026848,4251.27
LN-029151,44212.93
LN-010005,201076.89
LN-002724,19288.96
LN-002794,49666.04
LN-002422,16.3
LN-008249,38164.24
LN-012324,36738.61
LN-018491,3711.9
LN-005369,119942.85
LN-005217,209776.94
LN-025663,2578.46
LN-002067,33540.32
LN-011619,134657.28
LN-025783,23938.54
LN-022793,82395.11
LN-017366,388865.41
LN-018043,143145.56
LN-015709,1944.5
LN-016785,31771.22
LN-026041,98481.53
LN-014333,328.12
LN-015450,147794.46
LN-021898,118285.49
LN-003833,146378.64
LN-006125,56129.49
LN-020073,363.08
LN-007955,182229.35
LN-017052,125213.43
LN-015156,110704.49
LN-014929,177465.69
LN-002740,189011.29
LN-012794,403.17
LN-024597,30271.79
LN-023711,51587.27
LN-006318,37814.99
LN-022859,81252.14
LN-005401,71018.07
LN-009379,47391.49
LN-021179,140437.18
LN-004299,179.26
LN-025836,49480.94
LN-016650,32206.19
LN-016446,1545.35
LN-016376,73118.07
LN-024359,71943.15
LN-001166,153178.44
LN-007079,2234.56
LN-006796,1124.87
LN-027966,85673.47
LN-007201,265153.62
LN-000506,31453.84
LN-009997,41087.93
LN-011054,36516.0
LN-009557,89378.38
LN-012709,442.0
LN-010722,112201.89
LN-023690,60909.19
LN-017065,18797.71
LN-018865,78659.61
LN-028152,96773.87
LN-024814,25794.34
LN-025755,95816.84
LN-009585,86982.17
LN-017670,33974.56
LN-011734,3021.72
LN-024747,98559.08
LN-016043,26538.54
LN-008510,133849.08
LN-021927,80520.51
LN-012809,73770.04
LN-021681,60525.19
LN-021902,63569.1
LN-003485,74737.51
LN-004155,88248.59
LN-021314,10818.82
LN-004750,110002.82
LN-006279,34773.01
LN-008508,108162.75
LN-028368,27017.98
LN-015712,21955.08
LN-025491,70185.91
LN-000636,29263.31
LN-015305,20929.93
LN-009812,587.66
LN-015239,199757.46
LN-025498,109716.58
LN-024255,202265.75
LN-008041,216053.42
LN-017387,4361.21
LN-002610,69274.89
LN-004929,1083.3
LN-000746,107359.75
LN-002497,209480.48
LN-025040,126916.32
LN-006444,169402.55
LN-002658,46051.57
LN-006921,447.67
LN-023322,1204.78
LN-017025,81086.35
LN-023742,130662.45
LN-017125,23629.21
LN-006529,13246.58
LN-009457,160324.57
LN-008599,2418.03
LN-011138,53068.1
LN-029121,77205.44
LN-021635,16090.11
LN-005328,32243.67
LN-009326,71861.55
LN-001143,97708.87
LN-025135,255902.63
LN-025879,113345.69
LN-006628,28956.96
LN-005042,162852.46
LN-025872,296087.44
LN-008575,36173.15
LN-022769,21266.08
LN-026237,1710.33
LN-001316,188652.11
LN-012598,66323.05
LN-022083,49009.34
LN-024120,65061.27
LN-006384,26756.53
LN-006282,100120.68
LN-023854,24260.38
LN-024746,294.03
LN-001588,284604.34
LN-005421,37070.33
LN-017963,5554.56
LN-024884,45071.85
LN-012485,146410.33
LN-023224,89730.6
LN-014574,52659.14
LN-011784,77119.16
LN-013663,182990.15
LN-002274,4429.66
LN-018219,32768.22
LN-011670,26.27
LN-025570,144256.24
LN-022897,5027.56
LN-020489,68221.74
LN-027147,159005.78
LN-001443,73103.33
LN-010218,20529.77
LN-022237,16244.62
LN-015429,132173.94
LN-027307,135556.18
LN-018370,20649.08
LN-000118,8412.03
LN-013529,126726.11
LN-014461,59643.06
LN-018449,24321.44
LN-002368,29963.39
LN-016003,25695.55
LN-022651,125264.25
LN-019431,27816.37
LN-015653,71823.57
LN-004012,3249.58
LN-016850,108113.9
LN-013289,117138.51
LN-013682,64813.91
LN-020596,101056.78
LN-023487,72055.09
LN-016529,27610.19
LN-002588,36626.71
LN-025258,42557.04
LN-019729,88464.4
LN-006994,73538.52
LN-027837,33150.96
LN-008395,80835.63
LN-026215,2034.81
LN-017174,213468.3
LN-026092,173327.24
LN-020511,123010.93
LN-013270,34124.56
LN-009647,62392.04
LN-005507,248106.44
LN-010816,90862.18
LN-004292,122264.38
LN-028941,143556.08
LN-017760,167.51
LN-020779,189914.0
LN-002843,78502.2
LN-009383,74592.65
LN-016447,11579.89
LN-005152,33998.64
LN-025188,84650.99
LN-009186,126827.86
LN-020082,123936.87
LN-011183,70370.76
LN-010796,210625.01
LN-014182,57822.04
LN-024240,128273.14
LN-003615,60994.19
LN-010378,75755.35
LN-008478,137212.51
LN-028954,51975.02
LN-028788,43603.29
LN-011029,3.38
LN-023964,83793.45
LN-028611,32403.88
LN-011746,104756.69
LN-017311,6406.93
LN-000683,71216.47
LN-017451,4306.7
LN-022495,31689.94
LN-015151,62746.24
LN-027028,85045.72
LN-006790,38711.04
LN-015371,83612.7
LN-015550,107378.99
LN-013194,96247.64
LN-025925,4619.86
LN-000105,160449.19
LN-025049,245.02
LN-014393,23.01
LN-013375,19724.73
LN-010931,19.19
LN-013613,51213.53
LN-026114,265632.29
LN-004235,57753.05
LN-019026,107343.32
LN-009359,51787.71
LN-012266,115870.58
LN-016209,35468.82
LN-018716,74438.43
LN-024074,132160.3
LN-007920,128010.23
LN-024421,79179.21
LN-012062,46104.89
LN-008970,129408.02
LN-016775,34357.97
LN-015758,38096.77
LN-005716,52008.18
LN-022230,74101.07
LN-018858,215111.71
LN-028057,32072.48
LN-007072,86266.88
LN-026901,145403.27
LN-006776,60951.74
LN-022021,16217.2
LN-008856,240675.79
LN-009459,24452.84
LN-000597,33463.66
LN-021008,38383.58
LN-011863,77064.6
LN-028051,34383.54
LN-002930,66927.16
LN-029048,183391.06
LN-020613,72103.57
LN-011551,53654.26
LN-027663,132445.14
LN-014240,88085.98
LN-016106,101884.42
LN-015950,924.35
LN-002990,145068.37
LN-018298,43987.09
LN-023873,44689.51
LN-007291,32875.59
LN-013542,4497.42
LN-011565,105356.91
LN-004916,25083.13
LN-014391,678.44
LN-023595,27497.7
LN-020425,38427.18
LN-013062,25528.38
LN-019934,118421.16
LN-014420,37982.8
LN-024917,12039.8
LN-028926,112607.06
LN-006084,46519.06
LN-022610,77786.22
LN-027797,374.93
LN-025303,93260.62
LN-029146,243684.2
LN-014279,81508.38
LN-017696,110456.8
LN-026321,39212.66
LN-010607,109353.87
LN-001821,40335.78
LN-023318,129748.81
LN-006523,84969.64
LN-026496,36731.71
LN-020933,34484.94
LN-004050,100.73
LN-002760,15826.08
LN-020592,1745.82
LN-018588,122067.08
LN-000431,128774.71
LN-000163,93915.34
LN-011959,137239.5
LN-012630,6813.86
LN-014822,60028.19
LN-027239,32762.98
LN-003275,37504.77
LN-007833,33415.74
LN-003376,20647.5
LN-012467,89040.07
LN-019805,36276.35
LN-004213,57871.75
LN-016506,29358.85
LN-024365,15874.39
LN-026437,437.43
LN-014909,20139.72
LN-024980,91270.26
LN-027165,138030.95
LN-004253,33215.65
LN-001374,76476.75
LN-011937,99944.62
LN-020155,3208.37
LN-011590,38682.61
LN-023670,19958.14
LN-024207,190876.1
LN-013013,119057.26
LN-027218,88344.85
LN-018340,112458.38
LN-010712,91780.08
LN-004816,26105.36
LN-011493,108748.51
LN-019081,95420.43
LN-009303,94236.57
LN-020691,52072.8
LN-002749,37754.49
LN-017079,68757.83
LN-028604,107825.89
LN-007214,94468.17
LN-027947,4068.77
LN-025566,21744.19
LN-002071,501.42
LN-006172,90481.68
LN-015496,944.56
LN-007651,38376.78
LN-006601,99425.12
LN-011293,85292.07
LN-008377,141590.13
LN-002717,163868.47
LN-009307,68511.82
LN-017752,57512.16
LN-001958,1443.98
LN-022125,185380.88
LN-002797,173.21
LN-012002,172304.29
LN-002384,64747.81
LN-021563,80077.51
LN-009368,2925.53
LN-016706,131313.3
LN-009540,94318.78
LN-017092,100443.46
LN-024902,13361.04
LN-008429,55284.68
LN-015486,89049.36
LN-013213,104488.67
LN-019280,70103.27
LN-012559,164683.57
LN-026231,71630.09
LN-000613,149.14
LN-009296,45122.29
LN-027830,4799.37
LN-022711,234182.39
LN-018692,62727.03
LN-012273,55378.23
LN-007280,103214.42
LN-019892,21860.5
LN-023793,1126.07
LN-025021,57703.03
LN-011511,101159.48
LN-019683,60798.7
LN-007770,82178.37
LN-025683,2360.68
LN-028409,1279.24
LN-017979,76237.54
LN-014504,62120.74
LN-013474,45069.49
LN-006063,338.26
LN-006186,42368.22
LN-017816,38793.9
LN-010970,60600.42
LN-028142,84783.04
LN-002911,12703.95
LN-005601,122802.83
LN-008878,686.79
LN-005028,130573.07
LN-027114,38145.22
LN-000261,1476.96
LN-005309,53950.63
LN-026796,40.19
LN-025519,69028.44
LN-019345,86951.56
LN-023280,206504.44
LN-029105,34756.27
LN-026086,168251.84
LN-021267,138320.82
LN-018817,37616.35
LN-001646,18275.67
LN-004590,27839.59
LN-005608,1153.3
LN-020527,5274.1
LN-018697,393674.45
LN-000023,41024.46
LN-005433,72053.24
LN-012120,33952.32
LN-021030,145401.79
LN-027313,125682.37
LN-008138,63413.39
LN-025451,144439.36
LN-004421,536.6
LN-002800,21210.96
LN-009092,26185.63
LN-025276,44056.01
LN-019115,17840.67
LN-003822,360449.12
LN-009334,42786.79
LN-007760,3483.15
LN-022912,36361.93
LN-020062,23221.43
LN-007320,62758.08
LN-017946,23599.42
LN-004119,10.78
LN-015383,447.66
LN-014573,32218.42
LN-007970,120041.59
LN-001487,32537.42
LN-023765,32661.78
LN-028786,82378.75
LN-014029,2403.19
LN-007728,17138.87
LN-008736,23335.0
LN-011231,65510.0
LN-006426,36116.33
LN-024622,77.75
LN-016116,67734.6
LN-006827,194047.54
LN-022463,77439.13
LN-001615,36658.89
LN-021073,31804.18
LN-000036,149457.78
LN-014191,165434.91
LN-002731,179571.95
LN-026558,213864.98
LN-008881,1541.29
LN-024162,47564.71
LN-018321,126291.42
LN-008070,61781.51
LN-010526,8104.81
LN-004972,42901.56
LN-028123,62669.6
LN-009048,97541.48
LN-017318,203589.74
LN-021732,74810.08
LN-028407,660.0
LN-003454,3332.13
LN-005340,1389.31
LN-005031,51997.98
LN-003829,53307.77
LN-018763,126818.0
LN-028978,128773.2
LN-006577,1014.41
LN-028179,186597.41
LN-010353,146617.59
LN-002881,205388.62
LN-022013,83931.4
LN-007827,234877.92
LN-023724,70627.93
LN-016359,160288.99
LN-028078,136328.02
LN-005185,64927.24
LN-012488,41237.52
LN-024866,113264.97
LN-010580,3690.28
LN-028654,42650.82
LN-016265,44400.95
LN-010418,76772.27
LN-005545,93475.39
LN-009782,74128.29
LN-013191,304139.0
LN-014081,245.7
LN-009496,38960.13
LN-015323,118586.12
LN-016327,221286.31
LN-008991,6656.36
LN-013323,37373.82
LN-009050,34407.05
LN-012421,98407.63
LN-008114,55418.65
LN-015076,87597.28
LN-028615,537.92
LN-015895,74454.85
LN-006375,162.24
LN-010130,133524.78
LN-026018,879.19
LN-008369,24027.76
LN-016083,71277.02
LN-012891,71535.76
LN-020395,65378.08
LN-005467,72845.66
LN-023737,125081.02
LN-020595,107241.07
LN-011566,1304.6
LN-024021,109669.05
LN-006177,2490.89
LN-010010,22298.57
LN-008099,55001.47
LN-024938,168641.76
LN-010473,6258.68
LN-006023,809.13
LN-017877,4163.1
LN-019369,142773.35
LN-020302,86020.7
LN-000632,2564.71
LN-004805,94976.0
LN-019714,14445.05
LN-004396,255392.53
LN-010229,32762.19
LN-026996,51015.09
LN-026863,113612.31
LN-006726,71763.49
LN-003657,41816.63
LN-001145,2374.65
LN-011648,107162.25
LN-006530,99594.55
LN-008157,118106.62
LN-005082,78653.4
LN-003415,143840.45
LN-000119,95224.41
LN-020370,43792.04
LN-015682,54699.81
LN-013460,392.62
LN-012219,30631.22
LN-019613,157629.53
LN-016553,1147.12
LN-018664,98834.83
LN-005392,1000.61
LN-023291,508.44
LN-014678,240550.44
LN-020646,2748.86
LN-020446,24624.54
LN-001952,2100.04
LN-011749,60377.28
LN-004967,6345.94
LN-018438,36451.26
LN-007193,36843.43
LN-015684,96115.54
LN-023112,150741.62
LN-027130,39843.52
LN-009430,32.52
LN-009366,1729.81
LN-025977,29025.02
LN-027813,62760.83
LN-013780,2112.12
LN-010838,90536.92
LN-005036,39129.98
LN-013577,36043.71
LN-000475,137013.88
LN-022218,48141.74
LN-007798,3607.22
LN-016576,116870.16
LN-005710,204336.96
LN-029106,16733.24
LN-012091,171354.22
LN-020617,183637.19
LN-005362,166296.79
LN-007483,41489.1
LN-003601,1826.07
LN-014078,5061.67
LN-016799,124482.95
LN-001910,69646.44
LN-018004,37008.74
LN-018691,200839.05
LN-014244,8672.18
LN-024263,2438.61
LN-003209,94353.08
LN-002820,201938.94
LN-024765,69026.17
LN-018894,144080.74
LN-022258,643.84
LN-016326,82466.78
LN-018231,88595.67
LN-026696,2287.78
LN-013690,96617.79
LN-024718,60195.6
LN-017740,3082.67
LN-009054,1681.77
LN-017610,41231.16
LN-028651,175915.59
LN-000046,93121.53
LN-008203,52487.87
LN-027148,95968.57
LN-020559,93679.67
LN-000074,114249.42
LN-003217,47863.73
LN-024143,46818.26
LN-014526,1395.77
LN-026363,43293.5
LN-013988,80221.46
LN-010461,15.08
LN-016863,36382.58
LN-003174,91397.04
LN-016462,198438.45
LN-024414,42059.37
LN-017044,27575.8
LN-014284,62268.95
LN-028534,67890.75
LN-028563,31.7
LN-002199,114665.13
LN-021370,63704.19
LN-020776,84703.66
LN-026451,64289.19
LN-010161,273083.08
LN-021276,37934.87
LN-022206,63749.73
LN-018889,280260.38
LN-013918,1055.79
LN-001919,105033.07
LN-024279,63355.11
LN-002416,25406.07
LN-018505,177451.15
LN-012039,195208.31
LN-007474,133286.24
LN-026338,15237.28
LN-005573,269554.52
LN-014255,47029.63
LN-020407,31500.7
LN-024950,142954.87
LN-010410,66048.4
LN-024080,86864.92
LN-002282,187428.57
LN-021719,82082.96
LN-004110,40229.16
LN-016630,18868.24
LN-015956,66290.02
LN-024544,1202.5
LN-001265,79057.26
LN-016852,80584.38
LN-024302,75823.17
LN-013986,52019.62
LN-012385,1087.22
LN-018013,127633.93
LN-014599,914.21
LN-027001,209924.84
LN-008901,120286.76
LN-000730,124.02
LN-005928,50010.46
LN-020772,275198.79
LN-000053,18303.12
LN-013771,167894.17
LN-017883,37381.87
LN-016638,94919.03
LN-007925,110856.69
LN-026949,560.89
LN-007278,2677.39
LN-011343,78725.4
LN-025229,22428.88
LN-014205,161044.64
LN-011713,48417.7
LN-022445,66991.88
LN-021305,1314.08
LN-001137,55831.86
LN-012407,60427.91
LN-002677,102943.2
LN-008368,21742.03
LN-021242,231037.05
LN-009543,95008.96
LN-008838,96019.28
LN-021414,122425.33
LN-000831,67827.45
LN-018886,74120.37
LN-015896,188663.37
LN-019474,81515.81
LN-017170,106348.87
LN-024332,167345.47
LN-007355,87456.62
LN-005543,1196.6
LN-017189,39921.96
LN-006644,15056.44
LN-020677,2138.59
LN-002672,62830.27
LN-001718,69520.5
LN-028535,39407.71
LN-025654,87957.0
LN-002380,221355.88
LN-012606,1039.72
LN-015538,64841.79
LN-005609,131476.36
LN-001385,41891.8
LN-023780,113159.71
LN-018666,132630.46
LN-023228,65606.67
LN-016853,44757.34
LN-001948,69.75
LN-025102,1817.19
LN-014337,314469.13
LN-018083,88562.08
LN-020208,2135.45
LN-012406,38255.11
LN-017323,96668.55
LN-004551,79025.22
LN-013327,71237.72
LN-012349,83201.31
LN-009621,3703.23
LN-013847,142977.62
LN-026236,70394.98
LN-013519,144522.63
LN-009524,91618.21
LN-009772,79672.33
LN-005279,128835.6
LN-015331,66083.14
LN-001026,252.58
LN-025785,4984.57
LN-014654,84373.93
LN-020581,430.2
LN-002046,23775.72
LN-009570,157998.7
LN-019657,199.8
LN-027181,73801.84
LN-014763,150828.72
LN-026965,22766.35
LN-020672,69669.13
LN-019427,671.23
LN-003737,172830.95
LN-020731,5166.87
LN-015241,72270.99
LN-024184,273660.23
LN-004010,98395.1
LN-011064,97855.7
LN-001536,36160.3
LN-019930,3266.75
LN-008777,37874.82
LN-008726,16480.29
LN-005521,82648.71
LN-018901,139464.8
LN-029287,12316.43
LN-010805,653.96
LN-019667,964.78
LN-006597,63109.41
LN-016478,131919.67
LN-017735,77512.53
LN-002205,171620.31
LN-023212,77535.53
LN-022250,393657.44
LN-013703,66677.15
LN-021493,95901.33
LN-016525,239703.35
LN-024981,131770.89
LN-007097,2450.87
LN-002947,149188.07
LN-002829,92528.82
LN-010649,146709.56
LN-025142,104.89
LN-020522,81330.79
LN-028860,129654.15
LN-012359,138012.94
LN-013846,65638.01
LN-021393,71876.32
LN-005380,45692.0
LN-017750,75696.38
LN-019980,58732.34
LN-016402,43715.26
LN-014093,187475.43
LN-023439,96108.18
LN-015005,140086.68
LN-013411,123546.71
LN-019493,14580.72
LN-023242,1203.8
LN-015692,1236.92
LN-018318,21161.2
LN-025771,54291.69
LN-024581,33695.52
LN-011506,124315.96
LN-002355,202405.18
LN-010966,42448.19
LN-014247,122149.51
LN-015066,137834.27
LN-004114,186710.19
LN-012393,36154.93
LN-011268,41224.3
LN-003892,429.27
LN-026328,119721.76
LN-023785,16539.95
LN-013296,80937.72
LN-011728,244170.54
LN-009163,529.82
LN-014025,4256.52
LN-015925,82994.94
LN-015808,37846.83
LN-026141,121676.67
LN-010765,31497.38
LN-021327,1780.9
LN-006308,195898.77
LN-006967,361974.8
LN-007665,1600.76
LN-011236,48760.28
LN-005296,61014.8
LN-013695,135330.77
LN-014669,64236.4
LN-018681,59767.91
LN-008112,78050.9
LN-006405,89646.88
LN-025756,77901.29
LN-012227,1606.61
LN-027623,140017.41
LN-010490,31.73
LN-000364,86380.79
LN-015829,25489.44
LN-000951,348.46
LN-010431,21154.76
LN-020219,27000.56
LN-026477,1662.22
LN-002964,114461.57
LN-023065,69091.33
LN-022071,36191.3
LN-007523,667.51
LN-028516,73.78
LN-028783,1415.37
LN-000305,166683.58
LN-018379,623.53
LN-029182,140449.32
LN-008362,28056.97
LN-001033,71420.02
LN-010642,60215.8
LN-011466,64058.59
LN-000182,96874.46
LN-006750,112803.38
LN-006440,56287.5
LN-025233,456.04
LN-015215,60248.64
LN-001373,109527.84
LN-018393,105845.01
LN-008987,113952.29
LN-025995,14909.1
LN-027985,33966.24
LN-009380,178977.26
LN-027868,95614.12
LN-000561,1106.13
LN-026868,554.73
LN-008715,1052.37
LN-003208,29645.95
LN-013670,135586.94
LN-015399,136765.29
LN-005357,43350.59
LN-026545,27.12
LN-024006,30538.01
LN-013689,269872.9
LN-022079,87942.73
LN-002181,67210.41
LN-028376,142209.23
LN-025921,1879.08
LN-008712,130384.83
LN-012492,5056.66
LN-022520,109477.76
LN-023891,5268.58
LN-029282,49.62
LN-004410,88331.92
LN-005652,186084.11
LN-024215,204792.32
LN-011174,80430.94
LN-024465,44.09
LN-012821,49448.15
LN-022544,283.71
LN-021727,76.06
LN-001558,228021.48
LN-008452,167830.71
LN-029086,36186.36
LN-024037,4590.37
LN-016137,74557.88
LN-023146,46088.76
LN-009468,37192.25
LN-025341,41688.22
LN-009105,71328.23
LN-003662,44845.54
LN-024374,74022.91
LN-007389,3568.01
LN-025725,71.28
LN-002594,19530.72
LN-011647,67970.57
LN-021400,131681.57
LN-019202,33495.47
LN-001597,108275.96
LN-026373,41620.27
LN-026896,243197.03
LN-013891,64843.98
LN-021630,25785.22
LN-008771,1967.29
LN-022219,125501.93
LN-017177,132841.68
LN-016781,568.95
LN-001560,47895.29
LN-022760,82089.17
LN-008176,36.59
LN-010050,63378.6
LN-008079,65988.26
LN-013125,8453.25
LN-013864,61779.53
LN-028052,2099.0
LN-014058,52558.18
LN-009090,152462.88
LN-006968,25713.99
LN-000494,76098.74
LN-002757,45886.82
LN-023641,596.51
LN-000885,94496.39
LN-001669,3919.53
LN-014165,531.17
LN-012040,282.88
LN-012424,115782.88
LN-017683,69368.22
LN-004799,71670.02
LN-009283,9870.64
LN-001426,94371.1
LN-000484,90028.72
LN-017108,226854.08
LN-021234,134114.22
LN-014488,150081.55
LN-019609,103214.99
LN-014838,161924.18
LN-004535,118094.61
LN-019578,24817.56
LN-027930,212984.83
LN-008571,38202.95
LN-025542,74448.94
LN-003178,108536.44
LN-005488,52892.17
LN-015722,63300.23
LN-010795,27976.43
LN-011424,36862.16
LN-000011,185539.48
LN-020914,45134.59
LN-028366,141317.89
LN-018437,96408.95
LN-006024,27689.78
LN-008607,31311.09
LN-013271,82696.33
LN-019447,162074.58
LN-020060,95124.83
LN-019975,66728.02
LN-020823,48836.46
LN-022580,57002.13
LN-001881,62856.38
LN-023718,58979.79
LN-027176,53516.41
LN-007826,1132.51
LN-002134,68572.3
LN-029029,911.77
LN-025536,98447.71
LN-007477,40298.29
LN-015899,895.99
LN-023974,82114.06
LN-015942,117894.13
LN-003352,68080.65
LN-018275,176194.83
LN-016448,60454.86
LN-007559,2818.04
LN-012437,146.22
LN-007621,74806.45
LN-028626,32261.58
LN-001658,17804.98
LN-019690,28.04
LN-021946,44019.57
LN-002657,172.71
LN-028498,18933.76
LN-009517,104551.3
LN-021170,140105.0
LN-000473,139758.67
LN-021892,204538.41
LN-014320,124949.25
LN-013586,38757.05
LN-020094,39.77
LN-008118,153028.98
LN-012077,31248.68
LN-015203,250175.97
LN-027449,98695.53
LN-005974,308114.0
LN-010315,152355.65
LN-009858,3009.46
LN-001690,91081.31
LN-021200,91276.08
LN-026576,226578.09
LN-022329,196787.61
LN-014487,194024.2
LN-019198,37144.52
LN-025113,79860.36
LN-021930,39495.85
LN-013058,75585.32
LN-003733,33066.86
LN-004817,95323.38
LN-023082,309.86
LN-010332,137829.01
LN-002895,58700.81
LN-008727,205718.97
LN-014742,83557.65
LN-021769,124765.06
LN-006777,82788.08
LN-013326,102825.05
LN-015032,17200.07
LN-021879,37044.23
LN-024741,164008.74
LN-025186,34987.39
LN-010301,36732.94
LN-025173,628.92
LN-004175,1418.45
LN-002055,37.52
LN-023214,33916.09
LN-026679,118716.96
LN-022141,33238.68
LN-012469,100365.74
LN-007261,66242.62
LN-010147,51505.64
LN-024903,91111.99
LN-001450,107454.02
LN-010579,70677.24
LN-002660,7152.99
LN-026922,60027.2
LN-024774,54324.83
LN-019735,113195.62
LN-012546,90715.92
LN-023194,36549.98
LN-016370,1477.51
LN-003819,44183.07
LN-003890,17495.94
LN-023086,104778.93
LN-025923,111441.61
LN-016429,102348.77
LN-010481,19996.89
LN-011059,968.97
LN-024576,117303.61
LN-029263,89887.39
LN-022777,147654.65
LN-018450,31324.82
LN-023649,16879.1
LN-011492,21356.2
LN-008743,154.5
LN-021964,84516.63
LN-016283,143396.74
LN-020310,32138.5
LN-022907,1003.87
LN-028853,46445.22
LN-022646,8365.6
LN-001100,32535.7
LN-024891,84209.48
LN-015647,924.12
LN-000320,87.62
LN-022639,47171.72
LN-025411,11304.12
LN-009559,91774.56
LN-009513,68531.51
LN-004506,97324.07
LN-008424,30584.99
LN-006677,40733.98
LN-003611,18721.23
LN-025637,63238.86
LN-025165,873.42
LN-000282,71766.31
LN-012549,13205.68
LN-022553,47504.2
LN-019105,111609.95
LN-003793,39736.38
LN-012073,42736.93
LN-028259,18648.01
LN-007140,30398.65
LN-002883,44718.21
LN-012939,93255.97
LN-003104,273.31
LN-025769,127236.3
LN-015536,82083.99
LN-002249,96061.69
LN-020397,163291.39
LN-003212,94195.7
LN-022019,20120.55
LN-022564,133957.49
LN-025359,37480.4
LN-004498,28377.67
LN-026614,2398.12
LN-000179,33874.59
LN-017691,30207.72
LN-004921,4854.99
LN-013978,122902.6
LN-005612,24441.95
LN-028190,163874.56
LN-008806,21415.67
LN-021623,53005.01
LN-015254,18072.41
LN-025289,78781.91
LN-023100,71237.75
LN-021553,58987.43
LN-003524,346840.82
LN-025941,1495.62
LN-015627,178785.86
LN-023010,139660.22
LN-011199,47411.13
LN-005871,37581.98
LN-020804,76176.79
LN-011707,151465.66
LN-023843,27424.04
LN-010743,28749.44
LN-025987,86799.52
LN-016391,125337.04
LN-002376,83644.75
LN-026815,137978.24
LN-026978,158282.4
LN-023948,49465.09
LN-001866,171400.03
LN-022053,341.95
LN-005202,204128.85
LN-009895,22882.51
LN-004705,84981.62
LN-019495,32894.82
LN-019817,58465.81
LN-007584,60419.59
LN-020508,35034.38
LN-002237,27191.93
LN-008691,112834.7
LN-002330,34578.88
LN-010834,39608.04
LN-002643,66573.24
LN-028354,99778.6
LN-001262,2664.86
LN-028821,34545.61
LN-007986,118675.14
LN-015452,69597.73
LN-022138,63198.81
LN-001867,78347.66
LN-025557,73738.92
LN-019564,2545.45
LN-024889,125193.0
LN-008982,39542.43
LN-019573,28126.67
LN-018521,17207.48
LN-005642,135077.84
LN-010362,1532.35
LN-020512,368.46
LN-027330,1932.65
LN-002860,31720.06
LN-022480,436.95
LN-009645,62008.91
LN-000630,158188.88
LN-027436,47623.09
LN-016333,69141.66
LN-019911,98539.01
LN-003667,56342.61
LN-015519,201039.28
LN-021331,55689.49
LN-021794,130992.61
LN-016667,1501.26
LN-012443,159739.43
LN-014892,67196.43
LN-020880,53619.42
LN-015766,3346.48
LN-020554,71265.84
LN-024325,92535.2
LN-010893,60110.54
LN-004565,72625.65
LN-027325,128401.16
LN-002431,1964.53
LN-019441,132595.36
LN-003038,25053.24
LN-000956,215645.97
LN-011344,65749.25
LN-000526,780.2
LN-024992,46490.64
LN-000661,3052.61
LN-007138,104399.76
LN-015473,70248.91
LN-022126,61440.92
LN-018845,90660.92
LN-008904,251.55
LN-022359,1826.44
LN-019444,119112.66
LN-010768,198301.72
LN-021715,64620.39
LN-012768,67830.21
LN-029283,18918.03
LN-011322,109448.06
LN-022151,12428.94
LN-027653,25992.28
LN-024423,1706.64
LN-018953,24183.8
LN-001854,2515.12
LN-017270,82701.43
LN-012530,7479.31
LN-013101,220329.74
LN-011605,84610.96
LN-008842,32267.51
LN-003618,215382.6
LN-004129,145943.83
LN-026386,31589.89
LN-018182,133014.3
LN-003329,33305.05
LN-025958,14068.02
LN-004338,73257.72
LN-023521,66272.72
LN-006039,35611.83
LN-015599,30564.23
LN-019661,175162.07
LN-006138,2067.29
LN-020828,301.8
LN-009641,64169.11
LN-022507,95881.02
LN-019932,65.84
LN-028669,20504.63
LN-000195,38893.43
LN-003139,12334.37
LN-015085,108029.9
LN-015558,697.04
LN-000991,40214.26
LN-022059,33284.72
LN-022342,12342.81
LN-011676,163913.65
LN-008851,141099.11
LN-019579,179530.44
LN-007680,2482.76
LN-007165,4157.66
LN-010525,36576.79
LN-024256,110715.86
LN-005755,32913.79
LN-026375,82255.33
LN-022318,91754.97
LN-009264,96057.7
LN-020447,99763.19
LN-016810,86647.42
LN-011432,31676.49
LN-005413,2716.58
LN-015248,157669.95
LN-002856,119010.11
LN-008606,32440.33
LN-018093,106616.0
LN-014997,2416.86
LN-017684,34531.28
LN-009886,31739.02
LN-008180,41448.9
LN-009258,792.37
LN-001301,212507.11
LN-018009,77586.8
LN-007513,69059.44
LN-006480,47747.57
LN-019582,414650.43
LN-011150,1505.41
LN-000234,1422.61
LN-027197,33704.4
LN-004022,93776.52
LN-000216,46235.27
LN-011774,29303.74
LN-019194,162984.12
LN-006837,61949.85
LN-017180,71228.26
LN-003459,71564.76
LN-005167,48654.56
LN-003908,16.8
LN-011642,66424.15
LN-027648,30846.24
LN-020421,29892.38
LN-024986,137332.18
LN-008027,2032.83
LN-001348,29564.49
LN-009330,133066.23
LN-026809,203755.07
LN-026143,73186.9
LN-027318,1372.05
LN-020202,77636.51
LN-028588,92054.99
LN-028861,66484.02
LN-025762,1442.57
LN-020171,167166.96
LN-011967,35215.53
LN-028583,109078.42
LN-014356,41428.46
LN-026639,68.78
LN-021936,150114.54
LN-015796,2370.78
LN-015931,87862.56
LN-015287,77165.62
LN-013971,115356.22
LN-027289,69651.68
LN-012965,135884.23
LN-013943,119242.41
LN-010710,116506.34
LN-029044,88579.05
LN-013311,237578.16
LN-010349,95200.96
LN-029016,54454.23
LN-028593,10770.37
LN-018036,135732.35
LN-021161,148097.67
LN-022622,116004.37
LN-013004,45361.78
LN-019587,3163.86
LN-020885,113605.36
LN-011041,64825.53
LN-020931,127720.78
LN-013465,80397.13
LN-003146,41133.43
LN-013295,167095.32
LN-015125,112445.88
LN-015753,832.53
LN-017849,96938.9
LN-002062,36713.28
LN-011194,60940.55
LN-015960,70749.71
LN-011614,60.6
LN-022768,20597.38
LN-023910,492.7
LN-020031,159257.93
LN-029173,56740.84
LN-026522,10850.93
LN-022352,63231.57
LN-025893,23757.09
LN-015903,127851.54
LN-005737,37880.67
LN-002902,87926.96
LN-027591,2663.71
LN-001845,1807.67
LN-017817,327285.45
LN-018058,42305.0
LN-016357,201703.72
LN-016558,113201.09
LN-003344,18.46
LN-019572,129924.57
LN-000063,4513.9
LN-023126,75339.48
LN-017269,192542.1
LN-026076,221757.63
LN-013750,90300.44
LN-018171,50397.57
LN-026817,247494.44
LN-012150,52008.17
LN-003596,109999.89
LN-005006,34696.63
LN-015470,144388.11
LN-023729,37155.79
LN-008655,80621.73
LN-026446,4290.29
LN-028215,32558.81
LN-019590,40413.27
LN-004030,66090.15
LN-021290,114701.04
LN-022364,31778.9
LN-022286,147442.33
LN-008790,26813.15
LN-023661,65207.69
LN-005331,92528.97
LN-007937,39631.08
LN-021531,58781.91
LN-017229,42834.98
LN-002575,79994.96
LN-013719,41682.62
LN-003975,22.81
LN-009342,46191.46
LN-028956,16627.0
LN-000587,71559.81
LN-006261,99937.6
LN-021128,120412.17
LN-018535,119015.83
LN-017819,52023.07
LN-003533,23.97
LN-004107,39447.2
LN-008074,74958.09
LN-027877,119886.81
LN-012110,53700.97
LN-009354,23.61
LN-022452,3918.52
LN-011917,22602.69
LN-001744,209400.48
LN-025611,1242.81
LN-013198,473.98
LN-022067,24459.08
LN-015067,147144.16
LN-013845,106452.15
LN-006587,37976.83
LN-015858,122912.04
LN-005276,21910.04
LN-001937,34284.91
LN-006629,2051.58
LN-025891,175044.1
LN-022962,30.88
LN-009741,930.72
LN-006222,162349.88
LN-025166,820.8
LN-006054,20284.23
LN-011389,44929.18
LN-011668,28696.55
LN-009902,4569.51
LN-022683,55107.86
LN-016522,83428.65
LN-029126,17958.61
LN-020500,223798.34
LN-016526,70604.08
LN-003797,57.79
LN-008274,35.93
LN-005281,53328.1
LN-012570,24908.34
LN-003202,30530.75
LN-022939,162832.43
LN-005486,50667.48
LN-026330,55064.12
LN-001756,75566.21
LN-028773,161392.67
LN-028627,45263.02
LN-006007,76572.41
LN-018921,54517.37
LN-000959,25945.31
LN-023667,174631.1
LN-024778,129088.26
LN-023880,86897.0
LN-026874,107408.5
LN-027932,3368.47
LN-004082,17810.55
LN-025768,104499.53
LN-011771,120935.55
LN-004137,74259.57
LN-013288,32615.42
LN-023586,8309.37
LN-010254,120155.03
LN-015049,80139.65
LN-019671,89599.17
LN-017106,119593.03
LN-008678,83101.43
LN-012811,980.01
LN-000718,69552.82
LN-016296,31334.56
LN-005234,40442.37
LN-012740,34486.13
LN-003553,8062.58
LN-020476,4209.41
LN-014411,265716.73
LN-010620,8873.71
LN-017215,36665.0
LN-000601,75256.22
LN-012173,30239.34
LN-028838,56518.07
LN-014252,42119.32
LN-014794,32391.02
LN-000238,18390.09
LN-020131,27643.03
LN-015012,52881.88
LN-028486,7463.83
LN-004525,74163.56
LN-007803,123329.91
LN-001354,60085.88
LN-014722,172986.99
LN-007792,5563.46
LN-019297,30668.15
LN-001028,5429.8
LN-024798,138809.37
LN-026294,6714.69
LN-013984,20562.5
LN-022248,104.28
LN-000974,78307.0
LN-007794,155421.85
LN-015257,168121.46
LN-027981,80061.82
LN-004349,95126.49
LN-000398,35854.62
LN-011385,23.65
LN-011894,39751.33
LN-013697,120183.32
LN-013200,34782.71
LN-000700,37513.26
LN-025403,2411.68
LN-009821,170011.81
LN-023727,66116.93
LN-022117,30359.61
LN-006479,598.26
LN-023852,185382.63
LN-003616,3002.53
LN-011831,125223.59
LN-004384,77286.58
LN-026369,45738.05
LN-000298,38958.26
LN-014852,29091.15
LN-025860,113941.06
LN-010263,73042.53
LN-014643,619.75
LN-005671,67802.1
LN-002813,49248.95
LN-000080,40164.99
LN-014760,58804.52
LN-021530,113475.89
LN-008328,119577.51
LN-001294,61246.62
LN-001199,152433.54
LN-024118,48628.54
LN-026659,13872.96
LN-004234,75896.77
LN-014639,31926.32
LN-005220,14664.97
LN-011147,105687.71
LN-015812,1963.35
LN-002315,48.7
LN-011409,604.09
LN-007842,65662.56
LN-029144,12089.77
LN-006811,2018.13
LN-004238,249.48
LN-005414,55643.52
LN-005698,49747.59
LN-028283,19051.09
LN-003543,39000.31
LN-009017,81789.77
LN-017014,46768.78
LN-013973,62428.69
LN-000892,78503.72
LN-028029,54938.24
LN-026284,115691.92
LN-000184,87057.47
LN-023007,27827.06
LN-026147,845.33
LN-014111,3853.27
LN-022921,2113.54
LN-025874,20735.37
LN-010280,171780.1
LN-004493,75095.98
LN-015713,151944.42
LN-000834,134005.12
LN-024759,173812.0
LN-017284,33527.86
LN-017706,29.59
LN-020603,215.73
LN-015242,71064.99
LN-014954,21.82
LN-004182,89496.51
LN-028939,18790.05
LN-027346,4643.17
LN-018467,59176.96
LN-020746,62863.06
LN-026042,851.43
LN-025030,85281.0
LN-001923,26727.51
LN-023263,110324.98
LN-001708,25109.25
LN-027631,190078.93
LN-026986,1900.1
LN-026586,215683.04
LN-019651,37827.68
LN-013760,78727.72
LN-002248,54267.47
LN-006013,101038.22
LN-024415,190278.84
LN-028991,19761.23
LN-028557,72982.43
LN-007098,176577.88
LN-006800,174233.57
LN-009320,31534.55
LN-019858,482.76
LN-004038,192533.63
LN-012253,196669.73
LN-013877,69671.16
LN-021544,34094.67
LN-005726,73189.94
LN-026641,50719.22
LN-028963,203747.72
LN-008503,134868.34
LN-026730,105.19
LN-006401,49546.46
LN-009194,40466.53
LN-005089,193167.58
LN-004664,83201.61
LN-006908,68697.26
LN-002244,37045.06
LN-005480,26545.48
LN-003458,125529.43
LN-016991,129557.58
LN-005827,89629.2
LN-005838,67338.33
LN-005262,126838.89
LN-004424,4139.74
LN-023365,77554.99
LN-012143,52201.64
LN-017543,100773.25
LN-010343,107009.1
LN-029266,36888.5
LN-011901,24296.16
LN-004630,21426.0
LN-019818,81226.15
LN-024722,106823.53
LN-006655,43980.62
LN-015891,104957.02
LN-008191,127268.08
LN-009170,154041.47
LN-001739,1860.31
LN-001397,1469.57
LN-019969,202727.28
LN-003964,24662.46
LN-026754,68084.06
LN-022031,34354.98
LN-019534,19238.86
LN-003007,106178.79
LN-026719,50375.14
LN-026805,151011.63
LN-018885,26081.96
LN-026729,26386.1
LN-016857,41833.55
LN-019311,201474.56
LN-028314,152016.58
LN-020941,51257.65
LN-012682,100217.46
LN-013041,90622.73
LN-006256,110180.1
LN-017093,22113.82
LN-003167,72031.26
LN-027195,1103.91
LN-001714,95865.75
LN-007637,462.92
LN-001594,29616.31
LN-023447,94742.98
LN-024082,67935.48
LN-020537,74300.05
LN-007851,39922.92
LN-020668,1425.7
LN-009199,163330.28
LN-001573,138857.74
LN-018615,17.51
LN-006102,33528.36
LN-027846,884.02
LN-004529,87420.33
LN-018574,18258.58
LN-002156,181155.15
LN-008577,182312.84
LN-020400,126916.34
LN-019768,42959.92
LN-027198,119410.01
LN-005965,68604.24
LN-028250,126412.61
LN-019316,18727.58
LN-016387,207731.74
LN-028794,11301.44
LN-002917,158544.8
LN-005289,164784.51
LN-008394,110748.62
LN-025353,46046.78
LN-008925,36238.73
LN-026879,68059.79
LN-028041,27679.47
LN-000348,70184.84
LN-006710,166399.35
LN-005346,72959.3
LN-009983,65757.09
LN-025294,144107.58
LN-021817,14818.7
LN-027143,73099.27
LN-000505,1022.16
LN-012114,30179.73
LN-016424,4313.04
LN-023981,19273.89
LN-020753,27763.55
LN-008426,50755.19
LN-005656,4859.94
LN-023795,74197.11
LN-011243,35804.89
LN-003694,19223.93
LN-027755,181.72
LN-022712,60260.74
LN-009572,18.1
LN-025386,1705.0
LN-006627,22028.47
LN-020699,73701.99
LN-028059,115655.69
LN-009013,805.31
LN-017141,1491.6
LN-029158,85299.18
LN-020715,185474.88
LN-011262,110937.94
LN-024350,51.47
LN-005193,480.38
LN-006646,2055.14
LN-023412,21776.22
LN-011298,47056.16
LN-006483,62016.68
LN-002927,71278.19
LN-011643,95682.31
LN-011452,34006.27
LN-010864,3441.46
LN-014291,278.19
LN-022542,43375.95
LN-010052,22571.03
LN-017869,147461.7
LN-012776,47288.83
LN-003641,105006.19
LN-023332,86140.86
LN-018353,38580.5
LN-020649,44524.31
LN-026998,66439.37
LN-012489,1513.94
LN-010626,54233.75
LN-026020,26169.46
LN-026372,45772.37
LN-024974,67787.53
LN-018891,77687.8
LN-005449,34462.37
LN-003191,88015.01
LN-019598,61059.97
LN-026578,1522.11
LN-025939,38075.77
LN-022179,72838.57
LN-009625,1914.59
LN-000090,45.84
LN-013236,126963.47
LN-011316,326740.13
LN-011586,25972.1
LN-023656,157115.76
LN-003620,75911.89
LN-020485,22136.14
LN-023426,23664.84
LN-028219,209256.76
LN-020945,100442.67
LN-028905,79361.9
LN-027057,21689.61
LN-024784,54188.9
LN-015510,595.46
LN-020876,39918.66
LN-016719,63473.29
LN-009271,1032.46
LN-016212,78329.93
LN-005623,171260.45
LN-003876,78093.98
LN-017514,99742.46
LN-000416,39336.99
LN-015996,63474.49
LN-025008,39.53
LN-022736,330.25
LN-011091,169874.68
LN-025635,4362.44
LN-019972,34001.58
LN-014706,3029.12
LN-012226,68870.96
LN-008954,37747.31
LN-020736,2861.3
LN-007096,73178.3
LN-013650,96687.69
LN-011943,37870.47
LN-024461,164142.14
LN-013974,131615.03
LN-010916,170123.14
LN-005035,138062.19
LN-005556,91064.07
LN-010578,22820.03
LN-015046,157116.64
LN-014811,145910.89
LN-005295,130685.04
LN-024221,625.44
LN-002996,32381.6
LN-002314,187.59
LN-023053,2389.45
LN-021415,98352.57
LN-005939,771.4
LN-009694,128291.39
LN-028877,96491.82
LN-014856,9883.94
LN-014930,76524.86
LN-012279,44888.9
LN-011508,42469.58
LN-007580,113491.0
LN-013457,156208.6
LN-009556,246607.34
LN-017654,304303.42
LN-019917,6534.96
LN-007150,24337.39
LN-027810,72985.97
LN-015006,78558.85
LN-009827,32346.47
LN-010318,30849.83
LN-001781,124693.81
LN-021658,758.1
LN-012395,102004.82
LN-013674,17888.16
LN-010977,51633.9
LN-027322,200413.17
LN-007284,56638.58
LN-017778,175069.22
LN-012190,133969.64
LN-000108,90940.02
LN-015283,80751.61
LN-023606,123889.42
LN-027065,43608.2
LN-004983,105752.35
LN-015448,949.03
LN-015675,34227.8
LN-026831,103918.0
LN-014984,35.8
LN-016042,75727.65
LN-011635,34555.67
LN-011401,43000.94
LN-006136,137479.76
LN-003588,127820.51
LN-024318,65465.41
LN-007779,42733.71
LN-002780,19732.27
LN-019448,51297.07
LN-027592,778.37
LN-025709,135045.0
LN-021278,107408.43
LN-012929,49155.13
LN-006003,79027.35
LN-018054,47433.78
LN-020990,104447.39
LN-019238,113938.02
LN-015309,129333.58
LN-012576,70089.09
LN-027011,48714.48
LN-024536,127209.34
LN-024252,27232.15
LN-003527,93535.53
LN-023490,122961.77
LN-019451,88477.77
LN-008505,30439.46
LN-017078,112530.88
LN-013849,78949.13
LN-019937,42867.55
LN-027702,148466.47
LN-017315,45317.06
LN-022527,76083.01
LN-008179,77070.88
LN-000796,162909.43
LN-028760,61613.38
LN-019606,80616.23
LN-000278,74274.44
LN-020790,59.58
LN-018897,291663.51
LN-023450,31766.16
LN-008500,172038.11
LN-028295,36169.38
LN-013735,959.21
LN-022238,46561.79
LN-021260,140104.47
LN-023008,20095.45
LN-028601,2388.8
LN-019429,128774.0
LN-005410,84253.84
LN-001868,296841.36
LN-008695,1342.01
LN-026623,206154.45
LN-026797,115589.37
LN-014886,60271.38
LN-004548,41534.77
LN-006301,98927.15
LN-005915,18374.44
LN-022491,56693.66
LN-002728,114137.88
LN-026869,69927.33
LN-012914,61388.01
LN-014010,1734.87
LN-015770,37702.68
LN-026483,220290.2
LN-023002,184774.21
LN-009804,578.33
LN-016383,132487.52
LN-027992,128351.82
LN-001763,148453.61
LN-005603,26485.8
LN-023635,70014.0
LN-015026,837.0
LN-009566,66443.65
LN-017031,98786.75
LN-028975,55175.41
LN-015418,2478.5
LN-015769,16076.76
LN-000837,2835.29
LN-021594,236526.68
LN-018750,8866.99
LN-029122,30605.21
LN-001532,67777.21
LN-018984,88272.64
LN-004074,73458.97
LN-004502,9013.88
LN-014316,92882.91
LN-016380,596.54
LN-023427,3396.9
LN-021837,30223.85
LN-016557,53890.15
LN-002374,4906.76
LN-016234,243826.86
LN-022522,127637.51
LN-024927,165107.6
LN-026243,189325.29
LN-005580,92.03
LN-021736,1160.06
LN-003477,45.63
LN-024451,887.05
LN-015706,43862.27
LN-000327,153328.7
LN-007890,100742.11
LN-016486,87542.12
LN-007254,39177.9
LN-008128,89.24
LN-016167,34198.24
LN-021831,589.73
LN-008850,313.79
LN-022977,23.41
LN-000461,140921.22
LN-019423,66654.68
LN-021766,107608.91
LN-002861,862.81
LN-010123,111231.0
LN-012550,228395.47
LN-026602,92667.45
LN-017417,49364.76
LN-018346,33650.59
LN-017167,112451.48
LN-018917,239628.65
LN-019803,58843.14
LN-015700,35997.86
LN-022487,23571.14
LN-010508,21965.98
LN-007841,17273.95
LN-017182,802.09
LN-018700,227394.73
LN-019877,42741.15
LN-016597,83648.43
LN-026777,251666.8
LN-013887,100053.27
LN-002866,215701.0
LN-012738,157670.41
LN-014298,115.61
LN-027450,1500.91
LN-010868,908.34
LN-003341,59860.48
LN-008123,2352.92
LN-005278,24315.55
LN-019888,92980.69
LN-002710,40643.95
LN-009673,170438.33
LN-002161,157986.15
LN-018486,96487.89
LN-004953,25525.72
LN-016885,141368.48
LN-024967,79455.21
LN-008261,35559.14
LN-015194,48374.49
LN-015982,143281.48
LN-015202,161207.85
LN-025742,87519.36
LN-029199,138686.46
LN-026595,1626.96
LN-024503,3322.91
LN-012670,128246.62
LN-012677,37707.79
LN-007210,105511.47
LN-005315,62800.56
LN-016849,86.94
LN-029285,26994.17
LN-018508,133679.43
LN-007979,54527.58
LN-013281,197031.07
LN-027664,148690.2
LN-010402,53571.86
LN-012463,73428.93
LN-026199,56671.91
LN-014015,96170.06
LN-016071,86589.51
LN-020211,99509.08
LN-015894,20647.94
LN-002674,76054.33
LN-022221,94125.31
LN-023520,182007.94
LN-020541,21527.87
LN-004559,15.47
LN-017911,133018.85
LN-007428,60093.21
LN-012604,136705.18
LN-003207,65375.27
LN-026360,12188.74
LN-000676,47486.15
LN-005163,95121.19
LN-001358,157464.95
LN-028270,59271.63
LN-011426,40794.19
LN-016497,19514.78
LN-000285,34225.62
LN-009700,146931.04
LN-016931,166764.91
LN-021848,105165.09
LN-008814,58477.28
LN-002407,36666.72
LN-021542,18771.16
LN-026285,54321.09
LN-011468,419.03
LN-020268,104454.02
LN-019468,2934.65
LN-018728,26247.78
LN-012310,8668.17
LN-012255,56925.74
LN-000055,1965.43
LN-022509,550.98
LN-027224,184729.83
LN-003228,39013.08
LN-024525,163038.08
LN-024896,158644.37
LN-014268,23506.09
LN-003983,79510.88
LN-028348,230945.75
LN-002945,73749.12
LN-016556,119291.56
LN-023755,3571.27
LN-011770,23.29
LN-009396,2117.34
LN-016641,45468.41
LN-008626,183223.02
LN-003099,66223.1
LN-016210,547.07
LN-019823,58661.91
LN-024919,118093.63
LN-016809,181749.28
LN-020629,181876.34
LN-008365,43788.67
LN-016487,246904.82
LN-020884,49965.89
LN-007622,29512.03
LN-007026,115158.24
LN-011297,9765.1
LN-013118,173338.03
LN-023936,1143.05
LN-006433,183113.37
LN-005098,233889.59
LN-009251,74696.23
LN-029107,207804.16
LN-008160,129722.5
LN-022213,85988.92
LN-001173,29826.04
LN-007216,4589.36
LN-020161,116.21
LN-013655,224310.26
LN-012094,1289.05
LN-001973,1096.66
LN-008957,1142.82
LN-028711,173817.39
LN-026814,69807.41
LN-007867,139672.27
LN-013365,50252.11
LN-014925,63.81
LN-020315,26156.86
LN-000977,217942.2
LN-017243,18943.7
LN-013803,93423.07
LN-027090,90373.73
LN-028207,116628.62
LN-007429,970.36
LN-020203,167931.02
LN-027890,202530.75
LN-026123,36106.84
LN-029178,36104.24
LN-010750,62930.9
LN-003744,561.59
LN-025711,79041.09
LN-008642,34644.44
LN-016293,89314.73
LN-009472,700.18
LN-018087,63120.88
LN-029260,33934.73
LN-011081,90902.99
LN-023398,11589.26
LN-022724,27638.97
LN-020467,689.24
LN-013787,288.2
LN-001567,890.79
LN-019719,62652.35
LN-005772,33492.92
LN-027853,5816.29
LN-016224,145391.29
LN-009181,184028.03
LN-022849,107895.26
LN-015361,161810.29
LN-021402,87092.76
LN-014037,1037.87
LN-015017,87553.43
LN-005969,43687.08
LN-011982,31113.71
LN-000688,14584.49
LN-027256,38336.0
LN-027275,87355.97
LN-028753,66950.3
LN-005958,156478.69
LN-001079,41400.95
LN-018931,73643.2
LN-003369,371.57
LN-023188,1146.8
LN-021860,78406.79
LN-028916,68553.76
LN-025907,18858.27
LN-012315,61857.82
LN-028095,255.75
LN-000352,115087.36
LN-008106,70360.93
LN-027803,75370.47
LN-001696,23266.04
LN-015667,35638.6
LN-019483,128383.3
LN-019118,64793.32
LN-028332,34004.24
LN-003538,110055.03
LN-028661,72166.45
LN-023408,2495.61
LN-020624,38152.24
LN-027231,105860.16
LN-003499,32462.54
LN-009826,42717.69
LN-015080,43864.54
LN-008324,7340.57
LN-015404,51547.23
LN-001976,35092.26
LN-023698,101826.2
LN-006215,64616.48
LN-023961,113874.29
LN-015886,541.53
LN-023529,32908.86
LN-009592,144279.82
LN-010047,28861.15
LN-011531,105744.5
LN-011849,95022.47
LN-018892,29371.2
LN-001698,228398.46
LN-006331,28.23
LN-001882,79697.29
LN-020810,98566.39
LN-003679,144557.72
LN-011238,135479.18
LN-011461,71534.13
LN-022780,18.77
LN-006916,297250.03
LN-027054,98989.03
LN-018263,173565.96
LN-029225,111729.99
LN-018085,1835.16
LN-018381,1051.77
LN-020270,125201.73
LN-017430,76823.86
LN-000300,59319.42
LN-019772,178002.35
LN-017002,96655.46
LN-011789,120825.18
LN-001996,61582.02
LN-001742,28560.01
LN-002502,134498.42
LN-012484,77997.6
LN-005110,20585.25
LN-020959,2095.67
LN-019673,96497.94
LN-000781,24562.99
LN-008989,75893.99
LN-026977,178410.68
LN-001984,51194.25
LN-026644,84911.21
LN-028044,41729.06
LN-016219,142451.22
LN-019650,87076.43
LN-013614,65726.79
LN-017148,75752.15
LN-026979,23659.69
LN-016344,164950.24
LN-005762,87801.62
LN-009183,2795.14
LN-000471,2846.95
LN-026463,447.42
LN-023255,25212.45
LN-018814,73110.78
LN-027827,69649.2
LN-009803,128717.38
LN-002366,32565.61
LN-027922,35863.4
LN-012727,41778.36
LN-003549,130662.52
LN-018551,26631.07
LN-012672,94017.99
LN-004185,333961.75
LN-015359,17515.13
LN-001601,1898.58
LN-008632,80466.49
LN-003786,131108.93
LN-003325,65271.74
LN-022189,39721.37
LN-019492,178248.01
LN-001356,42876.26
LN-005273,72740.53
LN-017560,44940.8
LN-015031,109074.36
LN-025031,104379.6
LN-014528,100371.42
LN-019769,91978.39
LN-021494,80526.37
LN-002098,29327.32
LN-016398,34421.89
LN-005347,277634.86
LN-011346,1305.14
LN-014979,62275.51
LN-002094,48277.59
LN-003149,19643.44
LN-015337,31501.82
LN-029228,63803.95
LN-029240,18838.47
LN-010029,63032.36
LN-006615,27.67
LN-024840,27520.36
LN-007905,21692.34
LN-020861,198831.16
LN-025574,43985.53
LN-028185,682.68
LN-021436,110691.85
LN-026064,160640.49
LN-000207,30443.57
LN-010138,197709.44
LN-023359,207913.54
LN-000749,56215.41
LN-028338,98687.79
LN-017477,141879.86
LN-004368,184228.23
LN-023909,151583.93
LN-019816,33424.08
LN-000854,327.19
LN-016786,191285.86
LN-022315,40684.21
LN-009130,73402.53
LN-003960,50991.82
LN-017910,63229.26
LN-007898,199321.24
LN-018856,61773.51
LN-009214,97971.56
LN-019404,7870.95
LN-026480,49139.97
LN-025390,143243.64
LN-009371,259.98
LN-010631,158662.17
LN-022140,161243.15
LN-029125,216954.62
LN-007951,9232.46
LN-006265,177624.54
LN-018977,39606.45
LN-001018,34137.29
LN-016006,141048.61
LN-017266,51768.48
LN-018749,102140.85
LN-015434,1718.21
LN-010665,63553.85
LN-003525,205.38
LN-002827,62062.41
LN-017795,133426.03
LN-006557,48401.4
LN-016972,188229.43
LN-010167,24213.2
LN-025475,118562.43
LN-021088,7942.15
LN-007849,1522.84
LN-027083,26330.58
LN-006694,40224.45
LN-007030,3959.48
LN-005384,62697.23
LN-007395,134652.45
LN-016548,103879.15
LN-019794,92694.8
LN-011094,84990.62
LN-017392,38931.79
LN-025273,86570.07
LN-020115,991.56
LN-023549,100815.81
LN-003689,130437.88
LN-014922,72272.06
LN-011106,85744.84
LN-006845,73441.73
LN-010025,84558.7
LN-014780,28421.5
LN-010545,71615.99
LN-000906,257685.5
LN-013852,72693.8
LN-013751,77059.5
LN-013985,62474.9
LN-008980,59857.08
LN-006825,84716.83
LN-004104,48452.95
LN-013251,136042.33
LN-013556,47656.8
LN-003723,165190.55
LN-009817,57847.19
LN-022276,30349.79
LN-003423,44228.9
LN-009369,62407.39
LN-029088,51158.31
LN-010095,36753.47
LN-004141,262954.3
LN-023633,105576.85
LN-009961,48956.66
LN-017365,229118.06
LN-022301,57408.91
LN-015237,98543.77
LN-010963,73388.99
LN-004585,103923.81
LN-009219,1229.77
LN-008235,357.43
LN-005943,115.62
LN-028213,1800.47
LN-013757,75074.27
LN-021171,889.34
LN-014671,97384.95
LN-015001,153197.66
LN-013155,101619.93
LN-020608,80771.33
LN-001104,33866.59
LN-028400,93897.46
LN-013612,96417.15
LN-011047,59715.96
LN-001909,60317.38
LN-002177,3213.38
LN-013595,15310.6
LN-029165,98652.06
LN-020801,68711.15
LN-016979,57553.4
LN-002008,29019.67
LN-009431,127141.14
LN-014991,198014.21
LN-009708,32118.34
LN-020383,39049.84
LN-011726,27545.18
LN-026836,64062.68
LN-001177,35297.48
LN-027157,92195.84
LN-024260,3652.08
LN-012612,188930.53
LN-000344,79569.3
LN-007764,34039.97
LN-020547,145393.49
LN-009420,69010.37
LN-027347,24050.67
LN-002252,188863.12
LN-018086,40250.27
LN-028012,80906.85
LN-023444,230488.06
LN-017552,9218.16
LN-011301,38906.6
LN-014865,37254.61
LN-017224,54.2
LN-008007,64493.94
LN-001647,129923.82
LN-003898,116744.16
LN-015441,41017.37
LN-022081,82327.14
LN-022080,87023.64
LN-012940,317.04
LN-014982,136329.87
LN-025490,4371.8
LN-027588,554.02
LN-008672,68887.29
LN-015166,32260.38
LN-018783,277975.46
LN-026944,107398.32
LN-018661,69774.42
LN-004866,68701.92
LN-027248,158113.76
LN-024456,210220.69
LN-019343,149785.85
LN-024573,50065.65
LN-011338,7329.47
LN-003324,34025.07
LN-028820,867.86
LN-010079,50435.18
LN-004219,49964.94
LN-003589,84548.28
LN-019669,33649.06
LN-013512,86990.59
LN-023517,189068.76
LN-022796,28699.24
LN-002933,37029.15
LN-019457,3575.92
LN-019630,44760.26
LN-021054,107005.28
LN-004309,3168.41
LN-022732,173773.17
LN-001819,35156.31
LN-014658,61232.33
LN-013648,4803.03
LN-004016,19038.42
LN-006690,166533.83
LN-013571,235.84
LN-014362,174057.02
LN-021467,164706.1
LN-010801,53087.52
LN-016904,151024.82
LN-027103,32088.48
LN-020588,112141.0
LN-000017,733.22
LN-015217,209537.74
LN-022372,20645.49
LN-011187,136500.77
LN-027872,11887.73
LN-001983,1794.94
LN-013836,189471.25
LN-009300,54704.25
LN-012508,13.28
LN-018002,23821.27
LN-019689,25004.18
LN-021193,73922.06
LN-005411,73682.71
LN-020392,87118.72
LN-010699,102422.8
LN-020888,33125.26
LN-008621,2321.91
LN-002193,33100.24
LN-009653,183067.66
LN-023037,45611.1
LN-002295,137532.4
LN-009084,1460.48
LN-009727,36121.29
LN-003614,282974.09
LN-005542,255837.85
LN-024677,45710.43
LN-008530,57062.88
LN-014150,21686.46
LN-014825,86048.56
LN-012644,139348.36
LN-006221,63341.22
LN-007687,171320.84
LN-024015,93600.86
LN-007351,41.26
LN-009515,70497.62
LN-003871,37445.06
LN-015157,61458.74
LN-005206,15997.28
LN-000109,20433.61
LN-023481,21854.85
LN-011816,55490.68
LN-011696,104198.53
LN-028929,50448.55
LN-009224,73241.02
LN-027539,43551.37
LN-017308,29513.26
LN-022162,68410.12
LN-014853,67863.6
LN-009373,62885.73
LN-011284,280.3
LN-010036,32928.95
LN-000304,44729.77
LN-000645,940.06
LN-013794,3947.14
LN-000924,216655.12
LN-025809,36935.17
LN-011570,125541.39
LN-026491,38657.31
LN-002340,1039.45
LN-027506,218333.41
LN-027278,4888.82
LN-013709,34296.0
LN-014544,17426.24
LN-004418,93249.9
LN-012381,26780.8
LN-018035,718.38
LN-002382,69991.61
LN-028940,158726.4
LN-000835,61551.13
LN-027175,29588.09
LN-028742,128193.32
LN-017376,106501.0
LN-011020,113952.51
LN-019422,62375.12
LN-024402,3505.14
LN-018909,20927.05
LN-003370,1499.59
LN-007577,40941.0
LN-028981,115407.26
LN-023217,65428.84
LN-002453,76742.99
LN-024387,145929.36
LN-005221,91103.99
LN-024860,119825.92
LN-000066,66774.86
LN-025926,94704.63
LN-018329,123947.57
LN-001661,150262.94
LN-027253,107923.46
LN-012964,94142.33
LN-003941,88309.65
LN-017256,152199.84
LN-012808,157563.19
LN-028789,4080.56
LN-023697,31872.59
LN-019201,25706.03
LN-019910,891.55
LN-028359,19578.22
LN-027688,52269.22
LN-021975,118391.23
LN-008264,1726.3
LN-023201,30641.45
LN-002788,172969.22
LN-020263,207753.36
LN-001847,97295.0
LN-007839,278751.3
LN-018730,839.53
LN-004072,292.41
LN-005242,147017.0
LN-000151,134070.83
LN-011652,59419.06
LN-027900,65530.65
LN-017265,44828.91
LN-006849,34625.91
LN-024353,67752.76
LN-023830,129926.55
LN-007522,99314.07
LN-012704,114184.85
LN-005848,62254.35
LN-024286,12395.47
LN-009785,37453.42
LN-026153,85356.24
LN-029150,26875.65
LN-022566,24118.95
LN-003534,31391.96
LN-007228,129617.71
LN-002040,110050.5
LN-002962,8242.69
LN-011255,114544.44
LN-014423,479.79
LN-008266,2130.83
LN-005443,59942.88
LN-002150,94189.15
LN-011620,191730.33
LN-010455,48050.46
LN-026866,45347.32
LN-027713,19339.35
LN-002733,270683.82
LN-016609,49781.99
LN-025242,148530.66
LN-023436,298063.36
LN-029177,188815.41
LN-000185,32895.11
LN-019171,9558.45
LN-016015,115879.54
LN-006912,39506.6
LN-003270,4546.91
LN-000183,2439.16
LN-020123,28833.13
LN-025932,85303.57
LN-011324,36923.98
LN-019880,441.27
LN-023349,71530.62
LN-024330,36818.97
LN-025956,31223.63
LN-027725,88002.73
LN-002721,154786.46
LN-023410,28590.26
LN-010625,72684.83
LN-002100,70831.75
LN-016737,70559.75
LN-000192,138184.67
LN-029019,106868.41
LN-029186,50707.8
LN-025077,148175.62
LN-012431,102245.07
LN-016385,21760.61
LN-018293,59728.93
LN-010066,44065.88
LN-001302,129184.51
LN-019360,63714.25
LN-017681,2243.67
LN-020558,66004.94
LN-026512,39621.02
LN-025122,34623.83
LN-003009,39148.08
LN-007882,63724.22
LN-015666,171276.09
LN-002685,70548.44
LN-017299,24030.0
LN-019246,100558.12
LN-016450,168012.54
LN-027630,84294.43
LN-011072,36649.62
LN-019731,170885.84
LN-003071,159638.36
LN-022992,1036.28
LN-020029,76431.79
LN-020544,23843.35
LN-014479,7792.68
LN-027836,73223.51
LN-026880,155499.68
LN-000395,2404.89
LN-013139,816.18
LN-008910,50395.76
LN-001512,108508.71
LN-010908,37961.03
LN-003121,158276.74
LN-005889,66536.14
LN-009211,34642.1
LN-010436,20778.16
LN-005582,31665.18
LN-001427,185457.77
LN-017008,35620.63
LN-019631,30012.67
LN-012296,98441.2
LN-027444,42708.07
LN-007695,142003.97
LN-007277,177379.84
LN-005339,208.66
LN-013341,43189.4
LN-006606,28871.99
LN-011122,43900.53
LN-012624,88031.31
LN-013283,51987.21
LN-024816,118210.0
LN-026302,91990.78
LN-016701,93935.08
LN-001971,50774.9
LN-024829,36960.32
LN-001620,2655.79
LN-007381,57422.84
LN-019211,35395.34
LN-019069,1774.86
LN-012318,183842.72
LN-005860,119507.37
LN-010099,91515.76
LN-001249,31145.21
LN-027430,136262.93
LN-001382,160.79
LN-010896,2225.43
LN-020827,43963.96
LN-029083,133600.36
LN-028765,44808.71
LN-024968,1663.67
LN-014283,1111.9
LN-011447,54142.33
LN-008611,103048.91
LN-010573,23132.38
LN-002210,46153.57
LN-011133,61917.72
LN-011517,116516.56
LN-021363,98853.63
LN-018680,62569.77
LN-009798,60599.16
LN-021838,192970.91
LN-022302,34829.64
LN-028024,2436.14
LN-013507,47484.38
LN-020792,91400.7
LN-010112,24298.77
LN-012218,70906.43
LN-012754,203185.46
LN-002887,140046.56
LN-027910,199272.6
LN-016549,85601.17
LN-008675,76453.69
LN-000100,62749.26
LN-017856,150186.74
LN-009193,86729.03
LN-016717,64343.55
LN-001058,1622.27
LN-019008,97291.66
LN-013290,92868.49
LN-019756,161880.05
LN-017782,38963.17
LN-012353,71.88
LN-005368,1071.86
LN-020246,97831.72
LN-014769,25101.75
LN-002408,195103.96
LN-019025,38733.76
LN-023815,107510.39
LN-019204,68021.13
LN-018457,42592.77
LN-013769,17933.0
LN-016899,82261.83
LN-010922,1620.38
LN-027470,52290.87
LN-018927,27.87
LN-023347,46066.58
LN-005349,90919.73
LN-008414,36446.39
LN-013857,21970.65
LN-026087,263983.71
LN-017582,53141.84
LN-027095,186070.19
LN-010510,6426.43
LN-006719,116112.38
LN-002812,150131.18
LN-018038,76892.15
LN-017598,105734.84
LN-001175,98212.16
LN-003939,41790.95
LN-008673,32257.48
LN-025855,28178.5
LN-005017,259.48
LN-027053,305041.84
LN-005683,672.7
LN-005780,103905.95
LN-004911,153859.81
LN-015660,173464.43
LN-026011,103777.64
LN-027051,95712.2
LN-007407,188075.52
LN-004268,306224.01
LN-011455,147333.29
LN-016765,33128.91
LN-027006,82137.47
LN-002024,25237.54
LN-020479,65679.9
LN-019268,66918.7
LN-011808,29188.21
LN-011539,78984.31
LN-022186,71669.27
LN-024790,169600.94
LN-000783,118464.67
LN-002863,62431.51
LN-010898,101905.47
LN-024683,72.48
LN-025796,125585.3
LN-009941,102662.62
LN-011700,163541.93
LN-016425,6356.15
LN-015214,60109.61
LN-020502,31849.51
LN-003108,37971.91
LN-022999,6657.91
LN-005702,87117.57
LN-016978,40216.39
LN-018735,199549.01
LN-021587,162951.35
LN-021359,71953.37
LN-015850,29955.19
LN-026061,55.89
LN-000149,32192.61
LN-028908,167130.36
LN-006056,135597.81
LN-002979,138550.77
LN-011659,135093.9
LN-009628,171010.0
LN-002562,90053.45
LN-013064,59137.8
LN-007400,221720.05
LN-012729,91705.74
LN-007426,27.06
LN-017115,36881.69
LN-000187,23222.03
LN-013934,270164.74
LN-027970,118971.64
LN-021149,66.95
LN-025908,7501.49
LN-008674,22720.33
LN-002859,183672.48
LN-025264,29394.14
LN-004662,1831.87
LN-018736,70540.01
LN-018949,144521.53
LN-003164,20149.64
LN-017853,5349.16
LN-004567,136689.27
LN-013047,44954.72
LN-025862,162756.57
LN-006723,27377.08
LN-025837,8686.01
LN-029115,356.3
LN-019157,126475.64
LN-003826,113629.07
LN-010746,6263.01
LN-007045,93127.48
LN-010820,166448.0
LN-008566,3043.91
LN-023677,145030.47
LN-028453,70081.11
LN-016466,366022.36
LN-021952,81254.41
LN-008082,23.84
LN-019597,51352.05
LN-024655,194881.98
LN-000277,26523.38
LN-027875,33642.11
LN-005127,73818.42
LN-003197,77969.01
LN-010414,78030.44
LN-005072,16221.45
LN-021269,195848.51
LN-004512,76787.37
LN-004892,55796.92
LN-004166,216.17
LN-003522,68513.1
LN-007790,38089.54
LN-028872,123889.29
LN-008423,100632.25
LN-007850,1323.61
LN-005204,35328.68
LN-006284,93826.05
LN-008492,92038.48
LN-007357,1072.42
LN-014764,2964.56
LN-004144,1121.38
LN-017694,60463.27
LN-001389,176933.36
LN-015106,91194.61
LN-000099,19606.13
LN-010057,93813.48
LN-012851,108178.56
LN-006602,63940.05
LN-016589,1145.71
LN-026436,23142.67
LN-022567,117893.32
LN-009690,42144.53
LN-004690,1793.73
LN-016259,47395.08
LN-026206,130696.93
LN-011014,94926.95
LN-005801,48504.93
LN-018215,24357.99
LN-020514,1270.83
LN-022128,1902.04
LN-009571,21125.82
LN-022350,207381.19
LN-026808,32652.34
LN-016336,95071.16
LN-007778,36942.85
LN-001972,73694.76
LN-022573,285827.15
LN-022405,96104.65
LN-019007,239918.35
LN-021259,89500.05
LN-005138,23453.59
LN-016101,189894.47
LN-027560,226703.08
LN-004228,143373.48
LN-022338,50779.29
LN-007844,138542.87
LN-004300,106620.35
LN-024978,129672.62
LN-010236,117807.7
LN-027131,34432.35
LN-003839,146201.01
LN-028986,54298.43
LN-029058,16259.27
LN-009280,82.53
LN-011555,605.14
LN-000468,718.32
LN-002389,2526.4
LN-018261,190401.27
LN-011012,190016.64
LN-006315,2037.04
LN-024729,32422.78
LN-021906,126400.37
LN-011382,60989.66
LN-013248,42040.8
LN-012881,134391.8
LN-016723,51610.22
LN-016189,126010.29
LN-016304,32970.91
LN-010849,87530.55
LN-003914,66556.34
LN-016815,64462.88
LN-027983,297456.78
LN-012641,86494.65
LN-021378,3171.9
LN-016055,111152.9
LN-011119,97525.99
LN-010415,24130.04
LN-028728,26296.92
LN-027381,18099.87
LN-008882,155842.35
LN-029279,6629.55
LN-000530,306290.31
LN-020494,86641.19
LN-011376,267932.74
LN-010644,118.18
LN-006713,1037.46
LN-018195,23984.86
LN-025449,65659.4
LN-006847,76581.33
LN-010007,102434.1
LN-023824,70194.83
LN-022371,179927.59
LN-006731,75564.21
LN-018239,76031.1
LN-019702,122111.77
LN-028131,38438.82
LN-000635,118427.55
LN-017173,64709.33
LN-006471,76005.76
LN-000426,2082.14
LN-016027,101760.78
LN-007659,90520.38
LN-022263,209728.77
LN-008288,867.57
LN-009277,64683.44
LN-017292,73815.44
LN-017120,161845.65
LN-021643,47462.63
LN-023153,71746.29
LN-025282,162386.16
LN-018459,38942.45
LN-026191,51337.25
LN-001121,1668.77
LN-027276,168627.2
LN-023634,9860.22
LN-025496,42902.15
LN-025675,71140.34
LN-023405,77623.31
LN-019618,31378.72
LN-015581,47263.81
LN-015084,19980.42
LN-010860,22284.13
LN-022661,38799.9
LN-012963,136343.35
LN-012098,284876.51
LN-006707,96805.67
LN-019241,18856.56
LN-011538,30213.19
LN-021900,3044.68
LN-022519,55741.09
LN-014105,48858.94
LN-015551,73768.16
LN-014484,172055.3
LN-015638,39930.4
LN-000823,28993.33
LN-026499,14552.41
LN-006429,7.74
LN-028646,141806.68
LN-007870,43095.67
LN-011941,296620.11
LN-025227,312.26
LN-004685,70825.56
LN-000604,69467.98
LN-010346,74077.69
LN-011173,99974.05
LN-003248,117387.67
LN-007082,211269.22
LN-025348,81620.85
LN-026244,1546.19
LN-018061,27756.5
LN-010179,79635.83
LN-005880,178539.3
LN-019716,122220.4
LN-022587,1212.27
LN-008389,74531.33
LN-001014,142784.19
LN-010046,9146.02
LN-023226,158237.09
LN-029050,37949.41
LN-015181,73660.96
LN-004987,1264.99
LN-012897,92002.63
LN-008906,69035.15
LN-028582,111163.24
LN-010912,65313.02
LN-023971,27899.7
LN-025413,88335.16
LN-022271,33595.97
LN-024295,45961.27
LN-023179,17097.92
LN-008190,2562.2
LN-000639,148521.52
LN-016727,96536.03
LN-029175,280.7
LN-011646,154702.74
LN-025633,63983.58
LN-027764,74890.72
LN-019663,113290.26
LN-026315,152126.52
LN-006425,50167.87
LN-000288,1692.89
LN-015764,8637.29
LN-007418,3233.84
LN-024289,40492.51
LN-020929,64264.79
LN-017873,1054.48
LN-021855,61919.19
LN-017330,7512.79
LN-017207,258583.14
LN-018269,51.55
LN-004756,39383.24
LN-019928,80343.84
LN-005742,80393.15
LN-006594,33075.08
LN-026160,117096.1
LN-021306,44506.17
LN-011019,23406.11
LN-012283,37869.45
LN-026758,2091.42
LN-028675,127.07
LN-006516,1373.52
LN-024495,26336.18
LN-003432,209858.61
LN-019693,33982.64
LN-016455,43454.67
LN-028094,35274.34
LN-014046,37552.78
LN-026183,77147.48
LN-008855,9120.31
LN-001285,1499.67
LN-022416,409155.35
LN-027199,55087.3
LN-017326,62481.46
LN-009345,107820.67
LN-020109,532.4
LN-015695,36397.05
LN-001237,56365.69
LN-027049,69853.11
LN-006233,208324.89
LN-013603,101167.19
LN-004243,62210.49
LN-027906,164278.56
LN-022203,70882.42
LN-025324,189545.34
LN-027805,31000.29
LN-020516,160085.63
LN-000235,265758.42
LN-014458,31316.57
LN-013888,111482.87
LN-005904,232829.78
LN-028251,13709.54
LN-015188,133669.92
LN-001916,27317.51
LN-006166,212492.81
LN-003470,931.05
LN-017562,436.79
LN-015321,24134.28
LN-016632,3560.27
LN-006332,33501.46
LN-012927,3552.99
LN-026316,56244.57
LN-010586,27275.76
LN-024418,127939.1
LN-016713,70226.81
LN-025034,1760.5
LN-003381,68703.87
LN-007609,128740.01
LN-001041,43046.38
LN-019037,125532.82
LN-021152,37003.93
LN-020091,67060.33
LN-023760,69026.19
LN-006924,119838.01
LN-004861,51580.44
LN-009676,401049.86
LN-013643,31459.87
LN-005876,68371.49
LN-023997,119737.65
LN-024961,59558.59
LN-015443,80151.42
LN-027718,42032.45
LN-000346,8157.31
LN-020175,16500.07
LN-019944,81878.32
LN-027610,141417.01
LN-013147,22629.89
LN-010938,1643.54
LN-028155,96861.22
LN-008641,105113.32
LN-028194,79472.53
LN-011822,230942.35
LN-015955,69712.51
LN-024818,64903.96
LN-018462,28596.23
LN-018620,11582.52
LN-024837,255889.07
LN-016225,139766.28
LN-021526,121107.04
LN-016675,74066.01
LN-015465,128522.72
LN-003161,141486.58
LN-006517,958.91
LN-015703,127658.4
LN-006173,52311.07
LN-007222,231353.6
LN-027355,366620.96
LN-001773,143991.91
LN-011327,70904.22
LN-011391,165942.88
LN-007306,103659.23
LN-020786,233.13
LN-003988,771.54
LN-015415,53275.84
LN-014482,45495.18
LN-017244,26884.07
LN-006185,60546.38
LN-024376,32971.52
LN-006322,1437.95
LN-020244,105014.72
LN-025705,70647.06
LN-003272,38645.06
LN-005613,92981.34
LN-000301,89383.32
LN-024531,97799.53
LN-016427,42373.34
LN-007529,19702.93
LN-002852,91082.42
LN-026170,132947.84
LN-015087,34618.57
LN-023679,65544.58
LN-019694,44009.39
LN-006143,128266.58
LN-013741,47731.05
LN-014309,48388.1
LN-007855,20137.73
LN-023026,199024.08
LN-007484,527.84
LN-018603,34699.87
LN-027674,32645.08
LN-004438,181147.09
LN-008092,1989.37
LN-010194,139485.22
LN-023591,102616.78
LN-012153,75969.74
LN-024220,415444.99
LN-004265,160327.91
LN-003006,188618.47
LN-003319,121979.47
LN-015488,127480.64
LN-017228,74605.2
LN-010235,545.12
LN-028605,6625.8
LN-012433,1520.23
LN-005178,96485.09
LN-026308,134922.33
LN-006754,149.41
LN-004293,63995.55
LN-005728,35286.79
LN-016421,36882.36
LN-012655,88935.88
LN-026418,62935.32
LN-003835,286409.96
LN-021315,86566.5
LN-019452,48573.59
LN-003630,757.21
LN-008558,97736.74
LN-027498,71815.35
LN-011845,121760.4
LN-025876,105286.89
LN-006610,82738.9
LN-012830,58655.9
LN-003626,174083.36
LN-020966,115516.27
LN-017467,1702.93
LN-018430,31654.34
LN-001465,133824.58
LN-027744,164090.33
LN-010319,58976.92
LN-027857,48651.95
LN-014258,1766.14
LN-005112,661.73
LN-019326,64629.86
LN-003627,94283.81
LN-021320,756.1
LN-011664,80004.83
LN-019394,89069.53
LN-013471,636.7
LN-014694,239611.56
LN-008403,125540.22
LN-027003,42347.02
LN-002445,93.38
LN-017130,28779.67
LN-023231,81288.59
LN-022707,19233.01
LN-020760,198431.3
LN-028364,77.99
LN-018115,1209.77
LN-015756,172257.49
LN-020393,62087.4
LN-009000,201.3
LN-015880,1000.7
LN-020298,44136.42
LN-006692,91020.99
LN-027272,73424.7
LN-000217,72314.62
LN-026969,86399.34
LN-029102,250123.26
LN-028585,7294.04
LN-025305,68862.21
LN-009247,17189.38
LN-010341,25556.66
LN-003177,17279.31
LN-020147,35122.78
LN-007171,74299.5
LN-013683,174231.46
LN-016029,57221.76
LN-029119,820.91
LN-003306,7641.36
LN-012357,298849.32
LN-007984,3571.06
LN-006995,4098.8
LN-018060,1934.11
LN-015373,294123.76
LN-002607,414.7
LN-026075,42658.16
LN-029220,107970.18
LN-008931,151275.9
LN-022016,120734.2
LN-002324,566.26
LN-002070,37340.57
LN-024704,133020.06
LN-024466,154458.74
LN-008062,72123.67
LN-004497,3686.65
LN-017945,91442.17
LN-008245,4192.98
LN-025280,34323.85
LN-026216,44236.76
LN-029085,154901.89
LN-006522,19519.73
LN-028456,26887.95
LN-003823,21364.63
LN-019304,91573.92
LN-020009,63424.91
LN-025469,180368.42
LN-020165,143022.71
LN-028686,43279.54
LN-027886,5868.77
LN-000386,1002.06
LN-014469,123910.2
LN-011690,53836.75
LN-010287,89550.23
LN-014627,19327.59
LN-004172,2536.98
LN-022981,138619.6
LN-024323,30070.86
LN-024607,49893.72
LN-024063,42448.0
LN-025286,87.85
LN-029054,75506.67
LN-028915,195585.05
LN-007541,1081.88
LN-005485,107676.61
LN-015056,69398.96
LN-004822,155727.04
LN-013600,60120.1
LN-001171,128275.75
LN-014709,124695.58
LN-002620,21445.45
LN-015526,81961.39
LN-008949,31525.62
LN-012750,66215.79
LN-009481,69608.94
LN-009606,57690.42
LN-007257,34020.83
LN-026059,95579.57
LN-012983,84019.66
LN-002011,158148.06
LN-000033,80942.0
LN-009534,102138.41
LN-008005,126368.9
LN-001755,121020.57
LN-021873,61830.92
LN-013224,20657.45
LN-012287,108380.7
LN-028876,59.76
LN-019867,22908.15
LN-011604,45309.87
LN-000087,2871.03
LN-025988,1235.35
LN-018107,215895.29
LN-017576,85151.7
LN-003143,47541.05
LN-019909,168948.45
LN-028747,155831.03
LN-019206,104173.82
LN-011448,57279.82
LN-006197,69623.09
LN-028979,119375.52
LN-020414,36686.65
LN-012505,2000.95
LN-010164,126715.25
LN-028526,30447.91
LN-004623,30297.19
LN-011695,92165.99
LN-004879,14160.86
LN-009985,121298.12
LN-006439,845.15
LN-012138,61705.63
LN-001970,57517.97
LN-024481,171243.49
LN-012909,273898.7
LN-012650,160311.82
LN-003243,95645.73
LN-019013,86104.34
LN-025547,23618.02
LN-010734,248702.25
LN-013950,2067.3
LN-024167,20.2
LN-009871,87750.48
LN-001955,540.14
LN-026115,458.74
LN-010600,61.76
LN-025692,197958.13
LN-012029,75878.66
LN-021481,222254.98
LN-025602,37901.49
LN-000926,2272.96
LN-006574,23379.69
LN-010465,50560.88
LN-019559,89855.95
LN-007318,32572.0
LN-019741,207640.53
LN-006094,78910.61
LN-006340,116.9
LN-004622,114754.64
LN-016623,31808.68
LN-026829,117.61
LN-001556,247991.89
LN-019384,32302.08
LN-003704,29506.1
LN-020714,157016.83
LN-004428,82741.55
LN-022464,82759.84
LN-014370,74889.55
LN-010202,25853.55
LN-025618,789.61
LN-013774,27074.28
LN-023284,49158.01
LN-011222,168620.16
LN-001642,254722.01
LN-014302,128345.77
LN-018544,28208.67
LN-021833,33053.54
LN-004066,74455.53
LN-024108,277.21
LN-005419,131093.17
LN-028085,1555.35
LN-002920,26629.62
LN-015641,43619.21
LN-000739,152161.92
LN-012571,127537.24
LN-020341,44890.81
LN-019675,99351.88
LN-024277,3207.91
LN-000684,66671.38
LN-014668,45902.86
LN-006260,214393.66
LN-018260,78001.84
LN-016442,145280.54
LN-005636,188178.04
LN-006012,2079.97
LN-004031,194596.1
LN-005706,75425.03
LN-007646,106408.98
LN-012413,29215.93
LN-000550,69656.47
LN-026089,101640.33
LN-005102,80924.67
LN-022033,24553.59
LN-023821,35405.31
LN-001332,60422.26
LN-017317,43876.79
LN-027927,79.29
LN-018205,70010.29
LN-019700,85784.38
LN-011867,208991.97
LN-013604,34027.32
LN-016808,93691.98
LN-013421,212.17
LN-017613,6658.16
LN-012937,459.0
LN-028569,31494.94
LN-013436,58409.41
LN-008052,224383.51
LN-016520,10735.04
LN-009357,19576.56
LN-000103,540.63
LN-024032,73090.38
LN-024061,24639.09
LN-011191,46640.04
LN-025235,33991.57
LN-009228,130056.72
LN-006417,184879.87
LN-005356,202085.3
LN-001542,76061.48
LN-010870,20.15
LN-013432,40746.4
LN-010184,159292.92
LN-017351,89073.37
LN-025066,186197.47
LN-014621,35835.47
LN-021718,73766.48
LN-018075,4125.55
LN-023261,31045.87
LN-008843,87383.02
LN-004999,271147.34
LN-017316,43294.38
LN-025437,2927.72
LN-027894,52713.43
LN-009058,46833.69
LN-009546,136206.05
LN-008524,24237.53
LN-027661,45280.19
LN-004456,48394.46
LN-002207,166396.61
LN-002528,44649.64
LN-006005,3930.18
LN-006946,9876.31
LN-028365,152479.76
LN-017748,49672.88
LN-028960,280905.08
LN-028223,131749.57
LN-010419,3614.42
LN-010551,794.81
LN-006562,45794.14
LN-007112,218352.58
LN-022813,114889.51
LN-026247,243711.84
LN-025992,119.82
LN-001758,69763.74
LN-019755,235716.46
LN-006550,37710.38
LN-028320,96919.77
LN-005073,32.05
LN-029195,287487.72
LN-023602,93209.59
LN-022269,89167.85
LN-024577,101410.91
LN-025032,37169.55
LN-000073,3319.44
LN-004448,193822.15
LN-017703,144971.52
LN-022883,5576.04
LN-001616,62338.98
LN-017588,161473.64
LN-025502,51762.91
LN-028899,59855.38
LN-021098,120819.98
LN-011864,85976.14
LN-020854,110920.17
LN-023747,2189.63
LN-019217,754.05
LN-025266,115209.75
LN-011885,33912.93
LN-021068,56603.57
LN-010955,109003.97
LN-008533,231027.63
LN-008775,43.98
LN-002817,75338.3
LN-020960,202401.86
LN-026267,205743.0
LN-014271,92074.08
LN-009266,144.38
LN-026861,913.96
LN-022545,175232.58
LN-021792,9440.43
LN-016756,3120.07
LN-027667,1778.69
LN-028065,90800.27
LN-010769,79187.87
LN-024053,17634.89
LN-011780,153.66
LN-012427,250895.01
LN-013337,85094.9
LN-016206,36872.9
LN-019179,82413.79
LN-021850,45371.76
LN-002833,166066.92
LN-024646,132792.36
LN-028462,38793.32
LN-022725,54667.29
LN-019743,194171.11
LN-016273,78381.18
LN-018106,173050.53
LN-022539,54103.2
LN-013275,306283.19
LN-024018,44774.6
LN-014580,628.74
LN-006806,204495.71
LN-008711,33575.94
LN-026464,806.38
LN-003714,94.33
LN-014019,209197.7
LN-014326,77339.03
LN-020782,238429.76
LN-023222,121188.65
LN-008909,1247.1
LN-001918,75737.12
LN-012844,87461.89
LN-021451,143331.83
LN-007211,80701.52
LN-009119,1153.17
LN-008361,107933.27
LN-024730,63656.79
LN-018719,38965.51
LN-003757,152088.9
LN-011525,31732.26
LN-011441,86004.7
LN-028206,165516.19
LN-023428,110671.09
LN-019863,252.3
LN-002923,171974.13
LN-004067,137862.15
LN-009323,49538.58
LN-026342,172458.79
LN-003673,62497.49
LN-000897,1238.05
LN-001400,37150.51
LN-026258,87484.05
LN-020625,146052.07
LN-014433,79693.52
LN-004907,64881.31
LN-005093,72103.5
LN-014889,68669.31
LN-006133,61.78
LN-026031,772.38
LN-017206,54665.42
LN-000643,351927.82
LN-012068,101259.07
LN-007467,22259.54
LN-012257,94879.25
LN-006742,85592.56
LN-028977,40722.38
LN-015004,110822.76
LN-004246,13044.7
LN-013424,101262.37
LN-027490,15891.38
LN-020214,1415.79
LN-022834,63718.17
LN-015461,92.48
LN-028937,133124.84
LN-017909,297.59
LN-020955,95528.29
LN-009802,210760.66
LN-028680,84973.76
LN-015757,31271.53
LN-002113,4913.97
LN-006972,150319.36
LN-002018,62519.03
LN-018570,35773.7
LN-000330,51724.72
LN-025702,683.47
LN-019685,38008.44
LN-018747,20819.12
LN-000595,184804.19
LN-019244,25083.06
LN-003291,52505.67
LN-022119,323161.73
LN-016051,2112.67
LN-024150,40595.48
LN-022472,303202.15
LN-000703,149779.59
LN-003795,53328.53
LN-022709,111207.4
LN-027675,41196.43
LN-017361,30338.52
LN-014188,143190.06
LN-026584,29244.46
LN-021808,1935.27
LN-026495,30886.16
LN-024014,22.36
LN-007482,89511.75
LN-018966,32735.67
LN-021476,21715.52
LN-003020,34.57
LN-027902,347604.8
LN-006940,11684.36
LN-018734,160758.8
LN-011806,183832.46
LN-014012,126941.82
LN-012578,38175.3
LN-007816,25561.48
LN-009560,41059.76
LN-001493,113578.49
LN-004460,57039.98
LN-020897,108815.04
LN-023693,125571.68
LN-006229,3418.64
LN-010590,336718.23
LN-027293,37930.78
LN-019611,171101.51
LN-027636,447.83
LN-029056,5380.16
LN-023446,116418.94
LN-021702,4541.11
LN-000812,239240.33
LN-003789,43619.44
LN-007099,22436.71
LN-028001,68558.06
LN-000150,177877.68
LN-017214,44267.31
LN-016975,211382.64
LN-010489,63627.12
LN-021868,37073.2
LN-015885,69715.27
LN-003494,2477.75
LN-010028,134500.15
LN-022275,203628.96
LN-005426,68135.41
LN-008071,7126.55
LN-014970,141485.44
LN-023384,79016.3
LN-015862,129228.4
LN-019736,29658.99
LN-012006,165347.24
LN-005669,19445.02
LN-000618,21630.73
LN-023848,105590.02
LN-015043,22.67
LN-013081,65076.19
LN-017646,269930.35
LN-028100,66303.33
LN-022830,15058.55
LN-001013,106359.66
LN-026046,61831.86
LN-010894,289282.47
LN-026947,190908.95
LN-023527,67409.65
LN-017692,64667.1
LN-017072,1119.68
LN-004044,197330.37
LN-007212,162200.06
LN-026186,4075.32
LN-023066,62664.14
LN-012626,26897.91
LN-005520,211667.7
LN-015874,60621.3
LN-007024,18620.89
LN-010728,94834.05
LN-028433,56507.52
LN-017049,35866.24
LN-027216,55335.82
LN-008034,1541.03
LN-028091,70163.46
LN-025446,88283.25
LN-021973,223444.7
LN-005578,134722.11
LN-007811,10592.92
LN-009295,121404.58
LN-000480,39590.65
LN-017374,41859.11
LN-024357,33964.04
LN-023545,26952.22
LN-028509,91234.29
LN-012958,43501.61
LN-029022,58738.79
LN-006681,118458.58
LN-008525,3066.28
LN-000750,217707.74
LN-007239,1505.23
LN-000863,17711.15
LN-022182,70688.75
LN-016073,33748.58
LN-026229,36519.44
LN-004761,38966.52
LN-024843,924.09
LN-020642,41228.48
LN-027976,43.72
LN-017240,52548.84
LN-006793,57626.21
LN-024979,60487.41
LN-018481,88972.92
LN-023953,131.64
LN-005729,2045.31
LN-024046,37434.77
LN-000225,122462.21
LN-022178,50137.05
LN-007932,96849.28
LN-006482,35835.9
LN-021679,33506.06
LN-000735,28829.57
LN-021895,38487.15
LN-025048,103487.87
LN-017936,119712.03
LN-021652,25395.17
LN-009234,147698.13
LN-027604,64944.52
LN-017861,58650.58
LN-028447,24.79
LN-013302,133287.51
LN-003972,27548.0
LN-009382,128330.43
LN-003965,74094.36
LN-013399,7159.09
LN-005888,38167.8
LN-011330,103631.55
LN-027923,13414.83
LN-023223,53565.2
LN-019424,73832.74
LN-028666,59425.03
LN-012334,43399.51
LN-005013,71374.22
LN-009532,161101.56
LN-012105,63222.09
LN-024112,131596.72
LN-003690,55035.63
LN-011753,28137.62
LN-021682,13889.5
LN-015358,33522.43
LN-021574,40204.0
LN-025520,121856.57
LN-017251,93055.12
LN-024110,102004.94
LN-005863,37347.57
LN-019286,89594.92
LN-012752,49907.36
LN-009698,11.85
LN-022070,62182.2
LN-023296,46410.93
LN-025706,27819.17
LN-024105,257420.03
LN-020803,42333.32
LN-003880,88326.27
LN-028550,159730.49
LN-027337,2115.27
LN-009753,660.23
LN-003693,24138.7
LN-027410,53106.0
LN-012417,84731.14
LN-005448,130943.03
LN-009160,129431.3
LN-008863,59542.55
LN-007856,45187.3
LN-003057,70508.23
LN-023616,97324.12
LN-027118,103816.19
LN-011632,4446.98
LN-014810,24943.43
LN-021934,180084.1
LN-005283,57670.0
LN-003267,102432.9
LN-005140,134864.09
LN-016366,22174.76
LN-024647,13341.93
LN-018373,160157.12
LN-005203,86041.79
LN-025629,78278.81
LN-021382,4608.77
LN-024804,112552.81
LN-013473,36986.72
LN-028016,124309.18
LN-015539,98693.08
LN-003899,186744.51
LN-000309,304807.84
LN-014148,125539.43
LN-001664,178.28
LN-010274,742.5
LN-015082,70662.38
LN-015928,122399.42
LN-010658,1791.06
LN-025645,164565.12
LN-024906,168735.08
LN-004736,149319.15
LN-008456,119148.04
LN-020017,477.01
LN-020075,64693.21
LN-016128,41590.77
LN-012521,74109.52
LN-005657,239277.24
LN-023438,22688.42
LN-023335,72618.41
LN-010376,37008.42
LN-018867,22634.54
LN-001635,123975.5
LN-014328,144667.68
LN-005458,22377.07
LN-013121,34008.89
LN-001205,100514.01
LN-008470,83795.48
LN-004345,1095.01
LN-025118,93496.15
LN-014345,2570.48
LN-008382,40765.06
LN-027343,154203.8
LN-026297,217507.55
LN-013478,173196.64
LN-007949,21811.74
LN-007780,89865.85
LN-023303,68682.51
LN-004873,45062.9
LN-020930,15045.65
LN-012579,23070.8
LN-023011,89378.55
LN-018725,81435.52
LN-010181,44020.82
LN-028638,15737.87
LN-010732,94084.45
LN-014519,56.79
LN-004163,4559.61
LN-002985,1539.31
LN-026224,184242.07
LN-023413,43660.57
LN-009161,198130.3
LN-014054,94884.85
LN-009385,178295.93
LN-021442,193595.49
LN-002578,34874.66
LN-021005,149244.66
LN-021338,93710.7
LN-007571,93828.0
LN-028656,211928.53
LN-027129,118169.14
LN-025560,87716.24
LN-008927,109143.55
LN-000222,122564.06
LN-007021,20544.34
LN-005842,115959.88
LN-024430,403490.67
LN-006762,87387.04
LN-019333,45121.08
LN-006783,37351.67
LN-010136,81262.87
LN-026825,102887.14
LN-012275,45089.43
LN-017426,31791.96
LN-002955,12446.78
LN-008104,47974.88
LN-006807,152680.89
LN-003442,7496.1
LN-026362,15912.16
LN-026026,145156.75
LN-028695,86253.32
LN-022783,17864.38
LN-015617,70942.35
LN-023581,1448.19
LN-018841,60964.89
LN-026422,51303.43
LN-008291,63891.92
LN-024707,124628.47
LN-021852,129200.35
LN-004853,7325.62
LN-004800,15176.77
LN-012962,1748.13
LN-018721,2079.56
LN-021478,53516.02
LN-022531,159696.1
LN-020288,135437.71
LN-024490,48655.62
LN-016541,44411.56
LN-027368,864.56
LN-003166,25432.46
LN-016280,93925.37
LN-015108,41282.36
LN-006145,759.4
LN-006979,34131.4
LN-021089,78284.61
LN-027027,104190.4
LN-007968,43491.21
LN-000528,59307.56
LN-021117,69684.65
LN-019929,35215.88
LN-019113,38052.2
LN-024197,158593.04
LN-028722,96821.16
LN-018399,10936.7
LN-006206,290438.74
LN-021215,67718.71
LN-003320,43458.07
LN-016144,102678.23
LN-020292,33953.79
LN-022902,68749.73
LN-025063,6208.77
LN-010022,1059.36
LN-026382,39365.45
LN-028072,122321.68
LN-007132,19639.24
LN-006391,24664.16
LN-008849,29088.47
LN-006109,116021.27
LN-004170,10.22
LN-006698,28789.59
LN-017349,56192.72
LN-004749,93749.28
LN-012874,165963.51
LN-002936,262756.32
LN-028459,72715.68
LN-024303,71.8
LN-012712,195459.33
LN-002559,281721.13
LN-023937,182026.23
LN-000189,80003.19
LN-008865,102624.61
LN-019640,138519.06
LN-006844,104134.93
LN-021907,2232.35
LN-025830,60352.82
LN-021894,86248.39
LN-001922,147344.08
LN-000243,18210.0
LN-001434,183011.81
LN-022822,163773.4
LN-026177,98905.83
LN-009666,34647.86
LN-021621,4423.1
LN-009675,16624.12
LN-007521,43889.3
LN-011282,30389.69
LN-015787,5281.29
LN-014272,28.67
LN-013444,36361.74
LN-025240,20893.37
LN-010324,12229.63
LN-000850,76672.45
LN-024141,38051.06
LN-024727,26123.7
LN-003857,54544.26
LN-008552,143060.39
LN-006961,2211.72
LN-015964,1029.59
LN-015375,175200.75
LN-028527,44623.96
LN-002505,69798.19
LN-020765,43731.7
LN-003277,84782.54
LN-010875,581.26
LN-024270,184535.56
LN-024851,127632.6
LN-009480,119983.0
LN-007620,70690.38
LN-022334,31283.14
LN-011363,190913.32
LN-000409,56653.66
LN-000881,76172.28
LN-023127,92008.95
LN-028134,47236.77
LN-028220,13483.53
LN-027974,33.05
LN-016048,104752.04
LN-000018,81850.73
LN-015784,208695.12
LN-023445,171428.16
LN-005724,198433.53
LN-009933,39906.72
LN-025501,76742.97
LN-013848,88533.13
LN-000095,86634.11
LN-020556,556052.8
LN-000767,90332.96
LN-000359,6527.83
LN-011240,152163.56
LN-001011,58361.66
LN-023626,31169.29
LN-011158,148071.92
LN-010941,78932.58
LN-018976,58421.39
LN-013463,2022.07
LN-011061,117218.54
LN-015678,111367.6
LN-025447,86.89
LN-015138,74883.02
LN-003607,240377.55
LN-008127,82911.95
LN-023657,160252.6
LN-010738,145479.37
LN-025843,27494.16
LN-018621,215278.32
LN-007144,111185.71
LN-017709,24482.49
LN-007372,80894.21
LN-016037,114300.25
LN-008259,71.4
LN-021962,30593.17
LN-014130,67779.2
LN-004430,14757.39
LN-015102,251657.66
LN-014543,23119.51
LN-027082,115355.38
LN-018842,20955.85
LN-012341,407.47
LN-000269,102320.75
LN-017700,25804.4
LN-013300,95689.05
LN-000935,129528.66
LN-024633,1958.68
LN-017155,75835.97
LN-014986,1638.68
LN-011787,48052.91
LN-027235,60402.54
LN-002776,82152.74
LN-014682,65838.29
LN-028878,3682.38
LN-020775,71587.8
LN-019022,173698.14
LN-008373,49197.43
LN-006755,196105.9
LN-018705,30.23
LN-011673,129296.61
LN-005550,98665.42
LN-013831,41819.8
LN-005015,46579.98
LN-006155,191030.6
LN-015069,30.8
LN-003037,156752.3
LN-017800,133229.8
LN-023932,114736.57
LN-024486,38176.74
LN-006773,104685.68
LN-021127,35206.65
LN-023402,676.33
LN-009668,129765.9
LN-010404,474.05
LN-004896,337.29
LN-021204,70083.2
LN-019349,839.75
LN-025336,36854.89
LN-014872,1989.84
LN-000861,47923.42
LN-023823,52065.01
LN-011260,1336.3
LN-021432,51320.67
LN-001834,29.04
LN-028969,79464.63
LN-004315,32516.29
LN-019825,184987.17
LN-028971,98562.99
LN-028397,97719.51
LN-028119,278262.89
LN-010321,33623.85
LN-003144,29603.5
LN-011568,4858.52
LN-020663,30013.1
LN-017787,87064.72
LN-007416,219307.83
LN-004335,3172.79
LN-022076,99392.51
LN-024273,93488.94
LN-010830,29822.98
LN-009761,74015.31
LN-024861,106303.15
LN-003258,85787.02
LN-022575,155905.41
LN-018717,57926.37
LN-005091,3135.15
LN-004060,57638.61
LN-022933,49195.57
LN-015888,103.95
LN-010999,71286.66
LN-005430,61614.29
LN-027570,39612.13
LN-027299,12714.54
LN-010767,129773.81
LN-012050,122045.64
LN-017852,22754.43
LN-010730,3601.59
LN-029317,37984.45
LN-008349,53.4
LN-018816,587.42
LN-028553,70591.7
LN-019824,266.53
LN-013100,74828.92
LN-027072,1143.74
LN-026210,66724.97
LN-027367,966.21
LN-028725,89718.74
LN-011397,88089.06
LN-002470,140710.2
LN-028848,93760.21
LN-012326,79640.96
LN-000728,99658.34
LN-007313,45797.35
LN-022572,26.13
LN-005519,181864.88
LN-002472,35545.38
LN-012617,2017.24
LN-004857,82238.87
LN-017619,72805.22
LN-001279,49.92
LN-021217,130337.15
LN-018685,180.28
LN-027743,88635.62
LN-007554,66504.77
LN-006147,68984.56
LN-008135,13824.21
LN-023161,19335.81
LN-005379,169610.37
LN-023796,234.79
LN-023792,13097.25
LN-006286,43499.52
LN-022975,93680.88
LN-023518,730.11
LN-009311,277611.32
LN-007956,200215.44
LN-010492,33.78
LN-021110,62241.71
LN-022971,41581.57
LN-000167,38025.67
LN-016848,62239.25
LN-011995,150891.61
LN-022197,33147.03
LN-023885,78970.0
LN-020961,39007.24
LN-014846,139717.86
LN-010726,12639.13
LN-008714,31616.94
LN-018210,158610.32
LN-008845,1935.21
LN-026742,166180.0
LN-001315,23127.49
LN-008117,57089.03
LN-019585,191788.8
LN-008512,36509.13
LN-007495,50570.72
LN-018718,135418.4
LN-001752,115020.65
LN-025425,39017.04
LN-028408,24757.22
LN-022223,78321.79
LN-012352,533.38
LN-010673,158444.71
LN-002106,128238.21
LN-026619,144218.69
LN-010704,191742.5
LN-022696,71817.61
LN-012737,15839.02
LN-008330,44644.2
LN-014399,116991.96
LN-015171,18867.45
LN-000271,173792.52
LN-011221,4053.69
LN-009131,126754.29
LN-003893,48593.47
LN-002318,126166.99
LN-006565,205353.21
LN-018569,39655.64
LN-024410,28222.53
LN-005393,26029.51
LN-026240,105170.42
LN-014918,65321.11
LN-012084,227649.41
LN-014116,136.56
LN-001832,361.96
LN-013547,115347.92
LN-024040,151357.09
LN-001966,1818.97
LN-012134,84613.69
LN-029129,24.54
LN-027446,192505.49
LN-016531,51118.09
LN-001872,133984.34
LN-026399,70262.51
LN-007579,25527.29
LN-005344,24782.05
LN-007290,133741.45
LN-016554,136738.37
LN-002635,74995.64
LN-015683,287.54
LN-008545,1842.25
LN-014419,43084.62
LN-005268,124431.41
LN-026804,1039.88
LN-025767,119636.89
LN-001353,65747.84
LN-014974,175735.58
LN-026084,134646.32
LN-019049,1235.01
LN-012332,170665.48
LN-003769,65112.54
LN-027511,26981.73
LN-028367,26431.89
LN-020351,53880.04
LN-012397,98492.54
LN-025504,26796.01
LN-024872,587.87
LN-026752,1094.64
LN-015674,1804.63
LN-018530,1530.75
LN-004698,86799.01
LN-021502,126184.12
LN-014134,84952.28
LN-013362,160746.83
LN-011460,85055.64
LN-023588,14763.87
LN-004099,37496.86
LN-012088,236109.42
LN-012012,1318.88
LN-026430,113963.38
LN-018242,68849.06
LN-003401,108694.7
LN-023759,88049.57
LN-023088,2987.24
LN-022450,4609.65
LN-007957,73616.2
LN-016345,80802.28
LN-015253,181961.64
LN-022814,65382.27
LN-005783,818.89
LN-014473,79811.75
LN-005222,80189.26
LN-020008,2547.32
LN-001440,71237.72
LN-018907,19.76
LN-010608,16947.04
LN-021445,67212.14
LN-011148,130381.62
LN-020720,106469.64
LN-002671,36.9
LN-022864,227066.09
LN-013966,49784.56
LN-000312,140759.53
LN-024571,164379.22
LN-001331,33855.99
LN-025955,87152.46
LN-000049,98175.71
LN-000474,162040.68
LN-026255,98440.18
LN-018429,133145.42
LN-021787,351.36
LN-025013,43898.26
LN-000015,13890.25
LN-010109,64.22
LN-025671,67389.36
LN-006774,53960.55
LN-021433,2311.14
LN-009795,104088.15
LN-024354,815.63
LN-006491,30778.38
LN-004578,65403.68
LN-020212,20874.44
LN-006682,40252.75
LN-021942,184553.88
LN-003656,139025.65
LN-004259,1158.28
LN-007455,77659.06
LN-022538,35083.82
LN-028912,100139.55
LN-020477,31803.81
LN-016860,1875.44
LN-003834,30074.61
LN-013480,45790.52
LN-022755,32426.11
LN-019482,121335.42
LN-018217,35479.66
LN-021760,39931.21
LN-024590,98871.59
LN-007649,61027.16
LN-029318,139320.65
LN-016459,109605.66
LN-000801,74336.32
LN-015522,86020.68
LN-007572,166061.61
LN-024229,189658.89
LN-013569,35065.1
LN-016020,44429.36
LN-009164,2082.0
LN-003327,50729.6
LN-014079,182667.87
LN-028304,1662.4
LN-018954,1018.51
LN-002236,36102.6
LN-007524,69916.99
LN-006558,31506.56
LN-013587,132555.2
LN-017193,3313.31
LN-024347,29852.85
LN-026516,75003.45
LN-016751,86858.93
LN-003599,85312.46
LN-000938,89303.08
LN-000326,76747.9
LN-016894,89995.32
LN-015338,1702.11
LN-015326,49680.08
LN-009245,76582.39
LN-008405,3860.45
LN-015101,767.85
LN-001191,56510.93
LN-025255,80938.24
LN-025888,29.72
LN-019879,26644.99
LN-017939,31824.41
LN-026171,2127.8
LN-021951,174.25
LN-008907,650.52
LN-015132,212.13
LN-007308,64883.52
LN-014921,21764.0
LN-017385,26.93
LN-028630,79501.45
LN-008603,344100.04
LN-019526,30570.87
LN-004626,51787.16
LN-015041,47141.08
LN-022245,125774.58
LN-011095,46656.02
LN-008161,229620.3
LN-016540,31.75
LN-015988,630.37
LN-021995,16853.1
LN-019871,17036.79
LN-006098,114705.58
LN-017721,34558.87
LN-006688,39306.58
LN-008943,127762.11
LN-000361,123116.78
LN-010411,6508.83
LN-018626,79905.64
LN-023731,47044.4
LN-003023,25536.12
LN-014118,243112.74
LN-027402,48745.12
LN-028859,36630.07
LN-014753,70697.64
LN-001089,80.04
LN-028858,140971.11
LN-014031,33.34
LN-022326,84219.13
LN-008359,71291.98
LN-028374,79392.81
LN-013635,74980.96
LN-020758,113647.72
LN-022854,31523.3
LN-015533,24130.25
LN-002868,5150.04
LN-026438,3905.49
LN-003216,58572.27
LN-026766,170362.8
LN-007019,42085.58
LN-008666,1454.36
LN-002372,192823.12
LN-000165,16467.0
LN-008919,216360.39
LN-018351,107239.03
LN-014202,100829.08
LN-024772,101853.12
LN-026208,116485.36
LN-011537,91240.32
LN-019737,74572.78
LN-017622,99480.19
LN-026806,123367.29
LN-025979,39852.97
LN-006658,82.68
LN-024690,89411.59
LN-013024,69.27
LN-000256,22660.63
LN-018999,2382.48
LN-025298,68546.78
LN-028200,165022.28
LN-004136,151943.95
LN-008772,20472.14
LN-003559,53308.42
LN-028813,83168.56
LN-027731,17342.06
LN-009535,225014.79
LN-004062,16875.72
LN-015466,29.16
LN-021144,9428.04
LN-015968,94035.72
LN-021091,32357.48
LN-023378,1859.59
LN-017666,16546.28
LN-021780,126614.19
LN-019321,89870.92
LN-020648,4082.29
LN-008756,879.72
LN-011532,23273.88
LN-007915,14.86
LN-027840,46096.67
LN-005187,377.0
LN-003514,56241.3
LN-000902,305.63
LN-006962,79.02
LN-013223,60136.3
LN-022655,161957.48
LN-004985,105032.42
LN-014908,46248.66
LN-004339,1357.64
LN-005261,78472.22
LN-021714,94355.06
LN-008102,7872.58
LN-016111,103688.42
LN-017880,41122.79
LN-015414,21434.53
LN-003005,329213.93
LN-011465,74385.92
LN-017656,804.93
LN-006234,99170.12
LN-019876,193351.49
LN-012248,40403.73
LN-008804,33669.9
LN-003722,202805.14
LN-018160,113650.37
LN-012996,35175.19
LN-023366,2059.29
LN-004646,3130.74
LN-009029,1939.6
LN-012048,120876.98
LN-007805,55079.47
LN-012487,131918.8
LN-008744,41859.28
LN-024069,92519.12
LN-006211,46813.74
LN-009097,69205.14
LN-003281,141915.86
LN-010737,113347.47
LN-021580,23936.51
LN-027462,784.97
LN-014368,7632.12
LN-028521,72315.74
LN-011853,125685.63
LN-004556,93769.42
LN-015438,56420.66
LN-010993,68133.7
LN-024748,757.9
LN-015825,203593.96
LN-018896,34919.26
LN-018441,19591.5
LN-009172,66354.58
LN-028785,74526.77
LN-011458,44713.89
LN-027745,79127.19
LN-017581,136216.7
LN-005212,30728.08
LN-003719,39938.35
LN-027825,144674.11
LN-011751,195437.65
LN-015699,26004.58
LN-014145,85855.8
LN-009809,18473.33
LN-025997,903.31
LN-016784,91249.39
LN-017727,110858.26
LN-016208,798.43
LN-006534,74035.42
LN-022413,47772.26
LN-015843,108181.59
LN-021163,71569.35
LN-028946,37404.79
LN-027156,88286.64
LN-006896,92279.78
LN-015824,6360.41
LN-028771,58024.27
LN-020498,41061.35
LN-000774,2384.84
LN-016205,168232.18
LN-016501,39957.97
LN-000440,27814.52
LN-010458,114682.96
LN-024022,146307.94
LN-016246,66976.08
LN-027512,2367.28
LN-028151,708.33
LN-018545,35.73
LN-002235,137166.66
LN-028613,82717.47
LN-009718,18606.65
LN-019709,474.54
LN-007300,183263.78
LN-010879,46741.99
LN-019130,93074.74
LN-020238,260.06
LN-021639,137646.75
LN-002582,330.34
LN-011450,35506.09
LN-004783,75545.29
LN-026985,41223.97
LN-026893,26.2
LN-005208,44420.25
LN-011834,179338.94
LN-002897,22953.46
LN-016728,205957.34
LN-004484,151093.09
LN-017989,1258.2
LN-020170,8214.31
LN-006617,18118.91
LN-016470,200623.26
LN-024593,103.1
LN-009710,32352.09
LN-005839,71886.38
LN-001312,73.96
LN-028183,177443.26
LN-022987,36060.56
LN-023845,30073.41
LN-016791,30803.68
LN-017806,89192.94
LN-027929,53097.0
LN-008548,154304.08
LN-007740,5108.38
LN-003748,142745.72
LN-010267,34728.88
LN-025810,140229.78
LN-010716,49922.08
LN-016691,84017.05
LN-000258,81161.38
LN-008748,136678.78
LN-012543,24584.03
LN-024386,1592.52
LN-017961,53628.03
LN-027459,195110.46
LN-014171,125.41
LN-006588,76947.17
LN-010777,68247.13
LN-010915,43483.21
LN-004142,205768.8
LN-015803,40819.85
LN-001474,49811.56
LN-018651,2174.87
LN-000220,39823.41
LN-028417,127064.36
LN-009075,20776.77
LN-027100,101332.82
LN-002138,162878.61
LN-028021,49474.6
LN-017289,168596.92
LN-022716,61703.41
LN-014937,228709.79
LN-015792,29416.6
LN-013968,668.89
LN-011846,62208.57
LN-000622,56152.96
LN-012422,90536.37
LN-026509,36472.66
LN-001083,294378.23
LN-023266,17899.99
LN-022818,122422.7
LN-012121,1559.88
LN-025465,57126.48
LN-019449,17400.18
LN-001455,39496.21
LN-020548,26497.25
LN-017496,159783.64
LN-020405,237.17
LN-004173,77317.71
LN-015698,39730.36
LN-001975,105967.79
LN-025984,24354.58
LN-021949,152090.43
LN-022424,43643.67
LN-015592,218054.64
LN-017171,22014.22
LN-004784,35916.24
LN-008959,22952.52
LN-003945,65341.13
LN-012225,1271.49
LN-011527,87746.39
LN-027473,161623.14
LN-015587,79139.74
LN-025396,126733.8
LN-027489,115083.54
LN-009561,104167.07
LN-028153,35855.95
LN-004803,31475.74
LN-026361,72309.13
LN-025595,1216.14
LN-021557,68652.65
LN-024794,2455.09
LN-000047,13849.29
LN-001873,86940.25
LN-028023,65754.26
LN-019261,75660.82
LN-000731,41174.34
LN-013055,895.57
LN-008390,74714.15
LN-006583,19130.48
LN-006336,97702.33
LN-019875,147244.02
LN-020415,676.12
LN-007697,40050.7
LN-011440,569.53
LN-015515,24846.01
LN-014755,42435.15
LN-018639,20690.79
LN-019111,35429.41
LN-022792,60271.16
LN-012057,56144.45
LN-002580,173416.28
LN-013102,1101.27
LN-001896,95348.64
LN-019407,122170.18
LN-009972,42928.58
LN-006609,161122.42
LN-017373,1067.87
LN-021255,71128.72
LN-016191,116727.6
LN-027534,75911.96
LN-028011,86714.95
LN-018701,78613.57
LN-003787,88887.8
LN-027059,1039.51
LN-026727,60159.81
LN-028565,111667.97
LN-020865,38258.45
LN-014554,630.44
LN-015600,688.52
LN-027210,12902.23
LN-024117,139.12
LN-029004,71903.43
LN-003052,40577.0
LN-004427,77834.23
LN-012714,17944.73
LN-007721,37926.85
LN-011160,144028.09
LN-009466,36338.67
LN-013329,85790.53
LN-005272,22623.24
LN-008197,2189.55
LN-007749,42570.55
LN-010042,26882.38
LN-027980,133457.15
LN-020591,38332.32
LN-009287,138186.51
LN-023542,82172.41
LN-000969,3922.18
LN-028341,4115.1
LN-025391,66129.67
LN-022681,3170.74
LN-028404,1655.66
LN-024484,30164.83
LN-028622,72545.14
LN-027850,126107.27
LN-009706,25008.41
LN-027370,89594.41
LN-012230,56682.52
LN-027046,43858.98
LN-023134,249711.16
LN-014987,122896.68
LN-011093,172885.76
LN-013722,55266.82
LN-028007,1853.76
LN-000946,40296.98
LN-018562,165501.34
LN-010333,25168.57
LN-025409,83165.52
LN-011285,175284.96
LN-010441,90566.26
LN-021505,48823.34
LN-015349,43508.09
LN-003150,257865.4
LN-008340,107226.03
LN-015095,26328.56
LN-018114,11823.4
LN-013881,118588.06
LN-027407,104275.81
LN-006419,302546.06
LN-025623,98459.41
LN-018101,64629.5
LN-001921,199053.27
LN-018517,40080.64
LN-019403,100248.45
LN-019357,66436.74
LN-026072,58060.48
LN-016171,80176.67
LN-025990,86078.44
LN-022590,9320.74
LN-010705,121480.42
LN-004092,63557.77
LN-006508,30624.39
LN-004962,22403.0
LN-005870,72497.75
LN-010780,90961.78
LN-004948,67533.62
LN-022297,207720.5
LN-024175,64063.33
LN-010646,99077.92
LN-021186,73071.11
LN-014531,25001.62
LN-008770,102618.47
LN-009021,52071.82
LN-014521,33209.24
LN-012321,47329.87
LN-008652,24938.57
LN-007223,21685.66
LN-008304,60398.0
LN-026126,43264.6
LN-025852,100365.8
LN-019120,225679.53
LN-015121,470.88
LN-007436,168159.69
LN-026828,48333.32
LN-001640,887.34
LN-019129,28090.97
LN-012080,11.28
LN-028111,1886.87
LN-024258,168989.08
LN-003322,86.3
LN-020396,68922.1
LN-023682,139692.63
LN-023071,20015.81
LN-018423,98541.18
LN-025931,5653.48
LN-005680,670.49
LN-008066,36250.88
LN-022241,50794.66
LN-014295,39807.26
LN-014063,58906.28
LN-029103,73162.42
LN-028510,41756.04
LN-005066,182734.44
LN-025863,163.3
LN-002299,73275.21
LN-016925,1016.62
LN-015193,21638.7
LN-008031,309.93
LN-020848,215443.59
LN-029130,32462.11
LN-008745,103221.99
LN-011113,84189.52
LN-008734,131939.93
LN-023835,29455.3
LN-010867,157240.16
LN-004717,38907.67
LN-003026,100031.49
LN-021250,155826.42
LN-022020,105148.25
LN-002695,4006.28
LN-006092,65848.17
LN-019723,18382.49
LN-027341,39477.89
LN-010614,70551.0
LN-008131,129025.26
LN-001346,92951.58
LN-019664,5817.76
LN-015127,202109.32
LN-002137,37099.55
LN-011101,104742.18
LN-026671,8429.43
LN-013380,40711.61
LN-017980,69704.23
LN-011930,36747.94
LN-002398,45919.56
LN-028746,28.05
LN-017099,63376.32
LN-024815,12.09
LN-009981,42725.93
LN-006467,1959.07
LN-013312,23463.82
LN-019653,12607.74
LN-024663,50196.28
LN-023881,119017.96
LN-005311,115717.51
LN-020853,62602.8
LN-027258,89852.16
LN-002583,219.07
LN-005119,333926.72
LN-013470,133103.45
LN-019565,173679.39
LN-008495,3528.0
LN-007642,54701.05
LN-026428,37620.81
LN-015407,70012.81
LN-024965,80150.58
LN-018634,127355.9
LN-007100,19141.02
LN-025586,11236.79
LN-024657,45291.79
LN-002900,126007.72
LN-019989,173181.84
LN-027556,1674.86
LN-024578,33571.85
LN-015187,4795.86
LN-027255,79339.84
LN-015424,823.08
LN-025404,87266.59
LN-028294,854.97
LN-026678,200885.73
LN-003169,42205.55
LN-008730,44526.71
LN-023198,9138.17
LN-028299,2314.04
LN-025115,61453.07
LN-008134,84938.24
LN-016233,24.3
LN-026967,96881.91
LN-000254,3911.85
LN-022191,19932.08
LN-023817,36787.9
LN-011654,90116.44
LN-021688,259502.92
LN-019370,538.0
LN-005750,79980.63
LN-019309,122863.07
LN-012081,9114.89
LN-021637,90092.45
LN-005299,108399.44
LN-021554,32084.59
LN-022945,31471.04
LN-016367,48767.52
LN-000680,167484.06
LN-009610,38867.04
LN-001947,184333.16
LN-012946,100428.15
LN-027965,45281.93
LN-006873,75242.56
LN-009541,2125.48
LN-005708,126926.22
LN-028933,98019.78
LN-028109,52063.36
LN-018257,42243.13
LN-001634,72901.56
LN-020570,108536.81
LN-002078,79665.93
LN-004886,41.54
LN-022869,44925.28
LN-013744,73306.97
LN-027172,133527.21
LN-018463,30634.39
LN-003944,171208.07
LN-023898,36663.91
LN-018884,105540.95
LN-007248,10128.9
LN-028887,22965.8
LN-023052,173406.13
LN-012533,109697.23
LN-026846,141329.46
LN-028708,38964.57
LN-013539,155409.88
LN-005461,3764.53
LN-007781,6910.05
LN-006953,177588.87
LN-027328,134247.95
LN-026311,65047.73
LN-021606,149439.81
LN-019510,122202.58
LN-026116,852.51
LN-016465,44240.07
LN-002051,58793.75
LN-023860,154519.29
LN-027814,42031.32
LN-010755,93193.76
LN-016923,12986.85
LN-004165,40913.35
LN-007873,36551.28
LN-003444,354.18
LN-006832,229848.69
LN-007507,30305.05
LN-001161,42075.86
LN-028389,185629.83
LN-016314,579.06
LN-010929,131289.39
LN-011387,59450.42
LN-008516,2119.03
LN-013535,167423.05
LN-028009,52932.93
LN-028263,97161.58
LN-028857,29724.54
LN-018018,92056.72
LN-004576,7656.0
LN-019757,57403.88
LN-026638,70157.96
LN-025909,27683.26
LN-023299,62599.28
LN-026528,149224.63
LN-015680,45409.11
LN-002918,174895.48
LN-005560,111941.49
LN-017232,2492.26
LN-017403,71622.25
LN-001144,58240.99
LN-014412,115647.49
LN-023449,220391.05
LN-000784,42784.72
LN-003862,1142.96
LN-021085,857.75
LN-009964,43646.32
LN-014197,6068.36
LN-022970,294.08
LN-024470,150249.68
LN-007289,17197.52
LN-025636,26278.8
LN-007267,531.27
LN-020814,123562.05
LN-025883,61123.71
LN-014561,90980.19
LN-004305,111032.76
LN-026319,135851.56
LN-011585,125287.42
LN-014451,93637.99
LN-001470,61629.77
LN-027852,32930.29
LN-025492,2837.76
LN-015387,18175.28
LN-006666,70198.94
LN-000037,31154.7
LN-011972,3128.38
LN-024405,76889.09
LN-009746,336213.71
LN-024567,4436.94
LN-005416,50995.72
LN-019142,224.74
LN-024715,46229.14
LN-009089,51817.93
LN-020126,85549.61
LN-009596,10033.77
LN-008537,671.98
LN-025127,70816.49
LN-000853,126589.4
LN-007433,35.21
LN-021537,171559.83
LN-013389,336944.98
LN-009859,1106.51
LN-004090,107849.59
LN-023159,28670.73
LN-007603,19121.4
LN-016726,91789.18
LN-014471,73801.58
LN-024198,36136.99
LN-014756,187484.58
LN-026645,2949.26
LN-010422,45000.45
LN-017912,117990.07
LN-002369,125760.43
LN-019734,222775.75
LN-010014,172995.3
LN-015542,126096.19
LN-000423,53227.29
LN-000060,100036.75
LN-021666,86969.15
LN-013015,1844.87
LN-006784,233808.89
LN-001186,255324.02
LN-022346,77415.72
LN-020688,142274.59
LN-008797,102629.05
LN-006735,72310.43
LN-009390,120323.64
LN-024789,61962.16
LN-000869,82788.33
LN-020474,37579.08
LN-029155,34827.26
LN-022980,73934.02
LN-020030,698.49
LN-001785,55525.26
LN-012783,37796.66
LN-000564,18550.43
LN-000357,54809.07
LN-015198,2343.13
LN-011291,89964.86
LN-016243,64477.68
LN-023653,137277.47
LN-019210,56161.24
LN-015260,448.13
LN-023901,146325.92
LN-008194,4579.63
LN-007863,87299.03
LN-012129,136964.64
LN-026744,72465.17
LN-006002,39117.37
LN-006329,172565.29
LN-024476,120627.0
LN-024911,38750.6
LN-008011,145524.3
LN-028274,332.64
LN-025634,177082.75
LN-027975,240660.22
LN-012639,674.31
LN-006488,159600.31
LN-000369,185982.81
LN-024995,101365.95
LN-007936,88206.9
LN-000876,98646.46
LN-027305,1545.69
LN-027940,133190.04
LN-015630,30053.58
LN-010697,29265.31
LN-000265,54040.78
LN-026799,1077.1
LN-018006,66279.15
LN-006250,15601.97
LN-027350,73522.41
LN-006191,58075.33
LN-004990,2549.0
LN-014436,120352.45
LN-022007,155325.46
LN-024457,74023.53
LN-026009,106148.13
LN-024869,113360.26
LN-016438,38932.93
LN-004764,1143.41
LN-015949,35210.92
LN-003555,76801.7
LN-004295,270836.3
LN-023069,26815.27
LN-018352,17053.9
LN-001506,1878.47
LN-015646,109075.25
LN-000920,32402.86
LN-020491,110206.79
LN-009552,60775.82
LN-006475,1779.52
LN-013676,92125.18
LN-014517,689.84
LN-018173,76588.93
LN-000131,474.88
LN-008767,31397.16
LN-029258,153408.39
LN-013301,61276.11
LN-012706,23055.15
LN-006582,75190.59
LN-015324,2464.6
LN-022656,81772.41
LN-027779,119461.74
LN-001258,58640.42
LN-004100,6281.8
LN-006738,54230.81
LN-008171,59395.48
LN-001156,19133.46
LN-013591,106153.57
LN-019354,184018.25
LN-007441,27510.69
LN-000200,75452.29
LN-023963,226621.62
LN-016997,26367.57
LN-010958,37531.69
LN-008944,241128.51
LN-027244,180003.48
LN-002291,979.86
LN-023820,105628.21
LN-015951,29220.08
LN-019923,152301.3
LN-018484,62031.92
LN-016770,22758.27
LN-015631,2930.03
LN-021095,41566.47
LN-025641,8767.76
LN-000726,190978.1
LN-007263,18488.17
LN-011761,41142.97
LN-004316,75914.51
LN-028614,79354.96
LN-016512,33062.81
LN-023739,1123.84
LN-012102,62697.24
LN-025456,100164.56
LN-013291,76619.17
LN-003993,21.11
LN-004204,46544.38
LN-014784,65180.77
LN-021209,19573.67
LN-011799,55896.31
LN-013143,46438.98
LN-007911,94715.48
LN-012083,23102.24
LN-003821,70543.86
LN-027387,37044.32
LN-000302,40348.83
LN-024511,146954.74
LN-011514,1380.21
LN-026069,36608.7
LN-021997,158199.11
LN-005394,2791.51
LN-013980,144139.89
LN-000544,32356.89
LN-027553,1776.1
LN-016192,119423.73
LN-004392,46403.51
LN-024196,97913.41
LN-021328,29950.39
LN-004719,92520.06
LN-005570,200024.15
LN-028163,187858.76
LN-013095,131497.58
LN-017839,175289.06
LN-017879,27766.0
LN-011662,159.16
LN-008866,18390.77
LN-007188,1601.82
LN-016031,19606.45
LN-025778,33841.34
LN-001934,35405.89
LN-022740,21.74
LN-006354,50594.22
LN-007496,113373.98
LN-021721,109432.33
LN-001691,192.21
LN-007868,62274.41
LN-026503,58773.51
LN-012994,25179.05
LN-001106,32707.16
LN-008644,113932.25
LN-004054,147220.03
LN-026995,69011.63
LN-022348,116031.55
LN-013099,139297.27
LN-011522,1508.91
LN-025312,336.17
LN-002232,53610.64
LN-006016,38799.46
LN-011308,211841.69
LN-009656,30385.5
LN-028612,119420.84
LN-007992,114850.95
LN-027678,88051.45
LN-025211,165914.04
LN-013783,28540.08
LN-010452,104647.43
LN-014966,31078.31
LN-022800,159727.08
LN-018003,52316.36
LN-016471,36174.55
LN-002546,154123.66
LN-013144,40751.23
LN-019654,2016.26
LN-016851,129392.52
LN-004612,1034.34
LN-027829,3887.92
LN-008754,240487.4
LN-014808,122208.38
LN-023861,244316.39
LN-011513,201590.17
LN-017468,132645.87
LN-029152,36.55
LN-020375,113026.49
LN-022483,114270.96
LN-028076,47179.72
LN-018024,171354.64
LN-019239,8051.55
LN-001222,24816.61
LN-007478,111913.14
LN-006758,21385.64
LN-008196,73103.29
LN-012269,40919.86
LN-000139,126.92
LN-019558,66026.84
LN-018746,23343.83
LN-009967,13527.83
LN-020675,199075.15
LN-010177,113875.36
LN-000578,207820.77
LN-020313,98792.45
LN-019434,2624.37
LN-007078,33930.71
LN-020162,214183.2
LN-001901,123101.25
LN-019110,25309.54
LN-014034,156095.44
LN-019999,141728.16
LN-023185,139662.94
LN-010555,156768.27
LN-004419,115343.57
LN-016426,46667.51
LN-008425,2310.94
LN-024970,85658.49
LN-019377,109221.99
LN-016944,82067.26
LN-011351,55635.44
LN-024649,110334.4
LN-003700,48560.83
LN-018996,97116.26
LN-011425,1178.89
LN-014147,73006.38
LN-009867,47907.16
LN-016291,41542.8
LN-018130,196183.21
LN-015720,113902.73
LN-024850,172279.71
LN-018546,43467.29
LN-013777,395.74
LN-013860,52176.11
LN-014224,41513.68
LN-018360,22447.29
LN-011911,109700.64
LN-014797,50228.26
LN-005097,136332.22
LN-010331,150322.36
LN-010226,1896.8
LN-027871,16791.54
LN-017345,49430.02
LN-024770,37796.07
LN-024446,162983.03
LN-019395,103194.02
LN-004610,74560.46
LN-007262,156172.27
LN-026871,823.38
LN-028032,66350.9
LN-014700,91007.91
LN-018873,20337.35
LN-000658,50450.99
LN-012302,134405.99
LN-009003,144891.0
LN-027889,1044.42
LN-019659,91152.53
LN-009504,141633.68
LN-008896,82935.38
LN-021928,83185.99
LN-018053,174354.14
LN-012074,87843.54
LN-022164,114407.09
LN-026054,138510.19
LN-013886,142419.71
LN-007965,142546.02
LN-022356,84654.1
LN-023716,31693.35
LN-011910,242908.39
LN-006175,74730.42
LN-021083,77837.32
LN-024926,22.35
LN-023411,90580.39
LN-023993,7852.42
LN-001977,148304.96
LN-006665,52060.79
LN-020977,53165.04
LN-008589,68838.37
LN-023777,167044.41
LN-010188,51071.58
LN-020757,61938.01
LN-028909,6.82
LN-009819,153036.08
LN-012245,188652.79
LN-001141,112304.02
LN-000446,79523.6
LN-011790,91458.21
LN-008567,35840.88
LN-021028,127812.06
LN-010964,761.5
LN-000507,75298.5
LN-011076,46284.86
LN-026481,122823.97
LN-002026,32115.26
LN-005667,17931.27
LN-020896,49290.98
LN-006620,214670.56
LN-022904,157979.31
LN-020964,17177.5
LN-005500,225418.11
LN-000709,62193.49
LN-004969,57017.47
LN-000614,4960.1
LN-017260,26342.56
LN-020101,19234.72
LN-013472,7461.23
LN-005218,178860.71
LN-025686,2605.37
LN-005510,79016.22
LN-000268,38444.44
LN-020323,660.0
LN-001334,138497.23
LN-020924,34966.79
LN-028767,27493.21
LN-005576,6102.0
LN-015851,239597.95
LN-005523,23.97
LN-009436,248232.03
LN-004198,32862.19
LN-014702,12708.01
LN-018645,137591.21
LN-001010,198834.6
LN-013992,12315.11
LN-019584,42997.0
LN-001451,65992.53
LN-023106,28173.91
LN-014381,137971.09
LN-023290,43303.32
LN-010400,88668.39
LN-014377,1725.24
LN-023477,99730.86
LN-013046,2057.34
LN-013631,120641.59
LN-020891,25491.43
LN-007845,61635.54
LN-025791,188980.42
LN-008327,66450.13
LN-008144,111519.24
LN-007510,164945.01
LN-007578,178178.6
LN-027909,77104.43
LN-011400,842.81
LN-007200,36404.32
LN-021352,76071.03
LN-011196,95769.29
LN-013485,111248.76
LN-003138,52084.22
LN-021667,2307.96
LN-028307,107609.34
LN-026070,186027.66
LN-015077,47070.2
LN-016594,51778.48
LN-006539,107048.08
LN-023022,64556.94
LN-024806,62395.87
LN-002737,86350.75
LN-015264,99980.25
LN-024543,3587.4
LN-018303,57152.73
LN-005469,67264.98
LN-009730,1207.15
LN-005196,62489.09
LN-015410,124365.5
LN-013506,165801.8
LN-017530,137850.03
LN-006826,67952.26
LN-013559,149729.9
LN-013773,13783.06
LN-020481,154013.98
LN-019761,156525.93
LN-022815,67558.27
LN-004178,49561.6
LN-023807,158998.18
LN-023977,27270.18
LN-008319,2044.23
LN-008965,67162.27
LN-016420,74923.67
LN-006622,80356.71
LN-012555,85947.03
LN-027301,10720.93
LN-014263,276947.43
LN-001779,2140.52
LN-014733,247369.81
LN-019273,45487.12
LN-012151,139116.78
LN-002877,15871.58
LN-006244,73.83
LN-019904,30650.89
LN-028819,133105.03
LN-012741,26886.86
LN-014218,189597.18
LN-013804,13818.72
LN-007445,27528.28
LN-001330,178721.45
LN-022561,48953.35
LN-009843,5004.51
LN-023414,114377.65
LN-022114,167425.6
LN-014305,73121.0
LN-006249,127759.1
LN-015033,24583.04
LN-014821,24548.27
LN-001383,36425.56
LN-001813,64679.05
LN-016254,88173.1
LN-004451,16706.51
LN-014375,300.07
LN-004032,146178.23
LN-015114,32306.17
LN-017636,78475.26
LN-016081,25874.99
LN-016131,116643.91
LN-008947,2296.59
LN-020148,191851.4
LN-007050,116688.65
LN-023568,72971.36
LN-007723,348473.86
LN-022886,51031.7
LN-029078,135929.96
LN-015378,120790.49
LN-005000,104303.61
LN-027598,146916.89
LN-011534,1273.37
LN-018988,122627.81
LN-008306,45367.16
LN-002009,105355.09
LN-015504,177125.81
LN-022234,50706.52
LN-015040,242.4
LN-002313,92589.04
LN-010652,118139.82
LN-014518,54789.56
LN-028020,19592.83
LN-010846,419.44
LN-002915,2881.6
LN-010557,143771.39
LN-019556,66380.22
LN-020163,26196.54
LN-014417,119358.3
LN-027223,1075.05
LN-009086,37656.75
LN-021921,3834.22
LN-006759,321378.04
LN-015312,20606.5
LN-017082,112827.89
LN-005746,37182.17
LN-016415,68858.73
LN-006911,51941.22
LN-004829,28300.85
LN-008796,35255.8
LN-005405,100929.58
LN-010633,19925.95
LN-007866,122764.51
LN-024549,230.96
LN-021857,69314.49
LN-024846,70213.18
LN-022132,74108.64
LN-010217,45.02
LN-010386,31024.33
LN-014771,158589.44
LN-000197,420.29
LN-013716,22244.87
LN-008467,44452.54
LN-000552,544.68
LN-002655,82131.15
LN-001791,82112.86
LN-020398,2367.65
LN-023055,964.31
LN-019828,91786.07
LN-029198,1626.03
LN-022458,61182.24
LN-017718,12546.69
LN-014001,60881.86
LN-005997,238633.54
LN-004874,381.02
LN-006402,40352.83
LN-015251,125170.83
LN-001607,387.58
LN-003711,102854.15
LN-022366,60834.04
LN-005918,23303.97
LN-025558,17508.57
LN-021191,2377.19
LN-004684,237748.71
LN-012335,134790.06
LN-019632,94583.63
LN-020452,56928.88
LN-003949,21611.9
LN-016919,151131.95
LN-009792,39646.84
LN-021974,77832.28
LN-010432,81400.93
LN-010563,43474.69
LN-022819,79649.44
LN-005170,102207.87
LN-011730,51697.03
LN-020789,28243.2
LN-007307,52611.09
LN-022990,110933.26
LN-020301,1185.7
LN-016771,85461.52
LN-020606,87713.9
LN-016001,27.16
LN-024964,255.61
LN-016481,19291.2
LN-028413,34319.92
LN-009820,101897.79
LN-009924,121206.82
LN-019400,156934.19
LN-016595,106936.37
LN-007142,35.69
LN-002807,86761.19
LN-013157,63383.88
LN-023947,45690.71
LN-010881,197907.48
LN-029069,25472.85
LN-010509,171704.23
LN-001936,6478.85
LN-019046,1195.18
LN-002043,31502.32
LN-025116,80507.35
LN-016547,79.01
LN-005903,176031.26
LN-005168,4552.9
LN-023319,44115.27
LN-001076,54972.58
LN-001236,148656.67
LN-021385,39742.03
LN-014791,53298.24
LN-013844,38163.31
LN-011957,105670.53
LN-006519,180485.62
LN-019223,66693.27
LN-014404,206777.53
LN-013969,1216.51
LN-020064,224009.25
LN-011190,76624.94
LN-003255,132677.72
LN-001333,295.54
LN-009637,48.23
LN-019551,168667.59
LN-014775,51741.34
LN-007831,40964.33
LN-003883,94896.8
LN-022022,173793.62
LN-015520,290457.13
LN-021346,440.36
LN-015970,917.82
LN-005124,68619.41
LN-017263,22485.71
LN-026722,51580.58
LN-006264,129205.77
LN-008455,954.63
LN-011817,205952.88
LN-010253,76781.02
LN-008786,24375.58
LN-002283,1895.33
LN-012164,764.79
LN-019263,20505.1
LN-022851,129396.34
LN-011622,62092.7
LN-004343,90707.71
LN-002307,53616.07
LN-022540,137200.12
LN-001806,15316.63
LN-008109,57702.13
LN-015685,96149.18
LN-003088,43482.19
LN-013768,69968.55
LN-002230,327.7
LN-013240,106629.75
LN-018408,32045.33
LN-028678,113309.59
LN-028884,60370.68
LN-021640,70882.52
LN-027044,124926.71
LN-000215,384213.71
LN-024488,56414.14
LN-006313,123325.33
LN-010674,56019.6
LN-005548,30296.45
LN-001050,65217.98
LN-026803,61384.83
LN-012618,63149.04
LN-008854,478.44
LN-023479,46872.0
LN-003290,22462.33
LN-005001,84368.45
LN-012355,132730.84
LN-007720,113709.47
LN-014104,25076.69
LN-028606,42577.18
LN-029248,174174.58
LN-004262,92324.23
LN-013941,41824.43
LN-005090,76032.09
LN-025647,74418.61
LN-016655,36906.89
LN-022738,148765.74
LN-025754,312.01
LN-000886,161.16
LN-024136,112469.57
LN-022434,165863.93
LN-019079,198999.12
LN-017218,126667.85
LN-003101,82551.41
LN-008357,115613.67
LN-017905,120884.71
LN-014807,22489.98
LN-003439,1941.48
LN-025730,27741.14
LN-005477,145009.27
LN-017146,61196.13
LN-002748,342.56
LN-000907,45886.39
LN-014641,89865.33
LN-013030,77244.3
LN-006449,150557.2
LN-026445,36605.83
LN-007670,2729.69
LN-019796,100817.36
LN-001120,4095.02
LN-023715,65910.93
LN-022057,188491.66
LN-025596,395.47
LN-027140,104.96
LN-028936,72062.09
LN-020748,1069.59
LN-012368,39768.09
LN-006078,30782.2
LN-014401,26987.08
LN-006595,12604.83
LN-026541,59.06
LN-003051,71694.88
LN-002516,185150.16
LN-026111,615.01
LN-021458,292556.81
LN-011694,52342.34
LN-004614,150273.94
LN-017790,173335.37
LN-008289,31431.71
LN-021086,96611.24
LN-025275,152447.3
LN-012713,204316.7
LN-022901,100330.09
LN-019341,134098.51
LN-002226,56646.55
LN-011533,1428.26
LN-007940,99658.1
LN-000722,58442.51
LN-007449,64656.29
LN-023631,57406.11
LN-023712,91070.03
LN-003619,43890.61
LN-002501,45151.06
LN-026203,2069.69
LN-004562,181958.66
LN-025408,160583.26
LN-018383,18282.87
LN-025875,206014.03
LN-011824,25728.04
LN-012477,24645.03
LN-022941,61532.95
LN-005931,201378.0
LN-026646,21233.98
LN-000806,154125.16
LN-012510,143676.25
LN-003520,66652.6
LN-012673,108904.25
LN-003582,89193.57
LN-024712,82239.68
LN-026715,48155.55
LN-006262,86.49
LN-029011,5693.74
LN-022426,120306.78
LN-022719,57643.69
LN-025347,21830.48
LN-011505,122080.66
LN-021539,42017.64
LN-025930,51.28
LN-009945,2793.23
LN-023148,122955.48
LN-026574,2329.51
LN-026844,67378.75
LN-014262,2533.81
LN-021425,216189.17
LN-012691,93368.35
LN-019332,123840.72
LN-019190,61809.89
LN-023354,43820.72
LN-008435,198654.77
LN-011978,79898.74
LN-003303,146755.64
LN-018815,56247.31
LN-026392,34471.61
LN-014456,107724.9
LN-027371,746.42
LN-012486,274450.6
LN-005788,58528.81
LN-028297,38214.43
LN-009169,119864.68
LN-010139,204922.38
LN-004257,67628.3
LN-013260,11859.3
LN-023512,176.91
LN-021148,236122.72
LN-020117,188398.31
LN-019435,2478.35
LN-018469,108901.34
LN-010117,24053.52
LN-024516,387.49
LN-000866,48099.14
LN-027369,179403.73
LN-004194,3391.19
LN-015782,26869.7
LN-008188,47753.93
LN-002141,186330.93
LN-020459,20179.43
LN-015778,58767.59
LN-023147,95340.82
LN-009851,5104.23
LN-009648,116.54
LN-011631,65114.73
LN-003083,148420.32
LN-021764,55149.12
LN-006918,150654.88
LN-004633,1108.29
LN-014917,66950.27
LN-006877,15195.14
LN-012280,23346.15
LN-013442,136117.95
LN-027720,18434.02
LN-013632,58202.04
LN-011528,9322.81
LN-019881,38432.88
LN-008591,45709.01
LN-015310,156096.79
LN-003900,128376.97
LN-001366,70747.17
LN-007625,63547.52
LN-000133,4180.0
LN-014062,143344.66
LN-027019,97405.95
LN-014160,68693.31
LN-015718,80.32
LN-002678,109270.88
LN-015623,233678.86
LN-021497,17663.53
LN-005095,583.51
LN-026008,39082.96
LN-013057,38844.85
LN-003573,26780.11
LN-024569,271.88
LN-001725,49394.64
LN-019159,30300.83
LN-027438,1681.3
LN-000365,80937.37
LN-012388,50334.27
LN-017505,124752.12
LN-029309,38371.41
LN-005841,35240.05
LN-017064,37212.34
LN-004252,120751.6
LN-008894,1764.46
LN-013412,158787.52
LN-016309,28189.52
LN-023204,202968.38
LN-028067,19105.5
LN-022966,69502.08
LN-006791,1880.73
LN-010935,102787.75
LN-005814,27551.9
LN-003504,193860.67
LN-012428,183225.56
LN-024751,88637.63
LN-005142,107199.92
LN-000691,167944.18
LN-010033,158082.66
LN-029242,24240.57
LN-018762,152903.34
LN-012636,141915.41
LN-016953,38878.33
LN-017205,69712.15
LN-022024,38988.6
LN-003583,154641.85
LN-011362,76082.45
LN-010479,5264.54
LN-015240,126363.09
LN-006775,52347.32
LN-007990,40348.62
LN-003379,99772.14
LN-004509,147894.39
LN-003684,2063.77
LN-006428,64149.01
LN-017362,28943.11
LN-025003,154655.62
LN-019200,41754.5
LN-008433,35631.14
LN-008430,2949.94
LN-011801,3532.41
LN-024930,88506.05
LN-017642,216383.33
LN-002948,172748.71
LN-006589,407.92
LN-005673,64604.76
LN-002143,20807.38
LN-016940,36662.35
LN-028959,69941.5
LN-022578,27881.81
LN-001590,209674.57
LN-008668,14271.14
LN-004180,88830.09
LN-014645,1750.77
LN-010151,3402.24
LN-026657,66990.42
LN-023039,79476.34
LN-015391,47847.32
LN-019787,75511.98
LN-016172,100350.12
LN-026341,457.31
LN-019478,31465.23
LN-023483,163258.84
LN-027213,1057.64
LN-000911,1317.14
LN-020230,700.88
LN-004862,47241.8
LN-001188,175225.79
LN-022172,61080.35
LN-021972,66064.36
LN-026940,28797.68
LN-006116,84446.78
LN-020881,62586.94
LN-011399,486.57
LN-008055,108766.39
LN-020068,54381.8
LN-020737,49198.11
LN-025267,67852.01
LN-011794,243661.57
LN-027580,30528.75
LN-013904,235389.3
LN-017631,59491.99
LN-028008,83057.91
LN-007717,35831.33
LN-001770,144.39
LN-022779,122713.66
LN-027870,73617.65
LN-017726,79891.5
LN-022003,123165.05
LN-024557,34214.6
LN-001300,104241.66
LN-025107,46757.19
LN-023174,119410.94
LN-012739,190801.87
LN-009142,72201.59
LN-008924,181899.54
LN-015320,21623.01
LN-017859,70647.54
LN-003190,1150.19
LN-012344,137490.03
LN-001905,154388.6
LN-010885,49093.57
LN-009882,28641.39
LN-022169,293451.8
LN-008853,118759.38
LN-018341,2375.81
LN-024362,120786.12
LN-020915,17377.03
LN-011341,38317.12
LN-021238,143609.34
LN-019957,13662.8
LN-006676,102142.04
LN-020194,23881.69
LN-021411,27145.13
LN-027789,149899.19
LN-003042,3255.16
LN-011128,9415.61
LN-005598,183936.47
LN-025443,209285.83
LN-007213,42634.48
LN-019612,75938.02
LN-000518,27078.22
LN-011137,37700.88
LN-029149,55938.07
LN-001035,128107.12
LN-009362,105836.5
LN-001579,10388.28
LN-006455,83807.4
LN-027535,32352.53
LN-002201,54346.74
LN-015676,38335.92
LN-009217,40801.76
LN-002346,26282.37
LN-026379,688.73
LN-005176,1000.71
LN-028195,98284.25
LN-003841,57165.61
LN-028618,876.26
LN-007189,110586.35
LN-017489,24592.2
LN-028036,108887.84
LN-006082,317361.12
LN-022866,67426.63
LN-004376,41781.18
LN-007761,158040.24
LN-011207,142483.74
LN-011966,136918.61
LN-007639,110739.34
LN-008437,591.0
LN-019352,969.02
LN-018542,21049.04
LN-020132,38956.05
LN-022920,44543.22
LN-004575,304979.13
LN-016432,92234.26
LN-002079,2233.39
LN-026314,122006.5
LN-017069,16.1
LN-028002,16674.65
LN-023671,89278.75
LN-007857,40865.82
LN-024795,92029.5
LN-005622,73574.33
LN-003742,19992.79
LN-023976,88230.31
LN-001435,76612.81
LN-009881,663.9
LN-026057,101671.33
LN-020904,23312.06
LN-009101,33204.88
LN-018786,77454.94
LN-022116,35497.0
LN-011504,133500.52
LN-015946,125408.45
LN-015482,214768.67
LN-019742,1243.04
LN-001502,40987.32
LN-015402,99525.37
LN-025183,45655.09
LN-017473,31318.95
LN-027315,108001.4
LN-009549,33535.17
LN-026707,117501.35
LN-012507,110361.41
LN-022577,116392.73
LN-010800,133966.75
LN-002960,78457.0
LN-004225,45561.99
LN-011510,46777.21
LN-000570,10414.9
LN-018314,71848.57
LN-029012,102827.49
LN-009828,27573.33
LN-022710,68448.43
LN-020577,110916.33
LN-025053,36059.74
LN-011132,138562.23
LN-020160,133253.3
LN-025299,133203.75
LN-018662,1461.55
LN-021617,62082.01
LN-019305,863.22
LN-027296,109629.13
LN-016603,26975.53
LN-017624,89484.53
LN-010077,63904.29
LN-002527,262069.06
LN-009200,117942.6
LN-021804,58.1
LN-002028,58992.46
LN-021066,115.26
LN-019168,121479.64
LN-023507,37580.04
LN-020183,183257.07
LN-003741,58658.96
LN-012184,20794.46
LN-014674,88839.22
LN-026956,21057.19
LN-021657,779.04
LN-028491,77494.16
LN-021070,40778.28
LN-019595,61603.91
LN-004940,24178.31
LN-023879,135870.14
LN-006700,55534.09
LN-013570,30679.39
LN-019036,318338.58
LN-026599,45422.07
LN-007894,65616.34
LN-024445,64559.22
LN-004220,74070.42
LN-013203,7778.04
LN-023899,277.47
LN-018834,66227.07
LN-002296,70041.39
LN-006118,33335.43
LN-001185,114817.15
LN-012503,47229.0
LN-024714,36839.73
LN-003713,61189.98
LN-002886,14116.49
LN-027594,4170.08
LN-001492,69032.82
LN-013262,14429.24
LN-015853,175678.91
LN-004600,58239.53
LN-012542,41267.54
LN-017398,33058.21
LN-007329,9636.44
LN-010669,46878.36
LN-012314,175483.16
LN-003984,403.09
LN-010002,56962.36
LN-008234,15842.17
LN-008308,1399.62
LN-006379,103851.95
LN-028805,102568.58
LN-026577,92088.57
LN-025660,94726.86
LN-020863,455.49
LN-011500,139343.99
LN-006867,34919.8
LN-014003,794.75
LN-013051,305144.49
LN-015385,187350.96
LN-003738,165525.51
LN-011509,160906.31
LN-017420,66843.31
LN-021244,74632.12
LN-009509,24077.09
LN-010054,101602.57
LN-003606,5398.52
LN-025043,34212.33
LN-001943,42598.92
LN-026000,78245.77
LN-016126,125577.32
LN-026912,16782.55
LN-016533,53351.3
LN-016258,114460.98
LN-016222,18313.74
LN-011886,1459.04
LN-000523,85463.03
LN-012517,33651.23
LN-011251,162839.72
LN-005080,308008.77
LN-006395,59420.0
LN-002035,22537.27
LN-004344,89109.46
LN-011366,51948.27
LN-011487,95467.19
LN-018971,22150.56
LN-027953,51724.86
LN-000790,92225.22
LN-008411,173455.97
LN-006737,47516.0
LN-005786,245.32
LN-003302,116.86
LN-011090,15456.17
LN-001101,145361.74
LN-024473,13728.23
LN-022583,194185.62
LN-011944,32166.98
LN-012452,38028.99
LN-011407,81211.48
LN-025648,186205.25
LN-016484,101234.97
LN-017908,133131.4
LN-017915,83406.46
LN-029230,123416.42
LN-005291,83233.08
LN-027417,239844.58
LN-028738,65387.45
LN-012970,38281.85
LN-018532,42007.78
LN-013477,33628.82
LN-010937,45739.28
LN-003043,309147.28
LN-025239,1382.38
LN-008299,100875.26
LN-020248,87081.59
LN-024764,1890.0
LN-003355,46152.69
LN-005522,1887.64
LN-028875,33677.68
LN-005113,127.84
LN-004395,79578.28
LN-021516,1027.75
LN-028750,151500.09
LN-018755,49639.1
LN-026164,424.64
LN-023889,23838.37
LN-023805,105859.83
LN-018102,107233.67
LN-019660,30932.07
LN-005646,81831.95
LN-024377,83749.48
LN-011549,71804.78
LN-010148,75770.35
LN-027893,27477.87
LN-016065,164451.62
LN-008018,86519.38
LN-028721,70013.25
LN-006900,46205.05
LN-027551,45577.38
LN-028073,1468.6
LN-003013,17309.74
LN-018501,89307.74
LN-004715,82408.33
LN-004083,171865.84
LN-023555,19265.16
LN-002014,40846.54
LN-010021,113835.46
LN-010210,43216.92
LN-016920,265628.16
LN-003079,71654.58
LN-010884,169.51
LN-009269,126548.91
LN-023015,68286.97
LN-028470,143539.75
LN-019125,168626.12
LN-028591,131699.8
LN-005499,104250.8
LN-020934,120739.62
LN-027308,30315.72
LN-009885,197926.89
LN-005743,100737.95
LN-014809,142494.93
LN-014923,33723.87
LN-012616,122274.57
LN-006743,80693.55
LN-007462,185671.97
LN-002443,82295.72
LN-010515,33906.48
LN-003930,34778.9
LN-015707,57818.13
LN-026484,25.62
LN-012922,3866.45
LN-017801,121302.96
LN-011073,159755.37
LN-017578,4547.56
LN-027624,40451.32
LN-012860,59817.6
LN-010951,159901.07
LN-025185,132108.39
LN-020684,117353.03
LN-002266,51105.76
LN-019748,87124.62
LN-005564,26182.0
LN-022112,39685.03
LN-005502,23520.24
LN-010866,173047.75
LN-005678,13356.72
LN-019421,169529.11
LN-019499,164559.13
LN-000515,89185.26
LN-016660,71584.57
LN-008206,37336.42
LN-006957,49550.71
LN-000934,41662.15
LN-007961,43872.94
LN-028647,58322.47
LN-011296,16.2
LN-004084,78752.89
LN-003480,60147.47
LN-017418,40271.79
LN-010837,26149.53
LN-000757,120916.74
LN-028335,95774.88
LN-020457,44097.63
LN-025610,16.36
LN-009497,127301.49
LN-015986,116525.31
LN-015273,132863.74
LN-009580,69496.48
LN-004954,57069.99
LN-020499,115554.14
LN-003062,739.08
LN-007235,55386.12
LN-020574,37794.27
LN-012295,49722.17
LN-014304,116906.46
LN-025405,54555.67
LN-004588,163670.79
LN-002999,18435.42
LN-013532,61965.25
LN-001962,113954.43
LN-025472,69088.01
LN-021876,459281.68
LN-004154,80708.95
LN-010724,7908.71
LN-021916,111269.84
LN-003873,71047.13
LN-028514,11842.74
LN-018426,3914.15
LN-027766,9.39
LN-016551,116406.61
LN-012978,143189.41
LN-012657,47075.19
LN-021618,60552.48
LN-002623,20644.44
LN-002904,47475.3
LN-023461,112673.92
LN-003323,175357.1
LN-016694,107068.67
LN-021627,139026.14
LN-004706,7195.33
LN-012179,385.94
LN-013640,56783.6
LN-020569,75841.46
LN-003970,454.18
LN-010450,143537.65
LN-020186,34602.15
LN-010474,264632.9
LN-002360,40054.6
LN-008995,668.38
LN-011908,111901.47
LN-009975,36030.61
LN-020766,49368.61
LN-004643,5427.28
LN-027440,22579.98
LN-011848,17960.47
LN-003106,74028.68
LN-011545,46.05
LN-018611,489.79
LN-007089,750.69
LN-024283,43605.94
LN-001712,57825.24
LN-028133,56.88
LN-027600,189233.68
LN-001368,145131.0
LN-014198,112071.5
LN-020172,25023.18
LN-026487,98716.28
LN-004847,31237.3
LN-020229,60523.49
LN-008009,31176.82
LN-026077,22769.91
LN-021561,80810.16
LN-027139,27981.95
LN-029261,57605.62
LN-011077,3848.44
LN-017226,58741.51
LN-007547,102942.29
LN-018172,745.27
LN-007945,181828.69
LN-005877,80449.43
LN-015289,275.86
LN-004174,116817.92
LN-004836,70491.46
LN-020083,104538.59
LN-001290,114582.51
LN-013946,55996.46
LN-020769,55896.24
LN-003294,1570.59
LN-013707,2792.1
LN-014843,168667.42
LN-014833,89351.48
LN-021638,144154.11
LN-004273,27.4
LN-007241,57525.56
LN-010664,93147.61
LN-005992,118.2
LN-004162,169267.77
LN-025659,23756.82
LN-005045,40465.44
LN-026384,3850.08
LN-018589,118481.05
LN-024098,44853.81
LN-010369,414.67
LN-018194,23243.54
LN-003280,52276.66
LN-004722,103029.46
LN-009451,28691.27
LN-004373,41578.17
LN-021202,29083.88
LN-000428,150122.84
LN-021729,94610.99
LN-008169,47942.94
LN-003967,47939.3
LN-021685,130326.24
LN-011018,18654.32
LN-016996,69473.86
LN-023559,162093.89
LN-023478,751.18
LN-009931,137121.6
LN-003356,3738.05
LN-018595,97567.54
LN-021162,27620.51
LN-022669,106658.88
LN-009638,73669.95
LN-011640,111609.37
LN-002175,36063.85
LN-020174,104628.22
LN-017294,18820.29
LN-024316,20479.38
LN-003462,78972.38
LN-007420,29302.87
LN-020582,412.96
LN-011758,151089.7
LN-022686,87422.11
LN-025658,215702.75
LN-022456,150933.63
LN-004380,732.39
LN-002429,107076.05
LN-009015,23419.73
LN-018337,42147.85
LN-001247,38368.82
LN-020921,221554.64
LN-017668,20833.99
LN-019682,78461.08
LN-021603,50326.71
LN-026858,98534.84
LN-025805,56669.6
LN-024064,139357.2
LN-006809,205993.84
LN-021771,131069.24
LN-005258,16661.87
LN-006511,2123.15
LN-024666,198.66
LN-014173,65771.48
LN-023289,124924.38
LN-013042,101074.87
LN-004230,8029.54
LN-027497,18870.52
LN-023836,35308.54
LN-013785,93055.0
LN-007782,71796.98
LN-026354,207851.49
LN-023025,68953.72
LN-029156,1905.34
LN-023200,1912.2
LN-002755,16816.21
LN-000218,26563.99
LN-027026,124665.72
LN-009180,55080.49
LN-008323,48462.51
LN-027855,54127.87
LN-015406,67774.38
LN-008870,170440.56
LN-004049,26128.64
LN-005364,76464.65
LN-014816,32910.6
LN-025195,58736.35
LN-006983,54072.02
LN-020150,661.06
LN-005247,206337.06
LN-009726,133227.71
LN-004080,41715.19
LN-016226,26113.41
LN-028779,72084.19
LN-018077,46918.01
LN-028687,31600.69
LN-025027,1971.6
LN-026607,134677.7
LN-025669,61905.73
LN-018617,30401.09
LN-011594,505.27
LN-008342,251365.47
LN-003053,31296.08
LN-015877,1914.15
LN-023664,143401.66
LN-023239,400.85
LN-008255,150446.34
LN-001273,57113.31
LN-021463,328.56
LN-021747,6804.38
LN-009611,679.96
LN-022177,86177.63
LN-023062,268448.82
LN-025835,33419.61
LN-014750,138279.9
LN-014552,56960.19
LN-011428,132367.19
LN-020813,109247.92
LN-019312,3602.92
LN-000968,46.96
LN-004605,10990.95
LN-026420,1029.38
LN-012215,88694.74
LN-026933,39103.91
LN-021455,38027.23
LN-001015,172106.05
LN-018480,40090.44
LN-020420,5091.96
LN-009150,121610.67
LN-020456,37388.8
LN-016266,37769.1
LN-001115,111037.35
LN-014353,2497.9
LN-008136,41508.56
LN-017615,42409.5
LN-013374,61051.9
LN-005336,105415.26
LN-023115,24596.13
LN-018454,1670.07
LN-013044,57322.14
LN-024356,1015.46
LN-006503,53336.8
LN-005824,31812.0
LN-018109,773.05
LN-003297,148817.23
LN-003337,77041.45
LN-003730,1167.41
LN-026821,205469.51
LN-014281,117067.39
LN-002394,188172.31
LN-013443,64167.87
LN-023928,82673.21
LN-016121,33932.69
LN-015697,4339.47
LN-002689,109293.22
LN-015086,132188.16
LN-021483,18255.29
LN-026824,78475.22
LN-000805,16364.49
LN-020225,92592.8
LN-000413,92296.48
LN-010244,69514.06
LN-014453,80117.91
LN-017628,43837.82
LN-027792,68760.28
LN-003117,167762.77
LN-006149,42.13
LN-004187,32268.02
LN-015688,59579.52
LN-018406,18183.34
LN-013538,1130.0
LN-011352,25209.01
LN-019095,70340.89
LN-013429,131126.48
LN-006542,6154.54
LN-017903,3934.43
LN-023612,13357.86
LN-028103,336597.88
LN-026228,4919.66
LN-029080,119113.48
LN-015535,24156.38
LN-004711,1529.57
LN-019614,83646.89
LN-020976,226176.61
LN-010305,265663.53
LN-014095,17916.66
LN-007217,31222.31
LN-013910,102809.14
LN-023904,41961.22
LN-009915,126397.28
LN-016950,119785.63
LN-013800,156828.62
LN-029262,19234.95
LN-010960,90366.93
LN-007243,1030.54
LN-000573,89161.24
LN-021121,887.43
LN-001840,24487.08
LN-010294,124130.6
LN-003100,43400.83
LN-013303,1958.93
LN-018472,127868.45
LN-001019,1462.81
LN-024276,686.26
LN-022649,41678.82
LN-012343,2236.74
LN-015491,128647.24
LN-006468,13010.24
LN-021705,183393.23
LN-019119,171409.01
LN-004477,3726.81
LN-008451,208369.67
LN-010913,23002.79
LN-005674,76212.85
LN-028580,93397.14
LN-005881,1763.1
LN-012312,15872.85
LN-027332,73150.13
LN-008913,4820.81
LN-002225,278941.82
LN-020936,69763.6
LN-018145,40521.25
LN-026301,90995.29
LN-027214,30195.85
LN-016133,22715.91
LN-010208,217363.36
LN-020540,110308.24
LN-015302,1234.13
LN-008738,65347.98
LN-023087,40308.42
LN-009231,129456.23
LN-012674,466.88
LN-004025,49953.99
LN-026476,146278.11
LN-023057,140114.99
LN-011663,29742.31
LN-003283,78022.6
LN-026108,33826.09
LN-012947,126255.56
LN-013928,811.46
LN-023537,15.52
LN-004191,28300.31
LN-026220,229249.81
LN-027345,1378.15
LN-013433,134000.18
LN-012748,18009.34
LN-004536,22289.74
LN-027380,97429.14
LN-024477,37983.86
LN-022742,988.92
LN-008585,297.09
LN-007160,155414.55
LN-003747,47508.8
LN-000174,47691.62
LN-020458,24737.29
LN-016625,1643.07
LN-025738,5257.15
LN-027461,1474.33
LN-012441,75552.53
LN-023630,77998.77
LN-023162,53969.36
LN-025593,188301.22
LN-018369,233533.68
LN-007447,120686.05
LN-007130,52531.95
LN-024342,964.21
LN-005431,79922.73
LN-001766,37137.96
LN-007176,2297.79
LN-007114,98525.33
LN-018875,228133.22
LN-011021,92128.3
LN-009907,45264.68
LN-019237,83422.88
LN-022127,120853.19
LN-008893,18.52
LN-020747,231424.12
LN-021017,190377.69
LN-016046,45312.23
LN-005912,186979.98
LN-016236,83699.47
LN-019713,1003.59
LN-013873,160559.84
LN-008006,105611.15
LN-018287,2643.72
LN-017687,45962.94
LN-022482,62162.3
LN-025057,255923.48
LN-014988,102074.97
LN-001802,86459.48
LN-016855,21111.7
LN-005264,112311.64
LN-015229,2241.81
LN-020267,280843.61
LN-028691,55120.98
LN-028478,21197.34
LN-011497,146138.39
LN-022762,138642.3
LN-010980,5000.49
LN-020844,81001.43
LN-017462,17016.8
LN-023358,59145.07
LN-002112,1649.26
LN-005604,34906.54
LN-004767,101572.2
LN-024384,68765.59
LN-029304,63029.24
LN-005083,18026.82
LN-018184,23073.71
LN-022432,80812.87
LN-016598,22630.41
LN-021734,363.37
LN-008287,76101.59
LN-017080,97982.08
LN-005792,48.29
LN-014327,12.3
LN-016731,70511.71
LN-002329,75221.24
LN-015972,176523.94
LN-014906,150790.38
LN-027062,92438.6
LN-014696,172685.93
LN-000193,58957.45
LN-007415,262838.38
LN-003813,23864.92
LN-029226,254630.9
LN-003776,92720.5
LN-026122,304694.51
LN-022200,108597.17
LN-004161,56558.47
LN-003430,41515.1
LN-016514,29457.12
LN-028806,123187.36
LN-007872,95581.44
LN-008305,39728.57
LN-017826,155447.97
LN-004125,240243.81
LN-021116,153603.07
LN-004098,2183.83
LN-022260,211620.35
LN-014721,46879.01
LN-008318,161669.29
LN-012167,55799.53
LN-020097,163746.78
LN-012182,45672.55
LN-015330,38407.9
LN-007180,72356.04
LN-026792,2202.14
LN-021302,12.28
LN-027144,84702.13
LN-027120,1804.85
LN-027209,188120.85
LN-007175,905.06
LN-024810,1131.7
LN-008032,141742.79
LN-015879,23380.0
LN-003233,67699.78
LN-002427,80924.62
LN-025157,23908.09
LN-023371,16806.35
LN-011306,94497.66
LN-013545,123522.96
LN-012502,151870.16
LN-021811,128704.5
LN-000510,141406.04
LN-017050,143889.88
LN-012196,67707.44
LN-014550,47455.13
LN-021262,168266.69
LN-023092,178336.98
LN-006394,154384.68
LN-020745,30917.56
LN-010031,216943.27
LN-019002,90982.47
LN-010403,64875.28
LN-000899,135137.43
LN-021758,36529.34
LN-001212,90163.05
LN-007835,37072.74
LN-002349,73156.15
LN-014607,2373.1
LN-004634,74809.69
LN-000563,26139.53
LN-002849,3512.9
LN-014972,72531.93
LN-006579,77751.82
LN-009237,43487.62
LN-007871,83554.84
LN-002884,43902.17
LN-024024,65562.42
LN-024785,84688.7
LN-005473,125901.79
LN-017063,227845.29
LN-007859,1243.58
LN-014172,81088.98
LN-004798,143248.13
LN-018871,72335.31
LN-006041,6207.74
LN-014067,114718.38
LN-013032,55725.92
LN-016716,78279.16
LN-001130,114591.43
LN-014665,31.03
LN-000178,90084.1
LN-008686,24850.52
LN-010006,12047.85
LN-009966,47195.77
LN-014363,46679.66
LN-012067,41984.42
LN-009108,21513.39
LN-021689,129523.49
LN-005032,44873.76
LN-017033,130762.17
LN-011272,298819.71
LN-022910,120973.6
LN-013592,160945.83
LN-007439,136562.11
LN-021324,185228.19
LN-014885,19036.02
LN-011275,62899.74
LN-017870,22403.75
LN-021518,46773.12
LN-012377,169720.62
LN-022848,170749.32
LN-011332,60629.93
LN-020842,2208.15
LN-011454,118669.31
LN-009454,127297.05
LN-012141,42276.51
LN-022229,4002.27
LN-002345,22485.84
LN-016826,98430.46
LN-013293,61933.36
LN-001480,17675.68
LN-028927,2174.88
LN-018647,37519.84
LN-010434,50817.28
LN-001287,294880.58
LN-012731,64971.46
LN-012459,37416.34
LN-003203,108681.41
LN-016078,37664.65
LN-011044,585.04
LN-017310,62659.71
LN-012564,70923.74
LN-014731,42221.83
LN-029084,134626.42
LN-003591,170179.97
LN-019257,268954.48
LN-027186,88741.91
LN-020727,38580.99
LN-026988,20678.45
LN-025591,10618.99
LN-012995,93855.63
LN-023809,50416.33
LN-010445,22218.96
LN-003708,199833.57
LN-017459,120023.56
LN-006941,147035.21
LN-027637,37720.09
LN-005585,61067.69
LN-021854,97551.44
LN-020819,19304.98
LN-018612,100249.24
LN-024100,220531.5
LN-014601,167901.43
LN-021661,109092.42
LN-016054,57172.9
LN-014960,1077.48
LN-004579,33.13
LN-008920,30640.74
LN-002176,243338.01
LN-020429,142299.12
LN-020460,45504.41
LN-013129,67414.26
LN-008450,35723.66
LN-013441,99669.45
LN-007656,19058.38
LN-027187,79526.66
