application_id,sanctioned_amount_aud
LN-029039,67069.07
LN-006880,30905.99
LN-000529,102376.81
LN-002049,175035.25
LN-000921,0.0
LN-003817,73754.72
LN-008697,52067.94
LN-001629,173392.54
LN-004797,65272.92
LN-003612,40239.83
LN-009943,72665.19
LN-025850,38180.02
LN-026197,122620.02
LN-024874,30412.23
LN-004528,135224.34
LN-005816,55427.99
LN-005665,156205.23
LN-014724,120565.15
LN-003869,74141.07
LN-025159,39929.88
LN-018852,22100.44
LN-007330,34121.29
LN-009056,68573.24
LN-024580,57894.85
LN-000091,46515.59
LN-024635,115638.42
LN-024171,72927.33
LN-001540,3093.85
LN-020296,32659.54
LN-010216,25407.53
LN-027984,156822.86
LN-014818,19653.05
LN-025432,0.0
LN-003848,27143.11
LN-005511,26137.12
LN-012764,32534.93
LN-027695,47472.75
LN-003189,4384.13
LN-011795,32792.73
LN-010454,244570.81
LN-004833,159179.25
LN-021881,45490.17
LN-004216,94888.33
LN-014947,1623.33
LN-027884,87983.51
LN-020946,111521.98
LN-008994,35424.82
LN-005529,194.62
LN-003943,48957.79
LN-009215,0.0
LN-000651,156278.48
LN-017641,73613.2
LN-019837,85067.8
LN-025236,53969.13
LN-019391,36852.34
LN-021405,21384.09
LN-013749,0.0
LN-029095,89742.99
LN-023240,171640.0
LN-005323,53894.67
LN-006107,211227.74
LN-012864,30002.75
LN-000798,341.99
LN-001526,0.0
LN-006226,5217.93
LN-007353,102582.02
LN-012665,135479.56
LN-006311,28901.1
LN-005748,144832.7
LN-018051,74495.62
LN-026701,71124.01
LN-005901,72460.15
LN-003003,27838.04
LN-011250,41951.63
LN-001729,31103.62
LN-008468,16482.94
LN-011773,209484.24
LN-016274,71.89
LN-009018,3701.19
LN-008723,83505.98
LN-011390,185372.07
LN-009389,73029.76
LN-005437,9058.22
LN-002885,184799.78
LN-018156,39744.7
LN-017438,84257.16
LN-019254,84828.39
LN-017293,189624.76
LN-000096,8490.24
LN-000247,128159.24
LN-015276,2214.51
LN-009085,53714.93
LN-015570,103785.93
LN-006258,23685.52
LN-012973,1293.53
LN-025834,22407.83
LN-009703,31175.8
LN-024652,176453.1
LN-028344,79906.68
LN-016342,233382.74
LN-026702,50707.04
LN-002785,123427.17
LN-010569,186977.75
LN-025649,1794.52
LN-026860,26764.92
LN-021249,81712.97
LN-013023,145004.5
LN-001591,53123.54
LN-022776,64348.67
LN-003367,77022.5
LN-006653,31495.73
LN-017837,68068.38
LN-022032,100050.97
LN-005360,22163.24
LN-021277,173029.94
LN-027391,183311.21
LN-023561,37129.86
LN-003810,59175.18
LN-015809,35662.71
LN-006531,90589.14
LN-025435,108270.25
LN-000367,77080.68
LN-005711,38980.82
LN-004774,60723.64
LN-016176,116259.1
LN-025841,0.0
LN-011228,228542.83
LN-012217,62435.53
LN-011748,133278.65
LN-005326,172254.4
LN-007658,105886.05
LN-024062,89905.96
LN-022212,0.0
LN-006396,52917.93
LN-010618,143237.48
LN-012430,46093.75
LN-025820,187687.53
LN-025410,106782.2
LN-006461,11.41
LN-012545,15763.03
LN-005809,63570.63
LN-019001,61582.24
LN-022733,32442.11
LN-018938,40300.6
LN-013694,145278.34
LN-007638,1221.1
LN-002878,25567.65
LN-018926,26931.23
LN-024322,28646.07
LN-003617,214531.57
LN-004638,0.0
LN-002673,101.02
LN-017697,253.72
LN-022481,103218.98
LN-013334,6577.1
LN-011143,76382.12
LN-013216,36973.38
LN-027796,2639.22
LN-014858,66884.45
LN-010568,73329.65
LN-009715,147923.07
LN-018049,68055.5
LN-009940,68736.55
LN-007722,55267.1
LN-028533,74938.33
LN-010172,9226.11
LN-018800,0.0
LN-016696,62899.69
LN-007161,20100.47
LN-005011,93.09
LN-013812,58319.95
LN-006180,70571.83
LN-017278,212032.85
LN-025454,139966.15
LN-003921,121263.06
LN-001165,29624.58
LN-013083,99914.98
LN-008218,37549.08
LN-017894,1067.5
LN-027492,97968.18
LN-000588,44333.42
LN-004023,33394.7
LN-017370,178862.85
LN-025951,28160.01
LN-019488,3398.74
LN-019580,248446.34
LN-020578,79802.98
LN-014882,116143.97
LN-005672,194888.03
LN-024498,35647.42
LN-022757,57260.93
LN-029210,85296.36
LN-013581,165172.58
LN-024400,121304.12
LN-021353,7862.35
LN-013208,35517.64
LN-013493,74403.1
LN-009747,98847.82
LN-000406,126198.77
LN-025848,98423.53
LN-017253,54644.81
LN-019936,0.0
LN-008763,90102.92
LN-009372,81895.46
LN-017934,145829.62
LN-006085,7486.88
LN-009025,46283.84
LN-028180,80936.76
LN-000763,12491.48
LN-012290,127445.91
LN-013450,168.72
LN-014119,108388.59
LN-019751,33861.5
LN-011837,19868.61
LN-020355,15350.91
LN-008535,937.15
LN-019330,36146.63
LN-006326,221240.96
LN-004981,17419.11
LN-025355,368.45
LN-022515,83035.8
LN-018878,2949.28
LN-002903,65348.22
LN-009736,68923.51
LN-029294,84799.12
LN-001871,64684.26
LN-010808,172192.47
LN-007319,15329.39
LN-028441,250019.31
LN-003915,41515.76
LN-022027,226073.63
LN-000981,33051.22
LN-014592,81736.47
LN-012867,53686.69
LN-016395,38863.1
LN-013982,20844.8
LN-003638,257851.21
LN-011772,27603.11
LN-003702,0.0
LN-003224,40439.13
LN-009857,0.0
LN-024002,22713.99
LN-028587,105233.14
LN-025832,0.0
LN-023014,204071.3
LN-022001,127635.57
LN-018270,48862.95
LN-008660,45037.09
LN-027888,95338.12
LN-026960,98043.97
LN-007378,180885.37
LN-005225,179330.24
LN-001486,34905.18
LN-001292,138419.12
LN-017114,27148.31
LN-025828,26387.37
LN-005617,33672.64
LN-012572,44913.26
LN-026673,180.14
LN-027996,109457.95
LN-020098,41864.02
LN-006108,126134.82
LN-001488,38780.45
LN-019872,34191.77
LN-025342,20439.03
LN-012901,59725.52
LN-018862,28459.86
LN-016061,42535.68
LN-016740,43369.98
LN-017649,149.56
LN-018098,85.87
LN-014282,31485.11
LN-025016,184076.25
LN-025080,24302.03
LN-001705,139575.91
LN-002042,55171.86
LN-014933,244346.65
LN-004333,44234.69
LN-024632,187931.96
LN-018140,983.81
LN-010347,5283.55
LN-021845,98192.59
LN-008047,128009.81
LN-023491,103696.16
LN-001272,26922.94
LN-000153,16184.49
LN-026188,24708.09
LN-018553,136147.27
LN-001049,56694.17
LN-013410,124578.69
LN-015559,10313.08
LN-001386,121482.89
LN-021031,96927.69
LN-012588,15607.56
LN-027363,130577.19
LN-000785,114482.08
LN-024134,354424.52
LN-000878,80763.72
LN-017836,59122.0
LN-001329,78059.34
LN-010495,36899.99
LN-027977,68604.71
LN-021210,167818.82
LN-014280,344.45
LN-013133,79341.29
LN-019882,36727.59
LN-024921,82282.62
LN-022535,18794.08
LN-012348,232292.97
LN-009325,104556.09
LN-021655,60621.05
LN-016317,100467.49
LN-018693,0.0
LN-023096,165612.93
LN-001547,0.0
LN-007255,16005.2
LN-024351,35241.89
LN-026414,55664.14
LN-023705,30852.78
LN-005484,0.0
LN-009069,174760.44
LN-005286,15479.92
LN-002483,67040.46
LN-003230,157119.6
LN-001239,36528.43
LN-015839,59637.91
LN-023575,124072.87
LN-006651,137871.04
LN-004740,75243.37
LN-013926,0.0
LN-025110,37336.61
LN-011650,48300.4
LN-006427,32748.04
LN-019481,82947.97
LN-024048,31216.8
LN-014245,3058.41
LN-016079,16359.73
LN-021983,47592.03
LN-016496,242046.82
LN-007279,0.0
LN-007465,77785.22
LN-005744,126994.02
LN-028448,101158.05
LN-024698,18071.95
LN-002441,137152.86
LN-017539,36583.95
LN-020906,24383.7
LN-025466,71393.83
LN-018308,32066.03
LN-005882,167217.49
LN-010974,177584.66
LN-010316,32044.09
LN-009734,62386.34
LN-009553,98067.7
LN-026053,12774.53
LN-022838,23662.3
LN-024875,21142.83
LN-017525,67540.66
LN-021740,60890.93
LN-014515,77002.52
LN-010991,33902.04
LN-017802,32276.95
LN-006356,52080.34
LN-026127,219765.8
LN-006043,66890.16
LN-000112,220383.12
LN-022638,69235.79
LN-017314,3428.72
LN-010695,0.0
LN-018466,69829.52
LN-004840,107555.63
LN-011951,26393.01
LN-010320,105254.87
LN-015798,40223.9
LN-001114,0.0
LN-017091,151531.68
LN-021169,36307.64
LN-008834,4499.76
LN-002998,44121.23
LN-022306,47756.31
LN-027136,33421.57
LN-005731,69996.63
LN-000538,36098.36
LN-012005,31733.98
LN-021560,21553.08
LN-024077,11392.01
LN-011011,27091.91
LN-005051,5378.43
LN-025004,155481.74
LN-017780,110210.72
LN-009230,117359.13
LN-023534,60055.61
LN-015292,32127.72
LN-016482,89309.97
LN-011724,124507.18
LN-014447,35034.85
LN-020575,86054.0
LN-004123,44764.04
LN-000140,8822.33
LN-001732,94499.96
LN-001505,241020.94
LN-024742,37270.92
LN-018338,144826.19
LN-009185,88386.24
LN-005327,184160.62
LN-010223,339.1
LN-016693,45794.4
LN-001390,22062.1
LN-017298,2558.13
LN-028983,9365.49
LN-017074,35058.31
LN-025831,143850.46
LN-005174,33897.19
LN-010707,41830.88
LN-015365,47230.85
LN-010390,1315.52
LN-003581,25829.93
LN-020872,11673.12
LN-028477,38750.21
LN-012610,76070.54
LN-003584,55422.12
LN-011960,103940.86
LN-024997,117595.55
LN-027012,164624.07
LN-000788,123948.09
LN-022144,40373.38
LN-015916,98995.01
LN-018648,36059.62
LN-025438,88433.96
LN-028826,3260.18
LN-004594,106830.91
LN-023061,203394.68
LN-017057,286208.91
LN-000685,1852.15
LN-013687,55778.46
LN-012734,38308.78
LN-008338,0.0
LN-006348,315.45
LN-021119,192482.88
LN-029231,48905.07
LN-011548,220728.44
LN-018720,44348.23
LN-024928,3147.66
LN-002287,51625.19
LN-006351,9136.65
LN-023000,0.0
LN-014593,56227.99
LN-007608,26693.32
LN-017358,26425.38
LN-000646,18668.93
LN-003792,28592.29
LN-008211,116849.54
LN-009919,213.01
LN-017104,1197.48
LN-013188,23567.58
LN-006899,43077.03
LN-001584,0.0
LN-012482,0.0
LN-024528,308513.13
LN-024092,95392.88
LN-026950,0.0
LN-022365,20808.31
LN-007952,47439.14
LN-019776,93814.9
LN-027568,249116.93
LN-004951,34534.77
LN-010098,70936.74
LN-006563,224945.24
LN-025111,71709.99
LN-017334,50001.13
LN-011377,26148.07
LN-029028,266631.33
LN-005056,32640.75
LN-010356,60077.83
LN-009294,126136.71
LN-024825,97484.25
LN-018328,55504.8
LN-009427,75017.26
LN-021910,114842.79
LN-022041,863.0
LN-005932,123087.78
LN-001464,21744.43
LN-013479,17278.15
LN-008593,1992.28
LN-003198,316.11
LN-016902,6868.17
LN-018709,36501.05
LN-002133,141309.41
LN-010995,38499.45
LN-021801,9587.52
LN-003405,129666.0
LN-001351,71285.32
LN-022993,73336.87
LN-009095,93981.22
LN-023068,2006.94
LN-006164,128479.79
LN-022292,95342.34
LN-020275,763.7
LN-016350,46062.57
LN-026883,52994.66
LN-028688,104065.51
LN-010081,427.08
LN-025562,84345.37
LN-028120,60354.41
LN-028107,34104.26
LN-022222,72640.39
LN-009971,6450.51
LN-021132,24350.83
LN-018188,35678.68
LN-024208,0.0
LN-029166,0.0
LN-007829,67575.95
LN-024420,175774.45
LN-012818,58220.34
LN-008781,256909.18
LN-020002,0.0
LN-009862,237383.31
LN-015957,218526.83
LN-023084,149801.17
LN-018496,88394.94
LN-019886,127540.18
LN-027885,123686.99
LN-012547,77051.61
LN-024090,82663.46
LN-000488,16088.32
LN-021489,42292.3
LN-020662,1126.51
LN-015348,2686.79
LN-008250,72856.61
LN-007385,64122.2
LN-027422,363.24
LN-018791,32122.75
LN-007182,32929.6
LN-019746,22218.44
LN-019340,43893.94
LN-011312,79141.81
LN-020146,164231.0
LN-008278,43315.13
LN-005135,190802.56
LN-023466,96263.85
LN-027469,85145.81
LN-000949,148078.61
LN-023317,119234.86
LN-013622,63952.14
LN-009590,56220.07
LN-005940,262028.03
LN-001454,66881.58
LN-004997,28072.45
LN-011367,34415.3
LN-005805,58174.3
LN-027679,110068.73
LN-006936,0.0
LN-000620,71060.24
LN-007488,199469.69
LN-023042,62161.97
LN-026751,107005.7
LN-014613,0.0
LN-006536,89909.06
LN-026331,90301.97
LN-017594,123921.05
LN-002753,92217.3
LN-006648,2413.25
LN-023814,8420.23
LN-001048,123807.02
LN-004326,80110.49
LN-010534,14801.43
LN-010430,131099.64
LN-019127,39507.56
LN-026112,9453.26
LN-026257,38843.96
LN-028196,14608.12
LN-027411,66808.2
LN-021010,41766.95
LN-027538,7121.35
LN-020433,2156.32
LN-009512,187922.02
LN-019124,47655.58
LN-000400,125619.34
LN-002891,69024.51
LN-024236,23120.92
LN-017071,308273.79
LN-009799,18206.09
LN-023001,37793.78
LN-003262,68475.84
LN-009114,110567.72
LN-007545,9927.07
LN-016628,39489.81
LN-018124,1348.93
LN-010374,74751.73
LN-018268,66345.54
LN-008108,4035.28
LN-027647,44306.09
LN-000982,55257.95
LN-010535,0.0
LN-010355,2988.55
LN-017544,24561.99
LN-023081,132882.79
LN-010224,57942.15
LN-007094,184044.22
LN-016982,59961.61
LN-005830,140104.0
LN-002968,132289.85
LN-021286,157545.84
LN-017364,25854.16
LN-013937,35886.4
LN-018364,73209.63
LN-024056,46756.8
LN-005211,43025.77
LN-000001,70094.98
LN-007347,61446.19
LN-021076,73758.89
LN-021007,184354.76
LN-019857,107205.42
LN-028882,73661.75
LN-009167,30892.43
LN-017599,130577.16
LN-026932,26915.42
LN-016954,5826.98
LN-002750,177318.44
LN-010250,36682.26
LN-018851,18023.01
LN-022826,185790.71
LN-002691,29548.59
LN-025360,66595.9
LN-016870,96203.55
LN-028996,742.2
LN-003718,79376.86
LN-014796,0.0
LN-023572,3153.45
LN-007754,69513.5
LN-025148,144374.71
LN-014092,106432.85
LN-008277,0.0
LN-022425,58664.18
LN-012259,86796.4
LN-016504,30504.38
LN-023238,56448.59
LN-020471,114234.58
LN-026443,129969.18
LN-012246,55786.07
LN-006860,32573.13
LN-009136,133126.61
LN-010044,176667.47
LN-023297,93641.7
LN-028649,78289.4
LN-021998,40203.07
LN-006304,59141.7
LN-022820,92406.74
LN-002451,143967.66
LN-001938,87591.03
LN-019381,4205.17
LN-008879,88836.17
LN-009102,3289.26
LN-024922,193543.84
LN-022600,5982.65
LN-012838,97672.24
LN-001030,93356.61
LN-004616,15951.02
LN-019524,83237.26
LN-027544,66672.04
LN-011793,73413.5
LN-026273,125350.89
LN-023230,96041.17
LN-027052,2659.03
LN-004393,6585.63
LN-021225,74559.08
LN-007504,38944.72
LN-016156,227700.18
LN-010585,3653.39
LN-005141,91671.73
LN-013158,23723.38
LN-001633,133386.57
LN-020641,72614.97
LN-003565,28866.61
LN-023826,29882.45
LN-013814,190.41
LN-017769,231106.26
LN-013122,132880.94
LN-024039,157784.41
LN-006982,37924.5
LN-011485,236.35
LN-021299,86312.8
LN-003916,53475.2
LN-024338,70593.93
LN-026405,98396.05
LN-024786,179434.83
LN-001350,92256.46
LN-015499,33584.8
LN-008200,23286.27
LN-009704,74611.4
LN-019884,156449.44
LN-001179,18078.91
LN-006052,44881.53
LN-019294,187169.4
LN-012119,31217.4
LN-017536,88329.83
LN-010363,81252.61
LN-001961,86134.3
LN-007508,1137.88
LN-013653,240911.21
LN-014855,30738.53
LN-021471,34782.54
LN-016441,1609.69
LN-005679,82517.75
LN-006687,18224.07
LN-007698,0.0
LN-004116,134814.27
LN-007023,113339.77
LN-000490,151754.1
LN-009100,22898.27
LN-023939,28071.39
LN-021499,190632.6
LN-027403,59847.08
LN-020749,261587.81
LN-009702,158187.02
LN-028358,211862.02
LN-018616,92354.44
LN-015351,23046.84
LN-019339,141763.92
LN-024653,65115.81
LN-027331,244023.06
LN-005911,30628.64
LN-001954,60.06
LN-020072,223392.36
LN-003028,0.0
LN-021914,74129.41
LN-020621,0.0
LN-009450,89650.59
LN-009201,0.0
LN-025794,109444.69
LN-013335,138437.14
LN-003602,46290.83
LN-013867,28614.2
LN-003021,109986.83
LN-000345,164243.47
LN-002455,268163.45
LN-027188,84888.46
LN-003412,73565.55
LN-005012,46399.5
LN-019948,41395.75
LN-017992,88296.92
LN-006769,0.0
LN-022036,0.0
LN-007230,65264.27
LN-016088,168322.48
LN-021504,280481.07
LN-023907,102840.93
LN-027471,98380.16
LN-024128,96381.75
LN-017941,44024.16
LN-015577,100955.84
LN-000533,76378.45
LN-025864,134160.82
LN-002101,35799.25
LN-026455,0.0
LN-007158,0.0
LN-023032,27228.14
LN-008565,236510.96
LN-005953,120990.43
LN-012979,71982.14
LN-011279,78977.88
LN-017231,47272.28
LN-027552,71864.98
LN-006817,64193.2
LN-004356,156093.25
LN-003760,27392.84
LN-013124,271195.11
LN-010903,140327.64
LN-020788,199152.78
LN-007457,44833.04
LN-021284,135396.66
LN-009305,159788.38
LN-025455,143204.58
LN-020018,52456.59
LN-009918,76012.25
LN-015997,26959.72
LN-018864,3031.51
LN-022984,44201.05
LN-012389,73391.8
LN-000065,3337.18
LN-010074,113855.98
LN-012396,107542.45
LN-000463,0.0
LN-003016,3886.22
LN-004033,3708.31
LN-007840,70448.26
LN-022078,225652.02
LN-022606,145585.12
LN-002682,2896.22
LN-014489,7503.5
LN-001052,111215.04
LN-025137,160924.51
LN-026999,203729.69
LN-007058,34977.89
LN-027586,25160.52
LN-011480,191571.49
LN-004348,188468.0
LN-026519,0.0
LN-008051,97877.47
LN-002987,42514.68
LN-012938,82656.46
LN-001309,33937.5
LN-014324,125924.18
LN-000923,35031.0
LN-028302,138336.96
LN-020750,130578.17
LN-007632,10477.1
LN-010476,107112.44
LN-021354,91822.45
LN-021093,40911.4
LN-000535,151083.63
LN-019864,229119.95
LN-006907,102365.69
LN-017899,185402.93
LN-023472,154624.35
LN-024548,82081.14
LN-028974,152351.15
LN-016098,137978.07
LN-004304,2715.76
LN-018483,6893.19
LN-009316,113064.96
LN-001935,0.0
LN-014989,248441.54
LN-002775,353898.77
LN-022715,268049.87
LN-011906,96217.01
LN-018485,39447.8
LN-006905,179004.0
LN-025345,160337.23
LN-027763,24510.35
LN-007190,194008.17
LN-019662,38527.79
LN-027303,35742.62
LN-019646,74703.69
LN-009712,128793.88
LN-022375,5219.86
LN-017391,110692.27
LN-003668,169534.67
LN-009486,119759.82
LN-002826,81423.64
LN-013280,218647.37
LN-005334,221905.7
LN-028700,58627.29
LN-019418,32888.56
LN-003349,81230.01
LN-020723,104107.58
LN-011973,550.89
LN-020652,28885.47
LN-024612,673.04
LN-002228,101052.37
LN-001668,91172.3
LN-023342,7291.91
LN-013205,118492.34
LN-028854,127755.18
LN-012031,18087.74
LN-013010,42021.53
LN-020892,107279.72
LN-023401,42947.68
LN-014602,142068.84
LN-006740,22058.04
LN-004278,41467.59
LN-008584,39631.29
LN-026339,54608.91
LN-007296,64202.64
LN-011437,23302.91
LN-025839,7216.91
LN-003828,115936.71
LN-012162,30958.75
LN-021223,124540.73
LN-021281,112258.69
LN-022914,58044.61
LN-025269,24726.35
LN-029035,71818.88
LN-008016,58819.16
LN-004247,36132.33
LN-025723,60997.38
LN-010588,20679.19
LN-020279,158908.01
LN-014880,178283.07
LN-017942,11690.51
LN-028392,0.0
LN-002185,75328.24
LN-009434,31021.02
LN-012401,102221.94
LN-027080,48660.17
LN-004807,199153.05
LN-002238,152349.28
LN-011558,33746.6
LN-003831,38849.9
LN-022932,61708.97
LN-008588,27846.14
LN-021025,93283.75
LN-014788,181009.61
LN-024708,151488.12
LN-007747,33496.0
LN-011767,105493.08
LN-012233,104876.3
LN-015364,72997.6
LN-006986,56948.72
LN-017612,0.0
LN-025684,155202.79
LN-003629,61224.45
LN-000266,97412.32
LN-014737,159303.64
LN-025314,3.41
LN-017738,88388.6
LN-021316,119202.36
LN-026675,43614.53
LN-002363,181753.88
LN-008219,24777.23
LN-002806,1047.9
LN-026770,186601.66
LN-007120,41186.23
LN-024489,89533.57
LN-002627,33834.47
LN-022641,61439.37
LN-001404,67.51
LN-028208,110217.48
LN-025483,165148.17
LN-010281,41693.2
LN-022228,19489.18
LN-000157,6291.03
LN-016479,33792.38
LN-028278,31661.33
LN-020661,178937.03
LN-027614,42167.43
LN-021751,9517.04
LN-024051,5700.18
LN-017257,71430.46
LN-013417,275012.59
LN-005998,193811.57
LN-010827,100605.86
LN-008916,59940.59
LN-011171,5960.36
LN-014011,58118.45
LN-002264,181193.1
LN-005209,78541.76
LN-018550,130665.08
LN-010962,36838.92
LN-010753,31479.96
LN-001999,137459.0
LN-011103,688.11
LN-027638,199877.86
LN-026190,0.0
LN-010238,32151.46
LN-017355,2343.13
LN-004523,2307.78
LN-013449,208887.43
LN-022408,94336.69
LN-003646,0.0
LN-023966,66370.05
LN-008720,290.38
LN-021517,110667.07
LN-004426,81771.2
LN-006803,135884.88
LN-017540,178094.49
LN-007828,105639.28
LN-006430,28765.23
LN-008239,152317.49
LN-022389,41464.91
LN-026735,63450.22
LN-006555,53170.78
LN-001665,76728.72
LN-001479,111036.28
LN-021102,41777.52
LN-003682,40213.04
LN-025418,73065.09
LN-002663,70211.67
LN-022943,70308.79
LN-023168,11850.82
LN-019320,80431.04
LN-026865,9827.38
LN-019076,38695.1
LN-013146,176166.59
LN-020561,4696.49
LN-001723,62462.39
LN-021943,43274.36
LN-003482,57858.52
LN-021120,80362.9
LN-004105,123441.6
LN-006575,32629.7
LN-013550,64413.04
LN-024168,140908.43
LN-018642,23327.49
LN-015158,276.85
LN-015029,11056.33
LN-019281,44154.2
LN-014237,11434.98
LN-025333,119359.18
LN-017132,27394.13
LN-013199,138510.53
LN-026877,179562.54
LN-000820,74187.94
LN-015206,2261.52
LN-026351,841.4
LN-000142,20618.84
LN-026131,20475.89
LN-026204,1392.23
LN-007689,11945.43
LN-006443,63660.22
LN-013008,30673.59
LN-027864,47706.24
LN-025937,34417.84
LN-025786,46151.85
LN-008067,195564.88
LN-018081,153604.44
LN-007980,3850.53
LN-003433,78968.47
LN-013455,29126.33
LN-013089,465.72
LN-028290,151863.47
LN-020738,41693.85
LN-013616,52786.36
LN-016057,1382.63
LN-008788,30993.02
LN-016040,4142.98
LN-022554,88002.08
LN-021429,45951.14
LN-021317,64762.48
LN-027064,31678.16
LN-013957,185632.39
LN-013332,33664.59
LN-010191,51700.58
LN-000147,106141.81
LN-022484,217386.84
LN-023192,239269.72
LN-004569,225806.8
LN-022537,53114.73
LN-006702,29424.25
LN-008615,63341.31
LN-022242,135157.38
LN-002841,83817.21
LN-016563,83601.89
LN-002031,39340.85
LN-016508,66293.82
LN-021426,161.7
LN-021178,55451.47
LN-002937,110186.79
LN-011686,76594.53
LN-000575,3435.43
LN-005105,346655.09
LN-021541,57639.36
LN-022998,0.0
LN-024983,69254.47
LN-029284,31640.44
LN-018600,76345.82
LN-018488,103075.71
LN-008113,61094.1
LN-029277,93750.05
LN-003179,4506.54
LN-012989,6798.85
LN-005463,32491.27
LN-001734,57185.29
LN-025672,44031.51
LN-010290,0.0
LN-015244,137479.23
LN-009861,16067.33
LN-017238,77088.89
LN-023681,40786.26
LN-018566,141817.12
LN-024341,113435.34
LN-012894,99847.07
LN-004303,25712.35
LN-024038,112410.99
LN-001129,89552.5
LN-002508,83123.95
LN-024648,100953.1
LN-018516,0.0
LN-025920,56879.76
LN-005472,55600.17
LN-024013,1155.31
LN-001687,840.05
LN-012234,18835.48
LN-023383,103877.22
LN-005540,19904.12
LN-011521,43310.8
LN-004707,172331.29
LN-025001,43193.09
LN-004885,25714.12
LN-021052,91656.01
LN-022689,130092.86
LN-016310,43899.46
LN-005465,20498.09
LN-014204,51956.77
LN-013072,0.0
LN-003010,50038.4
LN-012971,131441.7
LN-002809,3596.88
LN-004720,157656.34
LN-005104,39778.58
LN-022473,41613.89
LN-020054,154747.76
LN-018409,57026.61
LN-006047,36222.93
LN-019674,73928.77
LN-026408,142730.2
LN-007421,117219.74
LN-023389,80205.42
LN-021491,62194.48
LN-021773,58282.98
LN-021434,179338.99
LN-023326,17449.43
LN-011580,91481.92
LN-014614,4090.86
LN-016811,326.38
LN-015554,99362.58
LN-005914,17393.0
LN-028745,607.47
LN-026529,28731.5
LN-023599,2459.27
LN-003812,82594.13
LN-011600,141305.61
LN-018560,974.11
LN-023967,50588.87
LN-008962,262029.73
LN-027474,7299.49
LN-003090,39498.91
LN-010086,75937.09
LN-017788,50199.86
LN-016123,10836.44
LN-007933,138171.27
LN-026592,1345.83
LN-009213,177504.09
LN-019809,179037.64
LN-009519,85633.99
LN-012600,341227.96
LN-016755,33347.74
LN-001978,19183.09
LN-002942,67119.07
LN-026989,44225.39
LN-007509,74819.36
LN-003342,189394.52
LN-027820,15307.51
LN-017898,126558.58
LN-025351,109443.21
LN-023143,84670.94
LN-017309,64246.03
LN-028127,126608.47
LN-023390,110957.72
LN-016998,297689.66
LN-011712,151432.51
LN-020095,48985.09
LN-012957,0.0
LN-004658,91569.97
LN-018576,40682.38
LN-023613,82756.45
LN-019336,0.0
LN-020719,51902.47
LN-011961,1332.57
LN-008707,34937.03
LN-025804,48468.54
LN-027344,45008.42
LN-003162,43066.21
LN-014413,76774.95
LN-026941,21193.3
LN-011405,33377.84
LN-025133,97115.94
LN-007767,18130.02
LN-012944,1488.65
LN-007322,30503.99
LN-016841,3106.19
LN-012450,90652.79
LN-010616,61245.03
LN-001933,112207.75
LN-008307,0.0
LN-006549,157968.62
LN-017020,0.0
LN-000674,22162.68
LN-019323,963.92
LN-001078,195089.07
LN-028227,28274.48
LN-014740,44702.79
LN-007427,256254.48
LN-002190,59162.3
LN-009419,28474.62
LN-004471,125388.1
LN-009073,25393.9
LN-009376,27303.53
LN-006954,0.0
LN-017537,124816.8
LN-007928,38237.06
LN-008696,28957.08
LN-014686,58361.31
LN-017034,122941.69
LN-009191,76871.36
LN-012745,105090.89
LN-008573,433.57
LN-002231,24687.27
LN-027192,70694.78
LN-010412,73077.97
LN-015594,47358.12
LN-024123,110181.98
LN-018932,99525.95
LN-015640,44848.11
LN-003372,24883.0
LN-012109,86109.96
LN-011778,92583.22
LN-023211,25551.07
LN-020422,203751.52
LN-027467,157813.2
LN-023395,43635.36
LN-000519,105113.68
LN-020657,112138.17
LN-017931,266311.06
LN-007399,48792.01
LN-005688,0.0
LN-016847,67655.99
LN-018223,153112.95
LN-017529,131543.67
LN-027335,6192.0
LN-024142,64808.08
LN-022773,48317.7
LN-020048,72693.64
LN-014881,39534.01
LN-024883,0.0
LN-018494,52381.16
LN-000720,131290.33
LN-003529,88800.5
LN-005179,201474.16
LN-003126,42174.64
LN-022143,274680.16
LN-008336,62201.08
LN-008436,147089.09
LN-024057,94506.67
LN-002956,197493.04
LN-018243,93175.98
LN-024116,10472.84
LN-018837,88681.89
LN-024448,29685.83
LN-013948,0.0
LN-013420,2040.1
LN-012687,89890.55
LN-003421,40624.16
LN-006385,57055.11
LN-029310,152234.77
LN-022155,15707.02
LN-011116,111982.36
LN-001442,113043.14
LN-003360,81158.5
LN-006820,119078.02
LN-011477,33872.8
LN-003802,88570.37
LN-027207,59431.21
LN-005120,34455.07
LN-015073,43098.81
LN-010679,118094.62
LN-028056,66356.9
LN-010683,0.0
LN-007674,10863.04
LN-024310,188254.04
LN-019191,0.0
LN-026699,3805.13
LN-025587,2914.9
LN-023334,135590.29
LN-018245,142.04
LN-008418,30576.26
LN-010239,7981.98
LN-012866,98690.26
LN-013353,107906.47
LN-023454,28660.64
LN-004644,256113.9
LN-009883,113218.84
LN-003903,232840.82
LN-007739,59056.51
LN-006703,34161.72
LN-014644,50591.38
LN-018769,156262.96
LN-002075,125724.7
LN-005438,153436.58
LN-014250,103416.9
LN-004226,296122.2
LN-021619,781.75
LN-022404,81438.12
LN-002128,56380.93
LN-008485,110978.21
LN-013427,76365.83
LN-004412,87629.17
LN-026401,90615.29
LN-016592,0.0
LN-001412,30701.54
LN-024839,72568.51
LN-018499,73314.7
LN-011575,216240.75
LN-013350,123181.09
LN-017522,99157.56
LN-000592,89404.41
LN-013967,13723.34
LN-019203,162046.17
LN-017972,168744.29
LN-027483,114336.39
LN-000459,214278.67
LN-002906,62769.78
LN-016843,77937.06
LN-002613,12650.13
LN-015000,2016.77
LN-013511,5201.29
LN-004905,69055.43
LN-004489,221521.81
LN-006114,58501.27
LN-016089,95657.44
LN-026631,2301.29
LN-026242,29457.48
LN-016067,91444.44
LN-005758,217592.11
LN-008170,128553.58
LN-020185,42138.32
LN-002450,72940.35
LN-011234,33476.51
LN-007236,120081.93
LN-005022,117404.23
LN-028644,0.0
LN-012400,4288.49
LN-006746,102020.98
LN-003131,25976.76
LN-015147,83715.02
LN-008272,31449.16
LN-010727,141764.82
LN-015113,59253.43
LN-001859,211430.51
LN-002281,35685.4
LN-023725,331501.48
LN-017618,126148.62
LN-004431,33605.52
LN-014870,1784.8
LN-009904,66775.88
LN-005861,12528.37
LN-023409,62890.03
LN-026570,17506.89
LN-001449,315782.57
LN-006510,110921.58
LN-007266,31393.06
LN-020689,172796.99
LN-018235,103508.94
LN-011336,152075.97
LN-015328,107540.21
LN-002197,0.0
LN-028013,758.98
LN-014448,84660.89
LN-019983,70335.65
LN-005835,120248.62
LN-017720,43621.71
LN-010671,70229.52
LN-002182,3088.68
LN-008942,96238.19
LN-010043,125711.77
LN-029141,66138.8
LN-008983,127813.38
LN-013488,14089.99
LN-015183,61358.29
LN-028064,76534.17
LN-027826,29010.94
LN-019681,46625.51
LN-000438,262.52
LN-029091,8076.07
LN-009926,0.0
LN-027393,153691.68
LN-023768,149190.29
LN-026789,43443.21
LN-005676,95586.42
LN-011705,99582.86
LN-005647,31923.67
LN-027851,25959.44
LN-022496,69514.96
LN-029171,81725.35
LN-013196,67531.95
LN-004944,155983.67
LN-026256,1099.18
LN-004522,31849.86
LN-027578,37871.39
LN-007000,3203.03
LN-008260,142241.86
LN-019173,83904.2
LN-000918,611.89
LN-001686,1733.93
LN-018436,53685.18
LN-008662,155598.99
LN-008877,897.78
LN-022636,32617.52
LN-022533,199061.95
LN-001425,190811.12
LN-012512,367968.69
LN-008098,6005.58
LN-009976,225411.59
LN-024375,21335.23
LN-003064,48468.99
LN-023574,0.0
LN-026916,124336.68
LN-019368,18070.31
LN-013567,125191.47
LN-021035,34630.54
LN-023766,1202.66
LN-010306,99488.31
LN-021397,185384.32
LN-017273,33679.61
LN-007460,12621.03
LN-012055,39542.36
LN-012755,111074.52
LN-010575,30796.21
LN-002222,81141.01
LN-007657,186760.39
LN-003260,156552.44
LN-019521,148153.46
LN-020021,68773.1
LN-025948,8651.37
LN-001587,130999.76
LN-028770,144737.24
LN-007624,127824.7
LN-026119,61949.93
LN-014782,40187.03
LN-009732,0.0
LN-021309,105183.76
LN-015180,133555.53
LN-016578,274873.71
LN-006766,37692.6
LN-004854,37723.87
LN-029015,98964.79
LN-025943,61680.5
LN-001759,169521.13
LN-014033,57758.14
LN-023773,154951.21
LN-015983,20891.04
LN-000893,72533.82
LN-027484,67020.54
LN-009836,49949.51
LN-009766,72293.93
LN-013009,75154.63
LN-013525,141890.2
LN-008061,40038.62
LN-018473,135019.93
LN-016724,87839.61
LN-028239,13147.91
LN-002482,30959.49
LN-025728,89136.38
LN-000333,55611.4
LN-005789,72002.69
LN-016372,27260.3
LN-020181,31185.01
LN-001230,106153.12
LN-009633,307.92
LN-009779,99962.89
LN-026975,64499.16
LN-005470,74224.98
LN-022615,157618.53
LN-011256,75198.22
LN-001043,72041.01
LN-007379,142377.63
LN-024044,32300.55
LN-019634,7340.03
LN-024151,76093.28
LN-012537,48269.9
LN-006997,1232.97
LN-013211,103537.07
LN-021131,131154.23
LN-016100,148890.32
LN-013109,122055.48
LN-002579,41545.85
LN-015953,62747.14
LN-004961,36489.05
LN-023136,26787.69
LN-010505,34450.77
LN-021112,31142.05
LN-023021,195335.24
LN-001570,83312.01
LN-015689,38983.39
LN-027883,1195.39
LN-018397,120210.76
LN-014151,18256.06
LN-029319,143744.18
LN-011796,194213.07
LN-002712,242968.46
LN-007615,133.59
LN-025697,91473.61
LN-010093,72741.2
LN-021468,37748.24
LN-009318,89190.65
LN-027286,21300.03
LN-011723,53866.03
LN-011997,4325.16
LN-012653,116477.25
LN-028300,30059.1
LN-026507,85181.46
LN-023385,44814.88
LN-021406,37201.61
LN-003474,54258.35
LN-010144,36651.15
LN-020417,0.0
LN-002409,73256.19
LN-025906,80335.79
LN-014767,21475.7
LN-010873,80761.29
LN-000568,52298.29
LN-017601,46750.24
LN-001676,24870.75
LN-028373,84491.69
LN-014628,0.0
LN-023379,60733.1
LN-025062,60091.57
LN-003775,94229.51
LN-027475,5779.3
LN-017157,93900.82
LN-008077,41257.47
LN-012999,81297.99
LN-015130,1024.99
LN-014231,58954.58
LN-019835,73690.68
LN-022741,0.0
LN-014110,111100.36
LN-018163,25879.13
LN-015574,34109.86
LN-007693,104249.21
LN-016013,2464.38
LN-016403,184738.3
LN-023361,163349.8
LN-020357,91532.26
LN-027211,87826.96
LN-016214,25866.75
LN-027897,68996.6
LN-005081,257936.36
LN-006298,27930.53
LN-017487,82220.39
LN-003366,127169.36
LN-002002,214483.33
LN-021954,23606.93
LN-013437,85932.17
LN-023865,45787.09
LN-012919,168918.03
LN-022094,39470.25
LN-029014,40739.42
LN-001228,39880.84
LN-018084,114316.62
LN-012165,76960.79
LN-020121,13863.43
LN-000405,82553.66
LN-004593,89638.53
LN-027800,35951.11
LN-021999,49732.73
LN-012642,69092.17
LN-022411,11742.71
LN-027593,17322.42
LN-024109,33308.89
LN-020835,0.0
LN-015506,114797.38
LN-023435,94072.58
LN-022095,51603.68
LN-003387,83242.78
LN-000659,82349.97
LN-021461,0.0
LN-012188,7313.22
LN-008779,27851.67
LN-028403,57016.7
LN-006044,102790.16
LN-019058,103279.44
LN-024193,86014.12
LN-020239,64067.63
LN-016082,5.67
LN-003332,4394.55
LN-007537,105554.06
LN-013093,71766.9
LN-001843,199034.56
LN-009949,159317.85
LN-014920,58961.25
LN-021981,103827.43
LN-019603,72276.26
LN-018981,4520.53
LN-011209,1456.83
LN-007448,102348.28
LN-006767,117537.69
LN-009538,40846.23
LN-019033,71834.08
LN-024492,150908.73
LN-007046,160364.86
LN-021701,155453.65
LN-010696,310.73
LN-023583,10863.53
LN-014959,112340.24
LN-003448,77222.58
LN-020368,152814.53
LN-026394,130043.08
LN-016883,48636.12
LN-004171,46390.76
LN-018552,22103.75
LN-022517,80975.68
LN-019540,155482.13
LN-028321,120721.11
LN-016805,133843.63
LN-011353,96976.0
LN-001537,193336.64
LN-026557,41254.95
LN-006099,29893.07
LN-012716,3666.58
LN-019868,161253.38
LN-004977,2782.91
LN-007035,34127.3
LN-009758,44709.01
LN-005696,125499.42
LN-020825,18689.73
LN-023914,68749.56
LN-000502,51522.32
LN-019090,110018.17
LN-022806,31769.12
LN-006745,132693.08
LN-016023,0.0
LN-012265,4019.73
LN-021431,287.97
LN-006208,85096.36
LN-028769,35668.09
LN-009905,2457.76
LN-007424,21467.41
LN-012932,156818.58
LN-009093,39531.9
LN-001709,22334.44
LN-023195,58592.36
LN-013059,100228.86
LN-024391,0.0
LN-015836,92414.64
LN-000958,36488.15
LN-013589,64573.89
LN-020768,34300.73
LN-001982,86143.42
LN-020055,17826.35
LN-008483,98495.66
LN-008021,63648.44
LN-004813,190194.84
LN-026647,47467.93
LN-013321,74767.33
LN-000054,180117.94
LN-028815,80373.4
LN-013866,166583.24
LN-022541,59465.45
LN-018345,9728.08
LN-029255,86267.65
LN-018794,59656.66
LN-028672,44785.08
LN-015945,262161.75
LN-027121,23480.86
LN-009002,70713.66
LN-019361,59457.68
LN-004358,0.0
LN-004928,26522.09
LN-004311,70363.37
LN-022637,108255.9
LN-006564,166037.44
LN-025445,944.74
LN-027908,248449.29
LN-005980,106915.08
LN-002146,36850.39
LN-009977,34997.17
LN-008488,132412.48
LN-019866,85792.75
LN-009605,48964.37
LN-022300,91860.21
LN-011420,140074.81
LN-006200,34196.02
LN-010546,50304.31
LN-014444,0.0
LN-005699,182599.35
LN-015303,76372.47
LN-027601,92394.15
LN-028995,105096.04
LN-015231,95873.64
LN-020923,6058.27
LN-010690,78504.14
LN-024500,6632.04
LN-005924,107062.71
LN-018100,106620.38
LN-027466,259759.23
LN-015155,0.0
LN-004490,4564.63
LN-027879,260138.97
LN-020685,77155.64
LN-011880,36195.45
LN-006513,71459.03
LN-019655,52505.65
LN-015270,131529.03
LN-026908,84388.35
LN-012950,18264.39
LN-023099,1916.78
LN-002943,90058.09
LN-005705,69921.74
LN-006496,142371.3
LN-012774,141258.89
LN-028536,183527.26
LN-001012,0.0
LN-012434,122381.19
LN-012513,8598.22
LN-000534,32518.93
LN-011105,47162.64
LN-015297,107268.94
LN-000698,626.87
LN-008380,454.55
LN-000097,41845.49
LN-016297,1206.5
LN-001252,86434.17
LN-002558,88505.68
LN-014069,36645.85
LN-022506,42819.46
LN-025187,20275.41
LN-026920,70727.1
LN-001985,46954.62
LN-027486,163092.53
LN-023122,30177.83
LN-022339,0.0
LN-013723,164241.65
LN-017872,105365.13
LN-023102,139387.12
LN-012229,142454.62
LN-011608,20827.82
LN-020712,983.46
LN-027950,187979.22
LN-005016,541.08
LN-008208,32867.18
LN-024485,73675.81
LN-012038,171957.08
LN-027790,48781.87
LN-023894,110419.85
LN-023969,292063.03
LN-018772,48435.61
LN-007706,2077.52
LN-004844,4523.64
LN-004819,22005.38
LN-003558,8983.44
LN-013476,34730.65
LN-001941,35864.59
LN-014746,56542.46
LN-023752,93350.74
LN-011200,194471.69
LN-019133,74778.76
LN-026537,178965.15
LN-022613,75135.87
LN-002867,53759.32
LN-012244,3034.5
LN-019570,43023.91
LN-024480,64233.63
LN-023714,24432.83
LN-006932,2034.51
LN-015131,59648.46
LN-004910,197170.08
LN-014138,56247.71
LN-006528,3313.08
LN-001467,63811.71
LN-005995,71097.44
LN-018092,27532.77
LN-017616,101378.76
LN-018597,0.0
LN-005382,28503.65
LN-026598,42447.14
LN-009179,94056.27
LN-000306,53069.81
LN-012819,73383.01
LN-022957,59686.17
LN-001359,168932.01
LN-011602,145506.49
LN-026887,7619.05
LN-010651,38794.98
LN-001432,31712.24
LN-001071,15282.99
LN-004745,55545.62
LN-028177,1358.37
LN-011001,43708.38
LN-019840,595.81
LN-021048,117446.86
LN-023533,163940.2
LN-025640,74136.36
LN-016871,224370.94
LN-002135,47442.84
LN-004294,242669.53
LN-029114,0.0
LN-013120,32894.1
LN-010087,64753.8
LN-002667,63011.05
LN-029217,115635.6
LN-000168,86354.54
LN-018312,3830.33
LN-011998,21394.1
LN-016584,0.0
LN-006991,28010.09
LN-007167,30055.7
LN-013765,57590.53
LN-000129,65288.61
LN-009039,122436.53
LN-007971,100939.69
LN-012931,28759.22
LN-019847,45079.65
LN-028578,159845.22
LN-010297,139473.79
LN-011357,51382.11
LN-018608,29649.11
LN-002597,0.0
LN-016663,1002.38
LN-018789,66062.32
LN-005216,25181.12
LN-019791,39662.51
LN-023644,70989.84
LN-020939,35731.76
LN-026526,318827.54
LN-007125,145921.67
LN-025561,54642.38
LN-028906,150239.92
LN-017197,38876.52
LN-013469,2420.49
LN-023621,95245.68
LN-012340,0.0
LN-006824,313.11
LN-012903,69076.19
LN-021767,64801.85
LN-014849,137795.81
LN-023503,368.06
LN-003905,0.0
LN-018819,65617.09
LN-022163,2969.89
LN-005555,44701.19
LN-001363,46287.64
LN-005713,85155.77
LN-015593,36524.7
LN-010156,111371.06
LN-009755,101401.38
LN-001210,104096.92
LN-001767,2199.97
LN-016173,26407.04
LN-016585,61248.5
LN-021897,62023.22
LN-012392,68409.39
LN-028117,37812.12
LN-018575,136298.09
LN-003523,59330.37
LN-001317,99770.96
LN-018238,194749.01
LN-027833,128513.52
LN-004679,5105.59
LN-021026,4230.1
LN-006685,35773.07
LN-022935,80361.08
LN-017814,0.0
LN-016539,75956.14
LN-012638,161072.97
LN-025387,0.0
LN-026234,46429.31
LN-005883,63011.04
LN-004922,3797.2
LN-012286,52383.86
LN-016102,33396.98
LN-002068,24339.83
LN-000737,58128.54
LN-009776,277148.51
LN-024186,158691.19
LN-011939,29918.08
LN-026022,76209.98
LN-027531,140583.14
LN-013060,181969.15
LN-001338,199702.13
LN-021469,29171.89
LN-015272,120188.08
LN-004558,169204.36
LN-009936,40281.85
LN-028598,61322.73
LN-006621,36998.1
LN-007558,51160.68
LN-026277,145334.69
LN-022594,109149.39
LN-019170,14731.29
LN-020780,260049.54
LN-015671,74464.06
LN-001482,28491.7
LN-024849,65176.89
LN-008649,36651.55
LN-020704,35369.1
LN-013171,21380.25
LN-012000,295782.46
LN-012360,0.0
LN-003130,99087.29
LN-012364,35655.24
LN-000383,7298.22
LN-019679,72310.06
LN-009227,201224.64
LN-026923,35979.8
LN-002549,26693.21
LN-018877,162256.25
LN-019739,56239.03
LN-024005,89923.36
LN-012033,11783.78
LN-028850,78025.39
LN-003464,71116.88
LN-006141,54922.61
LN-018226,70864.88
LN-028074,165748.2
LN-020482,146212.88
LN-001420,151048.04
LN-019501,23578.41
LN-021744,23481.93
LN-021334,27476.5
LN-027680,37103.47
LN-007042,7969.3
LN-023419,6587.56
LN-009952,157934.4
LN-021275,22627.02
LN-006026,205131.05
LN-008685,24285.63
LN-021789,102094.42
LN-003112,20640.91
LN-000476,24740.62
LN-012863,26942.86
LN-018216,37476.03
LN-023180,135036.09
LN-017250,13023.15
LN-019440,87342.28
LN-025698,126158.93
LN-010257,48739.6
LN-013039,181305.25
LN-003227,55773.45
LN-019324,119362.44
LN-020406,40285.3
LN-012387,29049.33
LN-000085,29412.42
LN-017614,72129.56
LN-012568,41560.74
LN-009270,98189.24
LN-016939,139.44
LN-029227,122182.65
LN-022320,83318.98
LN-019691,8987.68
LN-004895,60989.23
LN-007692,107350.33
LN-025123,34701.35
LN-023922,70021.5
LN-020991,110518.53
LN-019188,74072.88
LN-021232,42061.41
LN-017991,854.91
LN-026165,129207.7
LN-029076,214299.24
LN-001656,97074.24
LN-023983,148069.13
LN-025221,32536.18
LN-017957,74458.92
LN-021588,154245.14
LN-008462,123945.2
LN-014457,26267.32
LN-013430,40658.65
LN-002267,160498.79
LN-019353,424918.57
LN-005732,56364.58
LN-009806,150632.21
LN-023312,79422.4
LN-014752,0.0
LN-019053,27719.56
LN-003820,44069.02
LN-024583,282255.08
LN-015372,35400.55
LN-028319,302557.18
LN-026192,133232.0
LN-005126,32084.41
LN-013246,138343.0
LN-020901,0.0
LN-021872,101560.92
LN-019516,2132.66
LN-011131,61214.66
LN-013901,38738.34
LN-005320,1445.02
LN-027728,146382.43
LN-024993,196160.12
LN-009865,661.1
LN-000967,0.0
LN-004872,217702.97
LN-028505,21685.73
LN-004435,146305.69
LN-009374,60059.94
LN-028901,27760.65
LN-018214,4406.6
LN-008820,56326.2
LN-020857,66074.83
LN-027163,967.72
LN-028493,86698.08
LN-006463,6144.78
LN-020113,10773.18
LN-004677,85390.99
LN-014883,52331.99
LN-009239,32661.23
LN-004020,89897.16
LN-020572,253997.68
LN-012913,6769.51
LN-019096,31424.75
LN-000707,152239.83
LN-020461,15292.78
LN-021533,73146.23
LN-023424,53524.9
LN-011323,153052.27
LN-003978,53891.95
LN-028871,80451.36
LN-013137,4035.82
LN-021665,101671.18
LN-022149,175288.21
LN-022944,37826.79
LN-020468,656.23
LN-026624,63912.45
LN-028845,139164.76
LN-027501,171261.5
LN-003156,0.0
LN-017320,70485.22
LN-029109,43251.27
LN-023751,167871.64
LN-010904,23933.54
LN-009159,10647.68
LN-025238,166556.02
LN-009461,92164.55
LN-027683,0.0
LN-025744,1611.25
LN-026078,165296.69
LN-011915,9309.28
LN-022497,73473.39
LN-008883,138272.22
LN-018262,174.58
LN-000462,1627.76
LN-027291,39922.31
LN-029063,78736.36
LN-026413,68370.64
LN-012458,58213.45
LN-019707,35510.69
LN-000539,49894.49
LN-009626,163779.65
LN-020071,33280.46
LN-000965,71290.21
LN-003265,114954.61
LN-016952,12658.86
LN-001055,41216.45
LN-028060,129575.52
LN-028313,0.0
LN-009144,204314.08
LN-002608,42454.73
LN-025693,1638.95
LN-018968,109905.88
LN-001095,23804.65
LN-008415,97361.82
LN-018807,140400.48
LN-012192,58381.14
LN-013165,108606.27
LN-027784,198857.03
LN-026201,393222.31
LN-012861,143.95
LN-006637,152583.23
LN-021270,87847.82
LN-003036,116337.86
LN-009894,148836.85
LN-001112,227585.76
LN-023700,104530.71
LN-005640,8635.01
LN-018317,53310.47
LN-003755,3335.83
LN-029224,113291.55
LN-011760,3957.69
LN-022384,0.0
LN-027204,23111.26
LN-026946,8308.23
LN-026238,0.0
LN-009049,0.0
LN-028014,67645.31
LN-029307,9880.16
LN-029288,35911.67
LN-011524,25498.42
LN-028970,49534.09
LN-016647,95360.1
LN-026972,89387.18
LN-017013,54653.62
LN-026563,75828.97
LN-026938,39953.06
LN-027128,31656.15
LN-005947,57362.72
LN-021449,33079.11
LN-013628,34140.29
LN-016010,31160.91
LN-023020,51840.56
LN-026426,150474.42
LN-001548,81251.53
LN-015053,47362.59
LN-006157,77179.21
LN-002761,68987.23
LN-020358,14428.67
LN-003505,42576.75
LN-016973,40953.68
LN-026465,119753.41
LN-027183,125409.6
LN-019290,134831.53
LN-026485,168660.17
LN-024994,75669.68
LN-028663,37795.66
LN-025012,53667.38
LN-018540,36505.11
LN-008334,39772.4
LN-006478,83500.45
LN-010304,125808.51
LN-017714,38260.82
LN-018213,96918.77
LN-004160,70737.6
LN-002459,61319.43
LN-021889,98762.6
LN-009055,39624.48
LN-027762,20494.35
LN-012228,123758.77
LN-000650,60924.66
LN-016099,26427.3
LN-000205,44069.0
LN-024625,98661.42
LN-006150,146595.15
LN-010375,44128.6
LN-003756,38621.45
LN-005240,61777.9
LN-025599,64344.89
LN-014290,155510.57
LN-002044,45213.61
LN-019387,5231.28
LN-024697,10639.19
LN-003113,25925.38
LN-008386,84899.42
LN-012380,809.59
LN-018548,16697.19
LN-004563,40190.75
LN-026105,117243.19
LN-016532,84838.13
LN-016651,35030.26
LN-000941,8143.14
LN-011230,49386.76
LN-009898,68975.52
LN-009391,107071.76
LN-007700,27305.47
LN-016613,50871.24
LN-001515,65831.49
LN-024660,101177.72
LN-018567,81170.94
LN-008464,201.61
LN-008679,100852.21
LN-007384,0.0
LN-011415,50328.94
LN-028228,119522.15
LN-009548,142876.05
LN-004888,8550.69
LN-019503,0.0
LN-025656,105270.37
LN-012876,14281.37
LN-017662,66035.83
LN-014680,58979.78
LN-006684,125401.2
LN-010887,77060.43
LN-022106,54596.04
LN-020599,175401.0
LN-022383,42556.25
LN-024114,39334.52
LN-008413,24469.86
LN-000761,58366.93
LN-021828,46920.15
LN-013940,3245.35
LN-018537,161388.77
LN-025544,0.0
LN-009322,47394.63
LN-007354,0.0
LN-009333,131864.3
LN-028129,34884.12
LN-003351,93704.54
LN-019258,3199.53
LN-009178,23333.9
LN-016147,29500.73
LN-025551,0.0
LN-012041,13134.1
LN-003782,50090.7
LN-002105,38591.6
LN-007350,0.0
LN-004524,94268.06
LN-025628,197778.32
LN-022644,117089.59
LN-005018,90401.68
LN-028173,28691.43
LN-004897,19429.41
LN-023743,24119.45
LN-018154,89409.26
LN-028305,23095.4
LN-021909,9797.62
LN-008604,121935.57
LN-022358,52591.33
LN-027737,27712.36
LN-017341,105611.04
LN-006442,97671.36
LN-017723,89386.36
LN-012850,223902.28
LN-014313,182260.25
LN-012560,141549.15
LN-024888,30563.36
LN-009740,121580.78
LN-027236,35171.25
LN-013996,96285.63
LN-011657,18190.76
LN-015300,33519.36
LN-001283,83634.04
LN-022397,106600.76
LN-006168,76080.67
LN-025898,24384.5
LN-012473,155188.38
LN-015780,84381.15
LN-018670,63217.82
LN-023611,178339.24
LN-025076,133154.55
LN-001056,64144.21
LN-006734,57829.94
LN-024537,165023.34
LN-029193,2575.93
LN-013843,48750.47
LN-025150,3098.48
LN-014374,179531.7
LN-026870,42486.08
LN-014449,235066.89
LN-015205,41036.05
LN-005670,47231.83
LN-001187,187259.49
LN-007985,207447.6
LN-002935,130643.78
LN-015394,49848.26
LN-019342,127504.85
LN-019843,104667.61
LN-024717,83940.17
LN-019109,37919.41
LN-022748,32595.86
LN-025764,89759.35
LN-009489,154378.03
LN-016683,17312.67
LN-005432,222747.53
LN-025329,0.0
LN-010835,62314.84
LN-002515,16014.54
LN-011579,39032.58
LN-016499,103386.94
LN-017107,194746.79
LN-021796,30036.26
LN-004931,16909.73
LN-014226,63004.58
LN-022708,38841.22
LN-012666,39002.16
LN-022713,40607.8
LN-029250,92149.31
LN-021785,92813.16
LN-004766,135313.96
LN-020220,7433.2
LN-014017,26868.14
LN-015806,111435.62
LN-017823,133190.43
LN-004207,0.0
LN-011936,132140.79
LN-004881,65345.65
LN-011066,46238.99
LN-003326,38145.97
LN-016507,0.0
LN-017916,22069.17
LN-025209,2295.96
LN-000162,32984.04
LN-026274,76336.97
LN-023851,92775.99
LN-001224,221250.11
LN-019954,84050.79
LN-021188,141544.03
LN-018727,52939.44
LN-008146,155995.77
LN-007325,76945.37
LN-026447,35087.01
LN-012394,50174.74
LN-022311,30107.97
LN-009479,47541.1
LN-027565,1228.84
LN-009165,70296.37
LN-026449,236788.45
LN-016152,119000.02
LN-027734,0.0
LN-016874,55795.76
LN-012191,110930.39
LN-006438,251035.13
LN-009407,76824.25
LN-013372,48044.87
LN-026033,61606.54
LN-006101,1165.63
LN-006462,53522.49
LN-018332,36346.29
LN-008236,105012.06
LN-022938,169240.26
LN-020080,34448.44
LN-000971,71283.06
LN-023916,14576.63
LN-006858,133461.58
LN-014014,127292.42
LN-007575,71084.14
LN-012200,29816.55
LN-021006,51517.38
LN-001649,21815.91
LN-010080,5020.89
LN-001299,185965.67
LN-011395,80776.56
LN-014653,108536.99
LN-019465,166398.89
LN-012806,126128.45
LN-028237,91895.94
LN-016203,83613.39
LN-018704,65316.29
LN-021673,985.5
LN-018196,83940.91
LN-000873,9281.18
LN-010968,57349.75
LN-019419,181060.61
LN-009416,8572.74
LN-000127,97020.43
LN-001270,133138.19
LN-018838,40866.17
LN-001562,178.5
LN-012053,89807.43
LN-007349,68606.83
LN-011494,55031.97
LN-004342,111360.18
LN-025068,78624.95
LN-020269,46220.37
LN-027989,2232.39
LN-009896,22537.87
LN-009498,6537.3
LN-020020,65956.21
LN-010197,49814.93
LN-006316,198748.59
LN-020464,75280.39
LN-017216,1694.13
LN-027310,0.0
LN-014590,100610.48
LN-026587,0.0
LN-004260,105660.29
LN-026467,114622.93
LN-017834,70916.55
LN-023073,107865.13
LN-008824,123113.59
LN-005055,25027.58
LN-018149,90352.29
LN-025887,50914.57
LN-006263,56432.68
LN-007546,15284.31
LN-017962,106258.48
LN-013150,74694.74
LN-007929,105114.07
LN-014100,35727.7
LN-015014,78188.22
LN-027352,0.0
LN-004891,468.7
LN-029265,195802.25
LN-029264,66200.23
LN-004545,273554.0
LN-018534,590.74
LN-007011,57345.32
LN-000524,221639.08
LN-017575,53100.38
LN-007218,61221.37
LN-023467,77.66
LN-024910,38417.99
LN-000380,174870.21
LN-009409,22330.62
LN-008331,313355.77
LN-021543,543.09
LN-012043,0.0
LN-014023,60054.55
LN-014466,27999.52
LN-027039,7909.71
LN-010141,57439.08
LN-000512,6566.02
LN-017926,80542.14
LN-024380,54063.44
LN-012125,57463.98
LN-016534,37519.14
LN-027918,61622.33
LN-005446,0.0
LN-016467,196395.42
LN-009705,81478.4
LN-010472,85093.61
LN-008030,66979.14
LN-007878,51907.43
LN-005054,54632.62
LN-020954,12373.7
LN-020883,74317.11
LN-009263,13672.51
LN-005107,60432.96
LN-003709,4395.0
LN-021912,0.0
LN-026681,71364.57
LN-013352,271669.65
LN-022361,88474.27
LN-025202,56285.54
LN-011496,0.0
LN-007777,32983.63
LN-013078,147474.65
LN-015088,0.0
LN-020862,25320.04
LN-001549,78775.51
LN-007064,115927.79
LN-017301,92005.05
LN-002178,10757.86
LN-026691,66790.15
LN-021786,622.92
LN-011271,21256.15
LN-023244,73651.5
LN-010944,33516.82
LN-007304,220562.41
LN-029110,85255.71
LN-003008,84244.71
LN-028154,42626.14
LN-022775,161171.38
LN-018687,35126.69
LN-005317,156737.52
LN-029234,103886.73
LN-005897,41588.29
LN-010076,256584.9
LN-024052,3580.74
LN-005417,201764.09
LN-026082,204220.44
LN-017841,33900.41
LN-008474,229113.06
LN-011051,649.32
LN-007526,186792.73
LN-010914,40665.24
LN-016596,67555.14
LN-002736,43780.92
LN-019527,53919.1
LN-019914,201403.89
LN-022782,98049.43
LN-026706,167929.08
LN-011878,202106.53
LN-025646,110356.2
LN-029299,10997.18
LN-003989,245800.59
LN-018230,36835.76
LN-010358,74387.07
LN-003652,57217.25
LN-005749,29619.94
LN-018650,136927.44
LN-016801,3426.99
LN-007238,50528.34
LN-005445,61647.6
LN-026738,70566.95
LN-022273,67288.56
LN-026128,180277.79
LN-002967,45182.55
LN-025934,0.0
LN-022457,105573.76
LN-024416,11781.26
LN-021485,149526.72
LN-008502,74157.34
LN-002064,230661.26
LN-021547,57290.27
LN-004331,21533.3
LN-008940,163326.82
LN-001160,139807.33
LN-019460,50346.04
LN-009928,0.0
LN-019430,455.61
LN-002056,238135.78
LN-006518,180450.0
LN-022270,31994.02
LN-006842,191053.78
LN-022051,132878.48
LN-020204,68251.82
LN-022705,60861.37
LN-004599,0.0
LN-027063,119787.02
LN-018435,51841.82
LN-028343,257361.96
LN-004697,42875.52
LN-005790,121989.1
LN-017131,225665.33
LN-026728,231862.4
LN-014635,44321.5
LN-011278,61585.8
LN-008060,0.0
LN-021551,66068.53
LN-018986,65372.33
LN-010439,30899.91
LN-002792,13660.67
LN-027014,0.0
LN-025474,64892.75
LN-013361,60977.25
LN-019984,31250.02
LN-020692,106550.48
LN-027416,82745.4
LN-008912,43194.88
LN-023918,56357.16
LN-023043,12256.87
LN-000376,107015.52
LN-016616,40831.74
LN-001108,1568.91
LN-025894,8715.84
LN-014703,101277.52
LN-029201,23939.45
LN-000425,0.0
LN-019854,0.0
LN-029238,38846.21
LN-025069,45750.21
LN-019136,69118.35
LN-002732,194861.97
LN-028027,112341.85
LN-009530,96933.85
LN-006717,58717.64
LN-020180,1.14
LN-010435,23017.7
LN-001441,43054.81
LN-006406,117082.72
LN-020053,101989.76
LN-010518,1484.01
LN-001226,72038.95
LN-012071,61281.8
LN-023241,270563.86
LN-029162,3856.47
LN-010019,73053.56
LN-015921,178085.17
LN-016337,61632.7
LN-000846,170923.33
LN-002426,53343.35
LN-015687,88297.59
LN-020130,38291.42
LN-022739,52437.2
LN-011203,104466.0
LN-004754,25883.33
LN-002077,0.0
LN-001003,68311.48
LN-021304,33267.25
LN-028268,705.64
LN-021274,81045.55
LN-004454,129073.74
LN-026194,202460.0
LN-016705,119704.7
LN-004330,691.75
LN-007408,113479.97
LN-023441,311715.84
LN-002221,193553.45
LN-016631,36085.23
LN-029132,102361.05
LN-009256,127855.68
LN-012446,116174.78
LN-022340,120942.65
LN-004737,29266.56
LN-006623,14974.71
LN-020609,0.0
LN-021919,49228.2
LN-002603,104208.61
LN-028069,7795.1
LN-014468,0.0
LN-015423,68701.79
LN-005490,72767.89
LN-014516,275722.08
LN-010667,137155.59
LN-023341,43992.44
LN-007453,84928.97
LN-005253,264401.45
LN-011156,59744.48
LN-026524,38874.54
LN-002444,33330.42
LN-021342,142794.28
LN-001516,18277.07
LN-001523,69723.56
LN-008955,0.0
LN-010685,69737.37
LN-005635,227625.45
LN-019568,69654.17
LN-008985,29088.7
LN-002581,48581.17
LN-022727,91311.58
LN-011403,105962.64
LN-000778,241297.36
LN-028342,76877.04
LN-023684,49704.7
LN-021659,131509.38
LN-020138,142701.73
LN-006573,83747.42
LN-002117,218245.67
LN-006452,23783.52
LN-011618,154810.26
LN-005799,60363.82
LN-009837,58575.21
LN-022752,73118.25
LN-003456,224498.26
LN-019509,246625.76
LN-013094,219569.85
LN-025567,2160.22
LN-021843,76406.08
LN-003698,287958.79
LN-023717,0.0
LN-015739,134230.96
LN-003123,18734.95
LN-016302,233002.96
LN-005062,62602.61
LN-013014,0.0
LN-013955,413.26
LN-007567,83322.58
LN-003418,114301.14
LN-020473,0.0
LN-011248,69222.66
LN-009424,96385.08
LN-011360,11721.0
LN-004793,95017.89
LN-001890,2093.98
LN-008370,19758.45
LN-024669,52478.06
LN-029013,10832.66
LN-026453,173509.57
LN-003920,210211.35
LN-013754,264246.0
LN-003478,0.0
LN-023111,112656.93
LN-020394,113443.15
LN-009026,227029.47
LN-027041,25082.26
LN-027457,63158.61
LN-026945,117755.2
LN-025309,0.0
LN-005899,45661.12
LN-015352,32968.65
LN-001799,25820.96
LN-001082,83131.02
LN-020793,42283.78
LN-002763,126644.08
LN-001313,16503.94
LN-003551,57276.72
LN-001885,16.48
LN-012787,21948.71
LN-010672,106488.88
LN-025006,70391.19
LN-027383,0.0
LN-015837,65400.41
LN-003716,33460.44
LN-022211,17513.29
LN-018089,102264.62
LN-026462,25158.63
LN-009749,0.0
LN-008276,36021.19
LN-019128,149304.02
LN-008617,19472.68
LN-023544,68081.52
LN-010663,0.0
LN-016913,1028.07
LN-020432,53900.25
LN-000029,65915.95
LN-003804,80344.29
LN-023593,83950.93
LN-007733,57743.74
LN-009775,152121.82
LN-001888,0.0
LN-023632,39146.63
LN-013713,43262.93
LN-005526,48666.36
LN-015904,73714.54
LN-003393,447.89
LN-022135,24875.22
LN-025051,19208.69
LN-010612,76108.27
LN-003600,178372.04
LN-000769,4258.64
LN-009361,70999.87
LN-012778,84999.49
LN-012640,180619.14
LN-026652,25779.3
LN-018014,352.35
LN-003400,96417.15
LN-000933,101448.62
LN-022385,144986.18
LN-013710,87978.55
LN-003466,36415.99
LN-000264,34892.96
LN-008427,112998.59
LN-003969,38393.48
LN-021159,0.0
LN-019883,89463.72
LN-011335,53068.24
LN-002351,103435.72
LN-011983,214003.58
LN-025626,60473.57
LN-011104,73067.7
LN-004733,71723.1
LN-027456,150992.14
LN-024824,27996.13
LN-015636,1188.33
LN-012483,125508.72
LN-024519,33887.51
LN-021708,32082.48
LN-024823,101.3
LN-023770,140.85
LN-006255,157724.17
LN-028846,31562.16
LN-011483,34918.13
LN-022428,127525.9
LN-010000,196595.07
LN-006532,28212.34
LN-005957,152541.45
LN-015609,86794.94
LN-007406,72667.52
LN-017896,22795.83
LN-029053,35643.63
LN-016599,29199.49
LN-016096,37659.64
LN-003293,0.0
LN-008043,152544.13
LN-006178,63234.38
LN-021109,74882.02
LN-024315,0.0
LN-016430,114989.28
LN-003440,159168.12
LN-001787,64002.31
LN-002853,163636.13
LN-002931,133126.73
LN-011678,111719.71
LN-001009,74445.61
LN-016845,5916.45
LN-024728,10793.47
LN-015411,1187.35
LN-011258,59473.12
LN-012004,63457.78
LN-006693,60146.52
LN-000458,59.99
LN-017713,4844.34
LN-026790,1843.58
LN-013242,63645.74
LN-000351,170499.52
LN-010030,175805.48
LN-014478,18253.77
LN-004716,0.0
LN-016445,64015.94
LN-022368,185465.58
LN-021376,27159.87
LN-015865,1880.6
LN-007183,95917.26
LN-029023,112296.82
LN-006404,219039.9
LN-028886,23318.44
LN-026684,97393.74
LN-019644,113043.06
LN-021325,87432.16
LN-026181,32319.81
LN-010154,58004.32
LN-001754,61872.9
LN-002265,159808.73
LN-009308,46417.67
LN-012845,53531.34
LN-023163,19331.09
LN-026642,7900.73
LN-027711,97924.36
LN-014589,208095.11
LN-005872,60530.09
LN-000690,72581.94
LN-013190,5312.41
LN-015793,41780.77
LN-002741,164926.43
LN-013006,940.33
LN-028402,31227.69
LN-008742,72328.35
LN-022298,82304.14
LN-010895,25666.93
LN-000887,29974.48
LN-004093,40732.41
LN-003579,0.0
LN-023394,228420.09
LN-015871,70498.56
LN-020110,104696.15
LN-005976,141804.75
LN-011540,21199.84
LN-019078,244209.32
LN-012686,26378.31
LN-027973,69298.35
LN-009911,62797.48
LN-017433,79449.59
LN-010756,31184.65
LN-022039,204201.78
LN-024154,13.63
LN-001069,83436.09
LN-023834,52087.68
LN-003692,90217.23
LN-023618,152631.02
LN-025882,1117.02
LN-011703,176846.15
LN-024667,60119.24
LN-021042,159653.72
LN-012822,35493.66
LN-002648,42864.04
LN-011157,20169.34
LN-008378,63968.95
LN-007287,18716.61
LN-013576,33318.46
LN-016783,26121.14
LN-010891,139283.15
LN-019851,16123.11
LN-012154,17591.1
LN-025885,8620.46
LN-011004,12337.06
LN-022058,33820.9
LN-005929,85437.67
LN-012862,55459.55
LN-027606,7422.2
LN-007382,111715.91
LN-007059,114734.34
LN-014428,71901.54
LN-000202,68428.53
LN-018754,214920.57
LN-026921,41848.32
LN-021584,66625.99
LN-029040,7955.63
LN-027260,0.0
LN-005927,36569.74
LN-023097,114562.31
LN-010942,52484.37
LN-012526,211743.0
LN-029249,62459.56
LN-018150,1268.63
LN-018041,273025.05
LN-024011,67967.92
LN-003309,80257.27
LN-017933,247172.26
LN-022061,107227.81
LN-020626,105014.41
LN-008432,14900.23
LN-022571,73786.71
LN-029270,0.0
LN-027821,118904.94
LN-009994,88975.16
LN-026380,121631.3
LN-025364,12344.03
LN-015055,10204.34
LN-002428,0.0
LN-000368,63714.35
LN-010408,45299.84
LN-023577,27465.86
LN-009405,51997.47
LN-025250,92741.74
LN-013220,53326.81
LN-027269,95290.47
LN-019275,21653.15
LN-006305,154905.58
LN-009232,404627.29
LN-011828,71649.38
LN-028706,131227.4
LN-012506,61529.34
LN-003044,94422.56
LN-015566,84567.15
LN-019287,95865.93
LN-013418,75464.78
LN-015252,19474.52
LN-002585,28308.53
LN-011630,74577.19
LN-019042,57405.74
LN-012805,101145.16
LN-012264,96657.52
LN-023524,27435.37
LN-024101,41025.61
LN-010577,200517.12
LN-026367,2950.75
LN-027284,33204.88
LN-012425,100559.38
LN-023368,19737.94
LN-024305,40884.76
LN-014916,22871.56
LN-012090,12863.65
LN-025460,5094.25
LN-004488,43816.43
LN-014677,26643.8
LN-003815,130409.86
LN-010222,38542.84
LN-027899,115961.04
LN-027618,117349.22
LN-018425,63829.83
LN-018007,162.75
LN-012224,37691.93
LN-003097,136381.43
LN-025668,79547.03
LN-002289,125698.9
LN-028216,67718.08
LN-008014,42042.01
LN-001757,73008.89
LN-015822,23022.16
LN-012022,60913.8
LN-006158,45142.02
LN-010656,74831.41
LN-016587,7621.9
LN-012198,280904.38
LN-019814,216538.41
LN-007668,174648.77
LN-026178,202337.92
LN-008760,40240.61
LN-022585,31340.11
LN-014630,46044.65
LN-021824,71517.2
LN-014164,11360.15
LN-000297,22337.39
LN-021532,82096.49
LN-014834,184232.38
LN-000004,164165.74
LN-008570,125802.35
LN-011543,31902.98
LN-000250,60727.17
LN-004329,209551.21
LN-015734,126738.76
LN-012276,45197.63
LN-029074,6019.57
LN-004109,96868.23
LN-019265,49769.48
LN-009835,41672.79
LN-013521,23339.67
LN-011945,0.0
LN-011052,21440.36
LN-016710,63789.12
LN-014584,0.0
LN-002061,72155.28
LN-019813,106311.14
LN-000811,24513.37
LN-025487,72694.76
LN-014336,59360.7
LN-018050,41645.08
LN-026852,65749.05
LN-013738,37965.32
LN-014695,18192.25
LN-003201,3227.47
LN-027582,5434.06
LN-016703,59429.3
LN-027496,1175.1
LN-020338,17469.61
LN-018440,164478.45
LN-000957,120205.21
LN-028010,163676.92
LN-026424,221377.95
LN-027458,138050.7
LN-003419,105481.57
LN-002489,111235.21
LN-002798,2297.91
LN-015902,164075.12
LN-021212,97900.02
LN-026250,27323.29
LN-000347,228948.05
LN-027348,141463.72
LN-009473,75987.43
LN-020108,1112.96
LN-018991,36815.02
LN-024595,73711.86
LN-028398,40795.21
LN-022842,34355.23
LN-020697,41214.03
LN-014442,54288.19
LN-000226,29142.71
LN-003468,38028.88
LN-009229,69831.06
LN-010703,50873.64
LN-024848,124138.92
LN-023496,222674.47
LN-020655,229178.49
LN-004150,0.0
LN-014299,2002.21
LN-005764,17274.89
LN-010760,148095.35
LN-002023,38320.91
LN-006161,266111.33
LN-001998,27535.54
LN-015876,30639.11
LN-008383,28482.13
LN-000599,88903.27
LN-014048,185699.99
LN-022322,258760.37
LN-024626,0.0
LN-001776,82023.36
LN-027442,20982.15
LN-003046,0.0
LN-020254,152248.82
LN-003750,87084.35
LN-001059,85626.23
LN-021578,222566.59
LN-008902,48984.76
LN-014445,85255.64
LN-000498,18664.77
LN-010453,44269.54
LN-018166,140271.49
LN-022852,31.14
LN-001128,37261.34
LN-013878,16172.25
LN-012831,84547.27
LN-017851,0.0
LN-018167,8949.47
LN-001066,56839.88
LN-021081,44633.23
LN-018048,164795.94
LN-012719,100438.51
LN-029183,59179.41
LN-007141,107561.03
LN-002131,140731.58
LN-028924,59217.43
LN-020191,116109.8
LN-003995,5525.28
LN-027562,39851.2
LN-017037,43644.69
LN-012858,41465.27
LN-005966,0.0
LN-026036,39988.65
LN-025192,65820.38
LN-023050,22288.18
LN-016032,97496.47
LN-018204,23042.1
LN-014534,23564.16
LN-024223,152397.35
LN-014875,218674.37
LN-020081,101017.04
LN-014762,49478.16
LN-001870,55393.88
LN-029034,41764.25
LN-005810,29049.5
LN-001170,299413.72
LN-003649,42961.27
LN-008440,84713.59
LN-006821,47283.84
LN-026296,899.95
LN-018202,71332.88
LN-024206,177470.6
LN-008813,108824.83
LN-015801,34671.6
LN-017138,69776.29
LN-006931,72970.23
LN-008787,34200.86
LN-011958,99547.74
LN-025050,267351.98
LN-001688,49277.06
LN-002670,427.64
LN-008212,27616.76
LN-024071,55745.61
LN-004127,4710.77
LN-029278,18441.38
LN-013497,42440.1
LN-013731,18238.28
LN-009974,31274.43
LN-011003,13005.09
LN-028864,29696.13
LN-027514,95719.56
LN-006252,157491.57
LN-011079,70555.01
LN-018771,49416.71
LN-008439,68246.64
LN-015607,13062.45
LN-012911,18971.79
LN-027605,154458.89
LN-012930,102499.51
LN-001367,11466.38
LN-011378,9369.33
LN-009527,34305.83
LN-010175,94127.06
LN-005629,101602.4
LN-022791,107221.87
LN-024251,90812.02
LN-013863,50685.16
LN-016248,575.51
LN-010083,36348.95
LN-002336,599.59
LN-017524,258.9
LN-024550,82609.6
LN-006533,193612.17
LN-001496,94091.63
LN-023202,840.72
LN-019003,22114.45
LN-007796,0.0
LN-011921,48396.36
LN-021979,191572.69
LN-004354,134958.65
LN-002754,70696.62
LN-025453,4062.35
LN-015639,10834.3
LN-000847,65375.96
LN-003540,70263.45
LN-022523,32099.43
LN-017607,1163.03
LN-018514,57882.12
LN-001123,18793.41
LN-012839,51311.63
LN-021219,0.0
LN-000107,125002.41
LN-015356,0.0
LN-021203,24532.67
LN-002277,0.0
LN-022142,112620.57
LN-027969,42841.35
LN-001632,18659.19
LN-017283,14849.78
LN-027251,189585.24
LN-010511,110861.12
LN-013331,1108.84
LN-011990,28580.21
LN-022700,21440.32
LN-026974,71785.36
LN-006241,31026.33
LN-024558,128244.46
LN-004818,0.0
LN-029308,81426.61
LN-003345,52075.75
LN-012633,40774.9
LN-028540,172608.97
LN-024426,23828.3
LN-027159,87574.37
LN-023430,43260.49
LN-017860,0.0
LN-006551,51653.22
LN-015078,24779.46
LN-023098,20219.96
LN-014372,113415.35
LN-029068,32439.01
LN-015163,43535.08
LN-008807,4915.32
LN-016702,77836.3
LN-002139,82294.02
LN-014287,69153.93
LN-023757,83314.07
LN-016796,47909.63
LN-010323,55383.55
LN-023764,27710.88
LN-021605,77409.54
LN-016511,33727.12
LN-013755,64294.7
LN-024739,99027.14
LN-009717,1328.21
LN-006115,62827.33
LN-020016,38081.75
LN-025245,2633.92
LN-021890,23328.77
LN-018208,56957.71
LN-008848,2420.71
LN-028520,0.0
LN-018555,49793.87
LN-006289,193080.25
LN-025308,23701.65
LN-027076,25476.29
LN-008265,163815.84
LN-007748,32950.05
LN-024505,35255.13
LN-028325,7464.62
LN-003931,171.14
LN-002524,74673.35
LN-016272,32408.07
LN-022444,103031.0
LN-016491,152859.92
LN-027634,165727.82
LN-015614,79096.6
LN-019991,32184.73
LN-020858,221279.07
LN-007563,15593.58
LN-014911,60156.33
LN-025644,0.0
LN-019284,25573.15
LN-013776,0.0
LN-001510,115276.74
LN-005183,35479.3
LN-001202,9631.58
LN-005685,0.0
LN-009482,90863.79
LN-017409,0.0
LN-022065,33239.24
LN-027087,8131.79
LN-016299,107691.03
LN-024479,56634.13
LN-008572,21515.76
LN-004688,70521.63
LN-004941,0.0
LN-004232,43987.49
LN-001844,38598.87
LN-024734,64689.81
LN-014758,174963.65
LN-027412,61237.17
LN-026820,171558.13
LN-010337,1317.96
LN-001213,232499.6
LN-006042,203872.78
LN-013826,74955.53
LN-024817,11440.52
LN-001296,21298.01
LN-016910,64455.08
LN-019715,30253.41
LN-002442,60210.41
LN-023399,85193.29
LN-026335,108864.21
LN-001064,212874.08
LN-014464,85443.9
LN-008515,105105.37
LN-026720,63569.21
LN-015164,168168.46
LN-007732,41846.87
LN-008381,123716.28
LN-013551,32977.34
LN-022684,19569.13
LN-011227,42666.73
LN-021656,194957.46
LN-023330,44964.15
LN-028631,36174.69
LN-012232,50720.72
LN-014943,466106.94
LN-024579,56047.91
LN-019192,37211.93
LN-007633,110247.36
LN-015176,155381.31
LN-004901,154281.07
LN-005129,18824.66
LN-007451,102768.4
LN-025549,143131.01
LN-023372,113017.4
LN-017140,157662.91
LN-025417,44236.98
LN-022877,16039.38
LN-026596,20779.71
LN-014530,1256.62
LN-017650,127185.28
LN-006232,454.72
LN-015777,6837.12
LN-002204,149240.02
LN-002526,57899.6
LN-002703,30193.76
LN-022821,99400.86
LN-004582,39710.45
LN-011383,27477.52
LN-008355,6455.04
LN-005427,95846.4
LN-010519,58244.9
LN-000931,279903.56
LN-023708,48314.47
LN-015606,111259.76
LN-010847,27362.17
LN-002744,68173.77
LN-018045,11208.5
LN-015141,0.0
LN-020686,60086.93
LN-009529,3650.95
LN-020334,141146.4
LN-013527,0.0
LN-008402,47056.2
LN-016545,1118.22
LN-023638,0.0
LN-014533,33789.89
LN-016963,27413.38
LN-027622,98936.89
LN-022787,100732.53
LN-000019,0.0
LN-007825,45990.28
LN-025468,61222.85
LN-005595,227818.74
LN-013561,91915.69
LN-009773,81947.63
LN-026469,162167.84
LN-005057,145093.04
LN-021045,89974.03
LN-027616,19105.42
LN-014610,21488.29
LN-009078,19182.85
LN-010740,28729.13
LN-008852,170993.48
LN-000068,142837.52
LN-024004,68063.07
LN-004532,1530.98
LN-011679,57182.64
LN-006073,0.0
LN-006055,120981.86
LN-025044,43325.11
LN-016993,39801.02
LN-024733,49750.2
LN-022685,122318.13
LN-021959,114974.71
LN-000016,80723.12
LN-019829,84253.65
LN-013499,0.0
LN-003338,65126.82
LN-020042,116228.12
LN-023692,73661.7
LN-017868,56983.27
LN-005226,186179.84
LN-011833,71662.75
LN-007548,73591.48
LN-012140,1696.32
LN-021486,473.38
LN-024049,25450.12
LN-002831,36003.74
LN-003598,17355.99
LN-012491,155200.41
LN-003429,74009.76
LN-014002,21714.49
LN-013154,147460.28
LN-003096,35849.56
LN-019672,66131.37
LN-026925,97273.53
LN-018363,198398.53
LN-019475,46628.63
LN-025237,50840.38
LN-024844,63027.01
LN-009275,106357.74
LN-001823,34394.8
LN-005766,103129.33
LN-012112,48512.91
LN-023273,23311.57
LN-016586,157530.0
LN-019319,78367.57
LN-016146,34510.87
LN-015715,34871.24
LN-003378,22300.16
LN-005161,28395.66
LN-007469,39673.74
LN-028867,22920.19
LN-018671,870.09
LN-023556,98353.7
LN-013829,9486.76
LN-000780,1054.5
LN-014931,150375.69
LN-006014,38764.95
LN-002625,23379.43
LN-026663,37029.89
LN-007297,4204.92
LN-025035,35916.11
LN-015368,99495.4
LN-014241,15687.16
LN-011295,28387.72
LN-028797,74766.12
LN-005292,69775.59
LN-012093,35465.41
LN-026990,170276.12
LN-005186,42408.91
LN-017571,5338.83
LN-004975,44341.18
LN-008497,18726.66
LN-014964,31215.53
LN-011523,22032.21
LN-017384,23408.51
LN-000710,45864.82
LN-019169,6209.62
LN-012742,87391.11
LN-019773,121473.29
LN-022549,135099.13
LN-015727,29166.05
LN-018919,48729.07
LN-022899,16375.28
LN-025200,77101.64
LN-006088,36344.54
LN-004915,74550.81
LN-003628,29490.35
LN-014140,77620.78
LN-002907,4245.23
LN-017751,171661.94
LN-007273,105329.34
LN-010905,45781.47
LN-005967,182370.75
LN-027802,38194.09
LN-019408,0.0
LN-003476,4061.58
LN-000910,38622.49
LN-022023,0.0
LN-007589,41891.03
LN-000313,140644.34
LN-004859,138949.47
LN-021693,88492.4
LN-006891,107863.17
LN-018427,71404.01
LN-007363,80457.14
LN-019060,150751.81
LN-008974,34688.93
LN-024132,86612.99
LN-029296,104103.62
LN-015612,63440.77
LN-029271,6480.62
LN-005908,57227.06
LN-013939,45448.79
LN-010243,56274.24
LN-014334,99189.6
LN-014739,63413.64
LN-000241,152801.1
LN-024636,77276.24
LN-008996,246168.82
LN-018778,97528.68
LN-022552,30509.86
LN-008681,138600.29
LN-010459,47200.74
LN-023024,218164.5
LN-012299,80639.89
LN-021863,79401.84
LN-025579,63285.64
LN-016406,60706.25
LN-008945,104.95
LN-015819,32989.66
LN-006303,78839.99
LN-000999,107910.13
LN-014443,41790.47
LN-024181,136149.2
LN-010153,66836.68
LN-003955,65274.83
LN-004671,62029.01
LN-002986,133018.86
LN-009282,143516.26
LN-004738,45165.06
LN-005559,163017.79
LN-027425,33240.42
LN-024023,71239.2
LN-015887,35775.47
LN-009968,131880.04
LN-028673,98917.7
LN-023167,3145.19
LN-026549,4927.83
LN-003089,24443.19
LN-026848,6925.71
LN-029151,44396.73
LN-010005,211336.98
LN-002724,19213.32
LN-002794,48621.45
LN-002422,0.0
LN-008249,38371.4
LN-012324,35777.54
LN-018491,8350.01
LN-005369,116334.07
LN-005217,215197.59
LN-025663,4673.66
LN-002067,33649.26
LN-011619,132323.62
LN-025783,24654.38
LN-022793,82479.91
LN-017366,398458.45
LN-018043,141405.79
LN-015709,4280.62
LN-016785,30555.24
LN-026041,99210.22
LN-014333,825.83
LN-015450,140742.21
LN-021898,118931.44
LN-003833,144676.03
LN-006125,41651.11
LN-020073,155.53
LN-007955,181576.2
LN-017052,122572.53
LN-015156,110101.98
LN-014929,178796.91
LN-002740,193141.03
LN-012794,0.0
LN-024597,30415.76
LN-023711,51787.35
LN-006318,38025.33
LN-022859,81341.03
LN-005401,70211.68
LN-009379,47893.64
LN-021179,143048.82
LN-004299,0.0
LN-025836,48958.49
LN-016650,32073.58
LN-016446,2290.59
LN-016376,63597.3
LN-024359,73429.07
LN-001166,156408.04
LN-007079,6068.38
LN-006796,1544.93
LN-027966,84298.45
LN-007201,274068.2
LN-000506,33477.03
LN-009997,41305.12
LN-011054,37382.66
LN-009557,90050.69
LN-012709,478.22
LN-010722,113490.15
LN-023690,62168.32
LN-017065,19125.23
LN-018865,78509.4
LN-028152,95158.62
LN-024814,26355.21
LN-025755,93732.42
LN-009585,87224.77
LN-017670,34080.94
LN-011734,625.01
LN-024747,96811.69
LN-016043,25043.21
LN-008510,141688.04
LN-021927,81365.47
LN-012809,73708.44
LN-021681,62082.13
LN-021902,63226.33
LN-003485,74469.55
LN-004155,86036.17
LN-021314,11126.02
LN-004750,112349.72
LN-006279,33953.66
LN-008508,109423.16
LN-028368,26312.85
LN-015712,22166.27
LN-025491,68474.37
LN-000636,29464.22
LN-015305,20918.62
LN-009812,921.46
LN-015239,205381.58
LN-025498,102132.39
LN-024255,194113.77
LN-008041,214525.97
LN-017387,592.29
LN-002610,70213.37
LN-004929,1284.49
LN-000746,110342.8
LN-002497,208622.43
LN-025040,130433.8
LN-006444,168449.95
LN-002658,48865.28
LN-006921,0.0
LN-023322,2077.42
LN-017025,81225.71
LN-023742,129968.01
LN-017125,24081.26
LN-006529,30314.91
LN-009457,163608.0
LN-008599,0.0
LN-011138,53221.38
LN-029121,73097.98
LN-021635,16964.48
LN-005328,58048.46
LN-009326,70973.31
LN-001143,97169.64
LN-025135,264956.52
LN-025879,108244.75
LN-006628,26388.06
LN-005042,164575.98
LN-025872,294255.51
LN-008575,35789.39
LN-022769,21388.19
LN-026237,1331.07
LN-001316,193145.85
LN-012598,66659.98
LN-022083,51708.19
LN-024120,65228.26
LN-006384,26393.27
LN-006282,95838.07
LN-023854,23264.29
LN-024746,0.0
LN-001588,285157.17
LN-005421,36847.59
LN-017963,5220.56
LN-024884,44960.42
LN-012485,151482.71
LN-023224,88023.57
LN-014574,52539.28
LN-011784,81167.4
LN-013663,184496.21
LN-002274,7133.96
LN-018219,33380.54
LN-011670,0.0
LN-025570,142889.15
LN-022897,5300.05
LN-020489,67933.21
LN-027147,159256.45
LN-001443,71997.97
LN-010218,20827.98
LN-022237,16735.44
LN-015429,129856.91
LN-027307,136460.61
LN-018370,20974.48
LN-000118,4225.08
LN-013529,124920.52
LN-014461,61200.64
LN-018449,24688.37
LN-002368,30161.06
LN-016003,25723.84
LN-022651,127608.86
LN-019431,28049.76
LN-015653,71756.11
LN-004012,4023.44
LN-016850,108399.09
LN-013289,115859.67
LN-013682,65438.22
LN-020596,103944.27
LN-023487,73763.32
LN-016529,27166.42
LN-002588,38028.88
LN-025258,43200.3
LN-019729,93305.62
LN-006994,72895.22
LN-027837,33685.81
LN-008395,81001.15
LN-026215,2140.54
LN-017174,223262.92
LN-026092,169236.29
LN-020511,125645.41
LN-013270,33204.31
LN-009647,63330.58
LN-005507,256083.35
LN-010816,94100.32
LN-004292,121045.33
LN-028941,141962.18
LN-017760,4418.54
LN-020779,186104.56
LN-002843,77978.58
LN-009383,76770.49
LN-016447,11633.99
LN-005152,33960.46
LN-025188,85011.05
LN-009186,131180.32
LN-020082,122062.81
LN-011183,72808.62
LN-010796,208536.33
LN-014182,57376.7
LN-024240,128940.43
LN-003615,59777.42
LN-010378,75406.63
LN-008478,141863.45
LN-028954,52350.17
LN-028788,42986.71
LN-011029,0.0
LN-023964,84061.12
LN-028611,30701.23
LN-011746,104632.47
LN-017311,6419.44
LN-000683,72314.59
LN-017451,816.07
LN-022495,32186.42
LN-015151,64014.66
LN-027028,85002.23
LN-006790,38864.04
LN-015371,84963.68
LN-015550,107657.46
LN-013194,95201.81
LN-025925,12520.75
LN-000105,161336.2
LN-025049,0.0
LN-014393,0.0
LN-013375,19791.68
LN-010931,0.0
LN-013613,51463.98
LN-026114,269958.65
LN-004235,58928.24
LN-019026,106110.52
LN-009359,51178.39
LN-012266,114803.96
LN-016209,35284.82
LN-018716,74588.7
LN-024074,134279.18
LN-007920,126160.14
LN-024421,80664.96
LN-012062,44999.25
LN-008970,128604.67
LN-016775,35836.34
LN-015758,38284.78
LN-005716,52571.13
LN-022230,73177.44
LN-018858,218615.06
LN-028057,31886.37
LN-007072,86754.24
LN-026901,147391.51
LN-006776,62031.22
LN-022021,15873.98
LN-008856,228526.98
LN-009459,23678.9
LN-000597,33253.7
LN-021008,38661.93
LN-011863,76312.4
LN-028051,33873.58
LN-002930,67274.38
LN-029048,179435.9
LN-020613,70542.44
LN-011551,54116.09
LN-027663,136266.8
LN-014240,89022.48
LN-016106,101427.24
LN-015950,1269.01
LN-002990,145794.72
LN-018298,42973.35
LN-023873,44159.74
LN-007291,34092.26
LN-013542,5931.95
LN-011565,104163.33
LN-004916,25840.58
LN-014391,542.97
LN-023595,28148.52
LN-020425,38197.31
LN-013062,25066.13
LN-019934,116041.7
LN-014420,38506.16
LN-024917,16608.87
LN-028926,115170.32
LN-006084,46937.58
LN-022610,78546.05
LN-027797,0.0
LN-025303,86253.61
LN-029146,274162.2
LN-014279,80972.49
LN-017696,109263.32
LN-026321,38229.86
LN-010607,109677.82
LN-001821,40055.88
LN-023318,130317.81
LN-006523,84956.44
LN-026496,37009.09
LN-020933,34061.9
LN-004050,1315.64
LN-002760,15676.48
LN-020592,124.19
LN-018588,122676.34
LN-000431,125080.66
LN-000163,94006.41
LN-011959,134165.34
LN-012630,11847.13
LN-014822,58551.52
LN-027239,32283.73
LN-003275,33181.67
LN-007833,32749.81
LN-003376,20902.08
LN-012467,89961.63
LN-019805,35612.87
LN-004213,57750.29
LN-016506,29141.58
LN-024365,16020.24
LN-026437,916.93
LN-014909,19269.33
LN-024980,91410.01
LN-027165,142095.73
LN-004253,34299.88
LN-001374,78066.5
LN-011937,84427.67
LN-020155,2520.32
LN-011590,39341.97
LN-023670,19802.89
LN-024207,184690.66
LN-013013,121239.0
LN-027218,91620.11
LN-018340,113643.93
LN-010712,90459.06
LN-004816,25912.88
LN-011493,108824.09
LN-019081,89238.99
LN-009303,93928.63
LN-020691,53007.98
LN-002749,37241.35
LN-017079,65336.49
LN-028604,110234.02
LN-007214,92869.64
LN-027947,6426.84
LN-025566,21810.07
LN-002071,409.38
LN-006172,91591.37
LN-015496,1326.71
LN-007651,37161.54
LN-006601,101318.28
LN-011293,88802.45
LN-008377,142652.14
LN-002717,158555.73
LN-009307,67012.67
LN-017752,57165.67
LN-001958,0.0
LN-022125,184032.95
LN-002797,1608.18
LN-012002,167316.39
LN-002384,63932.43
LN-021563,80064.03
LN-009368,4090.69
LN-016706,135668.3
LN-009540,91932.97
LN-017092,103323.65
LN-024902,13182.6
LN-008429,55441.37
LN-015486,89135.99
LN-013213,102157.92
LN-019280,69678.55
LN-012559,156311.47
LN-026231,71336.51
LN-000613,0.0
LN-009296,46168.73
LN-027830,6778.73
LN-022711,234852.47
LN-018692,62342.39
LN-012273,57789.0
LN-007280,101704.8
LN-019892,22350.13
LN-023793,373.95
LN-025021,56575.09
LN-011511,102677.38
LN-019683,61079.31
LN-007770,83637.27
LN-025683,878.94
LN-028409,24.92
LN-017979,77021.1
LN-014504,61594.49
LN-013474,50361.93
LN-006063,523.25
LN-006186,41794.15
LN-017816,39454.47
LN-010970,58407.25
LN-028142,84533.6
LN-002911,12776.22
LN-005601,121361.96
LN-008878,1462.26
LN-005028,135491.3
LN-027114,38721.81
LN-000261,723.35
LN-005309,55970.24
LN-026796,0.0
LN-025519,68045.57
LN-019345,85746.74
LN-023280,206129.88
LN-029105,35673.73
LN-026086,177237.77
LN-021267,137619.35
LN-018817,38567.12
LN-001646,23355.05
LN-004590,28132.66
LN-005608,1702.27
LN-020527,0.0
LN-018697,374047.8
LN-000023,42658.23
LN-005433,73808.01
LN-012120,33521.14
LN-021030,143486.56
LN-027313,123307.3
LN-008138,66616.56
LN-025451,143293.54
LN-004421,0.0
LN-002800,21608.11
LN-009092,26140.96
LN-025276,43408.61
LN-019115,17928.25
LN-003822,352070.83
LN-009334,43574.89
LN-007760,1918.12
LN-022912,37231.53
LN-020062,23013.17
LN-007320,62938.57
LN-017946,23326.13
LN-004119,0.0
LN-015383,117.27
LN-014573,32711.59
LN-007970,121325.04
LN-001487,31347.01
LN-023765,32749.18
LN-028786,83125.02
LN-014029,0.0
LN-007728,16765.73
LN-008736,23311.29
LN-011231,66555.58
LN-006426,36776.85
LN-024622,33.51
LN-016116,68113.62
LN-006827,188071.56
LN-022463,74775.25
LN-001615,36206.93
LN-021073,31191.7
LN-000036,142205.95
LN-014191,168829.97
LN-002731,173578.38
LN-026558,206584.84
LN-008881,6900.65
LN-024162,45851.36
LN-018321,128100.59
LN-008070,62418.21
LN-010526,20579.06
LN-004972,42964.93
LN-028123,62922.79
LN-009048,97019.89
LN-017318,206553.8
LN-021732,75718.7
LN-028407,685.79
LN-003454,6833.15
LN-005340,0.0
LN-005031,55915.78
LN-003829,53157.52
LN-018763,120728.95
LN-028978,125766.76
LN-006577,0.0
LN-028179,190175.51
LN-010353,147486.09
LN-002881,197663.69
LN-022013,85885.8
LN-007827,228766.13
LN-023724,71000.9
LN-016359,152682.79
LN-028078,141171.76
LN-005185,63792.98
LN-012488,41866.7
LN-024866,114183.24
LN-010580,5050.94
LN-028654,42891.51
LN-016265,44752.42
LN-010418,76761.61
LN-005545,92697.36
LN-009782,66733.3
LN-013191,302030.61
LN-014081,0.0
LN-009496,47539.44
LN-015323,119645.54
LN-016327,215344.15
LN-008991,9659.4
LN-013323,36793.83
LN-009050,33539.56
LN-012421,98800.73
LN-008114,54589.96
LN-015076,87336.53
LN-028615,273.28
LN-015895,71336.09
LN-006375,141.35
LN-010130,131921.75
LN-026018,759.11
LN-008369,23688.88
LN-016083,72465.63
LN-012891,71267.65
LN-020395,68474.17
LN-005467,73433.61
LN-023737,124699.97
LN-020595,106485.94
LN-011566,726.72
LN-024021,110766.06
LN-006177,4695.53
LN-010010,22752.77
LN-008099,52947.87
LN-024938,167079.35
LN-010473,5013.44
LN-006023,1097.0
LN-017877,0.0
LN-019369,143766.01
LN-020302,87510.13
LN-000632,6291.82
LN-004805,98814.68
LN-019714,14358.83
LN-004396,240930.33
LN-010229,29749.39
LN-026996,50865.06
LN-026863,111808.57
LN-006726,71758.13
LN-003657,42808.37
LN-001145,2893.16
LN-011648,106939.46
LN-006530,102459.06
LN-008157,117991.76
LN-005082,75973.17
LN-003415,138690.17
LN-000119,97099.65
LN-020370,42075.88
LN-015682,52477.26
LN-013460,0.0
LN-012219,27867.84
LN-019613,157825.75
LN-016553,2483.66
LN-018664,99075.76
LN-005392,1680.8
LN-023291,0.0
LN-014678,230037.27
LN-020646,1318.52
LN-020446,24793.75
LN-001952,3549.53
LN-011749,59997.42
LN-004967,443.86
LN-018438,32291.4
LN-007193,33769.06
LN-015684,94360.55
LN-023112,154280.57
LN-027130,41678.77
LN-009430,0.0
LN-009366,1561.5
LN-025977,27768.17
LN-027813,49991.35
LN-013780,2035.78
LN-010838,90418.65
LN-005036,40011.06
LN-013577,35796.86
LN-000475,141824.67
LN-022218,49793.82
LN-007798,5321.6
LN-016576,116386.77
LN-005710,204124.27
LN-029106,16631.44
LN-012091,171507.13
LN-020617,185363.11
LN-005362,162247.1
LN-007483,41557.11
LN-003601,61.19
LN-014078,11542.94
LN-016799,99402.84
LN-001910,69910.7
LN-018004,38245.92
LN-018691,198062.02
LN-014244,15967.39
LN-024263,4396.78
LN-003209,100755.58
LN-002820,199746.2
LN-024765,71163.33
LN-018894,147361.65
LN-022258,0.0
LN-016326,81462.57
LN-018231,89070.05
LN-026696,883.8
LN-013690,97181.48
LN-024718,59590.26
LN-017740,6261.68
LN-009054,1928.38
LN-017610,41511.09
LN-028651,176567.78
LN-000046,93930.44
LN-008203,49008.49
LN-027148,97220.18
LN-020559,95943.85
LN-000074,114524.77
LN-003217,47925.23
LN-024143,47196.14
LN-014526,1076.34
LN-026363,43204.08
LN-013988,80186.0
LN-010461,0.0
LN-016863,36588.18
LN-003174,94499.23
LN-016462,200644.86
LN-024414,41842.83
LN-017044,27692.43
LN-014284,62358.39
LN-028534,68028.02
LN-028563,0.0
LN-002199,111873.97
LN-021370,64746.54
LN-020776,84101.47
LN-026451,65762.22
LN-010161,279585.67
LN-021276,38557.44
LN-022206,65198.95
LN-018889,270375.26
LN-013918,1749.75
LN-001919,107727.56
LN-024279,64479.12
LN-002416,24753.76
LN-018505,173156.06
LN-012039,197769.78
LN-007474,136195.57
LN-026338,15239.13
LN-005573,289136.55
LN-014255,48224.78
LN-020407,30932.44
LN-024950,157532.62
LN-010410,70074.22
LN-024080,85147.87
LN-002282,188417.13
LN-021719,80939.52
LN-004110,40949.48
LN-016630,20143.85
LN-015956,64996.26
LN-024544,0.0
LN-001265,78742.82
LN-016852,76880.83
LN-024302,78156.69
LN-013986,51182.46
LN-012385,1060.15
LN-018013,128653.78
LN-014599,245.97
LN-027001,206462.5
LN-008901,117261.33
LN-000730,0.0
LN-005928,48629.61
LN-020772,281586.42
LN-000053,18247.18
LN-013771,176626.21
LN-017883,36007.47
LN-016638,95993.99
LN-007925,109322.91
LN-026949,1033.15
LN-007278,3342.86
LN-011343,79150.53
LN-025229,22905.75
LN-014205,162975.87
LN-011713,48637.57
LN-022445,64967.87
LN-021305,4077.22
LN-001137,56974.44
LN-012407,54253.93
LN-002677,104581.84
LN-008368,21445.07
LN-021242,237380.36
LN-009543,94998.27
LN-008838,95758.67
LN-021414,116952.78
LN-000831,68133.85
LN-018886,75454.81
LN-015896,193383.4
LN-019474,83937.64
LN-017170,104894.13
LN-024332,166306.32
LN-007355,87531.93
LN-005543,1201.17
LN-017189,40256.17
LN-006644,15364.38
LN-020677,441.68
LN-002672,63342.6
LN-001718,72454.63
LN-028535,39773.99
LN-025654,86897.05
LN-002380,226650.29
LN-012606,0.0
LN-015538,59638.15
LN-005609,133566.9
LN-001385,41578.1
LN-023780,114173.17
LN-018666,130765.5
LN-023228,65888.76
LN-016853,45115.18
LN-001948,0.0
LN-025102,0.0
LN-014337,307362.4
LN-018083,87053.7
LN-020208,273.49
LN-012406,37541.8
LN-017323,98652.03
LN-004551,78295.44
LN-013327,70150.57
LN-012349,78905.93
LN-009621,7343.33
LN-013847,142436.67
LN-026236,68799.13
LN-013519,146602.79
LN-009524,89463.6
LN-009772,77815.54
LN-005279,133168.47
LN-015331,68791.64
LN-001026,0.0
LN-025785,5728.1
LN-014654,80693.45
LN-020581,3312.86
LN-002046,23086.95
LN-009570,154430.15
LN-019657,0.0
LN-027181,74306.85
LN-014763,156523.53
LN-026965,22593.65
LN-020672,71444.39
LN-019427,1586.04
LN-003737,177558.27
LN-020731,0.0
LN-015241,72065.33
LN-024184,274777.61
LN-004010,97380.65
LN-011064,99834.46
LN-001536,35314.52
LN-019930,4881.44
LN-008777,38504.38
LN-008726,16803.97
LN-005521,82624.92
LN-018901,136592.07
LN-029287,12178.33
LN-010805,812.13
LN-019667,1160.24
LN-006597,62244.91
LN-016478,130123.51
LN-017735,75809.2
LN-002205,175122.44
LN-023212,78052.98
LN-022250,377226.33
LN-013703,64774.76
LN-021493,95182.8
LN-016525,249417.02
LN-024981,131748.96
LN-007097,192.47
LN-002947,144942.98
LN-002829,90737.08
LN-010649,142419.24
LN-025142,0.0
LN-020522,80948.81
LN-028860,128730.47
LN-012359,139462.34
LN-013846,64200.4
LN-021393,72274.75
LN-005380,43656.45
LN-017750,75305.66
LN-019980,62897.24
LN-016402,44157.91
LN-014093,175604.38
LN-023439,98016.03
LN-015005,135282.44
LN-013411,118050.88
LN-019493,14255.52
LN-023242,1624.87
LN-015692,5025.7
LN-018318,20056.15
LN-025771,53538.5
LN-024581,33334.73
LN-011506,119279.4
LN-002355,198718.5
LN-010966,41765.73
LN-014247,122418.77
LN-015066,140043.11
LN-004114,188013.63
LN-012393,36287.86
LN-011268,40014.04
LN-003892,186.64
LN-026328,114498.69
LN-023785,16484.6
LN-013296,79004.33
LN-011728,242592.77
LN-009163,0.0
LN-014025,6449.1
LN-015925,86167.71
LN-015808,38221.74
LN-026141,118691.25
LN-010765,31579.95
LN-021327,7184.17
LN-006308,198287.1
LN-006967,363522.19
LN-007665,2145.29
LN-011236,48385.3
LN-005296,60780.94
LN-013695,139109.3
LN-014669,65954.76
LN-018681,59623.97
LN-008112,77473.38
LN-006405,89914.28
LN-025756,79774.73
LN-012227,722.95
LN-027623,140588.87
LN-010490,0.0
LN-000364,84021.96
LN-015829,25874.19
LN-000951,0.0
LN-010431,21535.64
LN-020219,27225.54
LN-026477,2937.71
LN-002964,115735.71
LN-023065,69019.28
LN-022071,36385.9
LN-007523,765.3
LN-028516,0.0
LN-028783,1299.73
LN-000305,166893.0
LN-018379,0.0
LN-029182,139325.76
LN-008362,28501.24
LN-001033,70148.69
LN-010642,60808.61
LN-011466,65303.41
LN-000182,98686.5
LN-006750,109599.51
LN-006440,52939.06
LN-025233,231.94
LN-015215,61865.69
LN-001373,109154.19
LN-018393,105017.56
LN-008987,113523.8
LN-025995,14884.61
LN-027985,35259.9
LN-009380,177622.86
LN-027868,93011.71
LN-000561,1232.6
LN-026868,531.18
LN-008715,1204.48
LN-003208,30314.67
LN-013670,133503.98
LN-015399,130600.56
LN-005357,42297.55
LN-026545,0.0
LN-024006,30896.66
LN-013689,259802.43
LN-022079,85370.45
LN-002181,66703.89
LN-028376,141766.14
LN-025921,0.0
LN-008712,125479.21
LN-012492,11268.62
LN-022520,108234.36
LN-023891,0.0
LN-029282,0.0
LN-004410,78760.67
LN-005652,188122.41
LN-024215,205641.8
LN-011174,80518.49
LN-024465,0.0
LN-012821,48600.2
LN-022544,4699.68
LN-021727,0.0
LN-001558,227326.34
LN-008452,171362.4
LN-029086,37242.86
LN-024037,4328.73
LN-016137,76232.32
LN-023146,46295.58
LN-009468,37475.5
LN-025341,42289.1
LN-009105,74132.15
LN-003662,42275.01
LN-024374,71809.64
LN-007389,5061.64
LN-025725,0.0
LN-002594,19302.75
LN-011647,69906.58
LN-021400,131883.79
LN-019202,32999.6
LN-001597,102259.5
LN-026373,41928.25
LN-026896,242601.55
LN-013891,64382.49
LN-021630,25454.3
LN-008771,0.0
LN-022219,125672.71
LN-017177,129797.45
LN-016781,0.0
LN-001560,48081.43
LN-022760,88264.41
LN-008176,0.0
LN-010050,63651.26
LN-008079,64679.2
LN-013125,8551.11
LN-013864,61230.2
LN-028052,0.0
LN-014058,52875.74
LN-009090,161630.88
LN-006968,25827.56
LN-000494,77174.25
LN-002757,44832.12
LN-023641,643.15
LN-000885,95817.76
LN-001669,7336.45
LN-014165,376.78
LN-012040,481.07
LN-012424,112462.74
LN-017683,69700.48
LN-004799,72307.61
LN-009283,9882.87
LN-001426,93562.66
LN-000484,90433.71
LN-017108,228724.01
LN-021234,127348.27
LN-014488,145340.49
LN-019609,104542.32
LN-014838,159039.76
LN-004535,125072.24
LN-019578,24418.43
LN-027930,212071.02
LN-008571,38245.51
LN-025542,75447.99
LN-003178,109418.1
LN-005488,51651.23
LN-015722,64481.82
LN-010795,27558.41
LN-011424,36372.8
LN-000011,184842.1
LN-020914,45912.5
LN-028366,141015.88
LN-018437,96668.76
LN-006024,27856.49
LN-008607,31329.69
LN-013271,86276.67
LN-019447,171278.16
LN-020060,89206.69
LN-019975,68812.62
LN-020823,50058.08
LN-022580,57966.92
LN-001881,62130.71
LN-023718,61052.55
LN-027176,55202.86
LN-007826,1206.43
LN-002134,70370.93
LN-029029,0.0
LN-025536,100895.45
LN-007477,40091.38
LN-015899,0.0
LN-023974,80076.1
LN-015942,97927.36
LN-003352,68072.94
LN-018275,180545.26
LN-016448,59881.87
LN-007559,3492.5
LN-012437,0.0
LN-007621,77714.87
LN-028626,32634.94
LN-001658,18214.62
LN-019690,0.0
LN-021946,44774.25
LN-002657,0.0
LN-028498,36961.52
LN-009517,98057.54
LN-021170,138141.37
LN-000473,141722.03
LN-021892,196856.09
LN-014320,126478.33
LN-013586,38966.3
LN-020094,0.0
LN-008118,143556.0
LN-012077,31793.96
LN-015203,250586.2
LN-027449,94463.28
LN-005974,305393.53
LN-010315,156827.03
LN-009858,5826.27
LN-001690,93386.98
LN-021200,90529.14
LN-026576,205727.62
LN-022329,196438.1
LN-014487,194984.38
LN-019198,37369.64
LN-025113,79356.52
LN-021930,39790.47
LN-013058,75895.07
LN-003733,32445.72
LN-004817,91651.49
LN-023082,193.61
LN-010332,140288.97
LN-002895,59125.83
LN-008727,210453.52
LN-014742,83066.6
LN-021769,125199.37
LN-006777,82923.8
LN-013326,99177.27
LN-015032,17381.08
LN-021879,37023.98
LN-024741,164634.34
LN-025186,35273.46
LN-010301,36171.07
LN-025173,1179.02
LN-004175,213.33
LN-002055,0.0
LN-023214,34977.88
LN-026679,121162.38
LN-022141,33325.6
LN-012469,96818.91
LN-007261,65607.39
LN-010147,51231.25
LN-024903,101420.11
LN-001450,107566.29
LN-010579,68991.75
LN-002660,737.0
LN-026922,59631.53
LN-024774,55723.8
LN-019735,112809.79
LN-012546,88040.61
LN-023194,36377.46
LN-016370,0.0
LN-003819,46308.01
LN-003890,17913.64
LN-023086,101407.3
LN-025923,109558.38
LN-016429,103630.59
LN-010481,18879.13
LN-011059,1517.29
LN-024576,114821.87
LN-029263,87602.85
LN-022777,146955.41
LN-018450,30027.93
LN-023649,16854.3
LN-011492,21147.77
LN-008743,1238.7
LN-021964,82037.71
LN-016283,144632.87
LN-020310,33546.73
LN-022907,237.03
LN-028853,45253.67
LN-022646,14906.63
LN-001100,33042.61
LN-024891,81481.07
LN-015647,118.81
LN-000320,0.0
LN-022639,46396.3
LN-025411,11860.67
LN-009559,89219.99
LN-009513,70279.0
LN-004506,78407.06
LN-008424,30097.52
LN-006677,39970.56
LN-003611,18792.67
LN-025637,63746.69
LN-025165,1201.14
LN-000282,74024.88
LN-012549,12791.03
LN-022553,47823.67
LN-019105,108655.71
LN-003793,39641.41
LN-012073,42993.42
LN-028259,18386.33
LN-007140,30310.95
LN-002883,47300.46
LN-012939,91328.71
LN-003104,177.67
LN-025769,129733.09
LN-015536,83000.62
LN-002249,93854.99
LN-020397,163931.64
LN-003212,94259.19
LN-022019,20334.16
LN-022564,133767.2
LN-025359,38313.55
LN-004498,27798.32
LN-026614,4031.32
LN-000179,33770.56
LN-017691,30437.98
LN-004921,9441.6
LN-013978,120166.04
LN-005612,24319.05
LN-028190,157444.12
LN-008806,20146.55
LN-021623,55123.42
LN-015254,18540.52
LN-025289,76597.68
LN-023100,72209.78
LN-021553,58595.5
LN-003524,345486.6
LN-025941,1430.16
LN-015627,182613.11
LN-023010,141405.76
LN-011199,47480.2
LN-005871,38429.65
LN-020804,74087.07
LN-011707,156182.88
LN-023843,26393.31
LN-010743,28958.63
LN-025987,87006.86
LN-016391,127548.39
LN-002376,82604.69
LN-026815,134939.35
LN-026978,159153.84
LN-023948,49166.18
LN-001866,172523.17
LN-022053,152.19
LN-005202,211341.55
LN-009895,22686.02
LN-004705,87009.52
LN-019495,32859.53
LN-019817,58440.29
LN-007584,61574.29
LN-020508,35634.83
LN-002237,27052.84
LN-008691,111571.55
LN-002330,33939.79
LN-010834,40068.32
LN-002643,67020.97
LN-028354,101125.42
LN-001262,5350.84
LN-028821,34567.04
LN-007986,119611.94
LN-015452,68193.06
LN-022138,64533.44
LN-001867,76883.7
LN-025557,75540.52
LN-019564,3109.53
LN-024889,124256.64
LN-008982,40135.44
LN-019573,28553.26
LN-018521,16600.1
LN-005642,134595.3
LN-010362,0.0
LN-020512,906.63
LN-027330,0.0
LN-002860,32243.01
LN-022480,959.4
LN-009645,60528.62
LN-000630,161389.59
LN-027436,47377.72
LN-016333,68657.9
LN-019911,93446.69
LN-003667,57114.86
LN-015519,191784.49
LN-021331,58358.69
LN-021794,130566.53
LN-016667,0.0
LN-012443,166744.33
LN-014892,65848.09
LN-020880,54080.65
LN-015766,2145.55
LN-020554,72674.01
LN-024325,92230.23
LN-010893,61256.46
LN-004565,73317.57
LN-027325,134601.62
LN-002431,0.0
LN-019441,133122.43
LN-003038,24800.67
LN-000956,221392.59
LN-011344,60089.84
LN-000526,0.0
LN-024992,43396.82
LN-000661,0.0
LN-007138,101349.9
LN-015473,69765.11
LN-022126,62090.42
LN-018845,93172.89
LN-008904,0.0
LN-022359,4068.0
LN-019444,119905.49
LN-010768,188703.79
LN-021715,64737.94
LN-012768,68669.53
LN-029283,19126.12
LN-011322,112243.25
LN-022151,12672.47
LN-027653,24653.44
LN-024423,1652.64
LN-018953,24507.19
LN-001854,0.0
LN-017270,79617.25
LN-012530,8002.01
LN-013101,243588.92
LN-011605,84561.34
LN-008842,32596.37
LN-003618,214475.92
LN-004129,152022.57
LN-026386,32781.45
LN-018182,127241.78
LN-003329,33593.62
LN-025958,13943.48
LN-004338,71901.45
LN-023521,65784.75
LN-006039,34351.84
LN-015599,30714.84
LN-019661,169286.27
LN-006138,4643.65
LN-020828,0.0
LN-009641,67595.22
LN-022507,98556.91
LN-019932,0.0
LN-028669,21796.51
LN-000195,36899.98
LN-003139,12582.32
LN-015085,107046.08
LN-015558,2205.49
LN-000991,39660.56
LN-022059,35549.5
LN-022342,12377.51
LN-011676,164153.95
LN-008851,139748.46
LN-019579,179266.28
LN-007680,2483.75
LN-007165,9887.76
LN-010525,37168.47
LN-024256,112069.38
LN-005755,32851.75
LN-026375,83924.01
LN-022318,93692.07
LN-009264,96046.23
LN-020447,101095.45
LN-016810,87075.36
LN-011432,31636.88
LN-005413,3804.18
LN-015248,151097.85
LN-002856,120436.46
LN-008606,31864.33
LN-018093,107607.43
LN-014997,0.0
LN-017684,33735.71
LN-009886,29908.63
LN-008180,39146.79
LN-009258,0.0
LN-001301,218625.25
LN-018009,76750.98
LN-007513,69584.66
LN-006480,47270.36
LN-019582,417600.68
LN-011150,447.97
LN-000234,3919.76
LN-027197,33559.64
LN-004022,95607.63
LN-000216,45857.0
LN-011774,28242.84
LN-019194,159185.91
LN-006837,60730.79
LN-017180,71026.77
LN-003459,71563.58
LN-005167,50798.83
LN-003908,0.0
LN-011642,68288.69
LN-027648,28863.38
LN-020421,29264.65
LN-024986,136646.63
LN-008027,155.03
LN-001348,30361.42
LN-009330,130870.15
LN-026809,208194.49
LN-026143,71051.64
LN-027318,2336.11
LN-020202,80400.08
LN-028588,89873.34
LN-028861,67581.61
LN-025762,1247.38
LN-020171,162179.76
LN-011967,36368.4
LN-028583,108266.05
LN-014356,42579.47
LN-026639,0.0
LN-021936,144372.92
LN-015796,5105.7
LN-015931,88375.11
LN-015287,77587.6
LN-013971,121884.25
LN-027289,71440.92
LN-012965,135339.45
LN-013943,118134.99
LN-010710,115274.5
LN-029044,88993.35
LN-013311,239535.8
LN-010349,92140.66
LN-029016,54751.49
LN-028593,2674.07
LN-018036,134745.34
LN-021161,145536.44
LN-022622,118101.72
LN-013004,44987.69
LN-019587,1697.31
LN-020885,113978.98
LN-011041,61186.12
LN-020931,126947.91
LN-013465,81235.06
LN-003146,41318.01
LN-013295,153279.04
LN-015125,110491.18
LN-015753,2048.92
LN-017849,100668.66
LN-002062,37131.36
LN-011194,62256.28
LN-015960,70762.05
LN-011614,0.0
LN-022768,19675.08
LN-023910,44.79
LN-020031,166159.46
LN-029173,55863.39
LN-026522,13418.5
LN-022352,60869.95
LN-025893,23122.03
LN-015903,126954.06
LN-005737,36964.75
LN-002902,87269.6
LN-027591,3879.34
LN-001845,2243.64
LN-017817,332181.08
LN-018058,37152.5
LN-016357,196743.8
LN-016558,114797.44
LN-003344,0.0
LN-019572,131749.5
LN-000063,9830.32
LN-023126,77744.35
LN-017269,195423.24
LN-026076,219443.47
LN-013750,90287.06
LN-018171,51918.26
LN-026817,243164.68
LN-012150,51571.02
LN-003596,110220.73
LN-005006,33258.16
LN-015470,142397.18
LN-023729,38694.51
LN-008655,80249.28
LN-026446,9965.08
LN-028215,32950.41
LN-019590,39996.73
LN-004030,66582.61
LN-021290,109894.52
LN-022364,32153.55
LN-022286,147409.47
LN-008790,25959.81
LN-023661,66314.96
LN-005331,96605.33
LN-007937,40354.31
LN-021531,58342.38
LN-017229,43326.82
LN-002575,81391.01
LN-013719,41767.84
LN-003975,0.0
LN-009342,46968.75
LN-028956,16892.38
LN-000587,70972.66
LN-006261,99786.9
LN-021128,124058.51
LN-018535,120390.12
LN-017819,51965.87
LN-003533,0.0
LN-004107,39346.6
LN-008074,76438.55
LN-027877,110290.58
LN-012110,54379.15
LN-009354,524.53
LN-022452,8508.02
LN-011917,24343.43
LN-001744,210725.75
LN-025611,1395.3
LN-013198,682.8
LN-022067,25055.55
LN-015067,161018.73
LN-013845,102949.5
LN-006587,37315.44
LN-015858,123251.84
LN-005276,22207.91
LN-001937,34405.83
LN-006629,3330.78
LN-025891,165678.82
LN-022962,0.0
LN-009741,0.0
LN-006222,155297.35
LN-025166,0.0
LN-006054,19239.58
LN-011389,43633.75
LN-011668,29163.77
LN-009902,6188.53
LN-022683,54489.41
LN-016522,84009.75
LN-029126,18531.83
LN-020500,219446.84
LN-016526,68518.77
LN-003797,0.0
LN-008274,0.0
LN-005281,52989.7
LN-012570,25928.64
LN-003202,30877.14
LN-022939,163336.09
LN-005486,52037.25
LN-026330,53802.67
LN-001756,74550.63
LN-028773,163634.2
LN-028627,45037.12
LN-006007,74430.01
LN-018921,58089.76
LN-000959,24721.81
LN-023667,177794.24
LN-024778,125704.39
LN-023880,88396.34
LN-026874,105701.24
LN-027932,1598.29
LN-004082,17599.5
LN-025768,104565.55
LN-011771,116790.57
LN-004137,74147.17
LN-013288,34002.88
LN-023586,8187.82
LN-010254,120218.54
LN-015049,79277.31
LN-019671,89543.7
LN-017106,117690.16
LN-008678,83987.22
LN-012811,645.56
LN-000718,68018.81
LN-016296,30020.77
LN-005234,40903.39
LN-012740,34909.51
LN-003553,18665.48
LN-020476,3190.3
LN-014411,267860.56
LN-010620,11854.47
LN-017215,37372.62
LN-000601,75977.51
LN-012173,30989.8
LN-028838,56500.57
LN-014252,41652.03
LN-014794,31964.61
LN-000238,17938.33
LN-020131,28599.47
LN-015012,51494.64
LN-028486,14197.93
LN-004525,76431.18
LN-007803,123643.22
LN-001354,58094.07
LN-014722,169579.75
LN-007792,3798.51
LN-019297,31217.28
LN-001028,8282.38
LN-024798,138835.27
LN-026294,12307.31
LN-013984,20385.14
LN-022248,0.0
LN-000974,78868.1
LN-007794,157042.33
LN-015257,169950.92
LN-027981,80063.65
LN-004349,96753.28
LN-000398,36905.31
LN-011385,0.0
LN-011894,37785.34
LN-013697,120028.39
LN-013200,34869.08
LN-000700,36984.99
LN-025403,462.51
LN-009821,161716.39
LN-023727,65347.51
LN-022117,31063.06
LN-006479,808.24
LN-023852,183037.79
LN-003616,1992.78
LN-011831,125173.28
LN-004384,76186.64
LN-026369,45595.56
LN-000298,38372.01
LN-014852,28860.42
LN-025860,114056.14
LN-010263,72317.22
LN-014643,1016.07
LN-005671,67777.75
LN-002813,42995.76
LN-000080,38384.34
LN-014760,59125.81
LN-021530,113294.68
LN-008328,118273.32
LN-001294,58905.68
LN-001199,153133.86
LN-024118,49305.47
LN-026659,14419.37
LN-004234,75002.23
LN-014639,31303.85
LN-005220,16403.79
LN-011147,106910.75
LN-015812,3743.2
LN-002315,443.01
LN-011409,0.0
LN-007842,60719.74
LN-029144,13233.22
LN-006811,1102.75
LN-004238,269.86
LN-005414,56300.77
LN-005698,49798.96
LN-028283,18890.02
LN-003543,38900.0
LN-009017,84214.47
LN-017014,48198.27
LN-013973,62833.92
LN-000892,79193.51
LN-028029,56281.81
LN-026284,116625.33
LN-000184,84177.65
LN-023007,28427.88
LN-026147,310.14
LN-014111,0.0
LN-022921,642.58
LN-025874,20449.83
LN-010280,174930.33
LN-004493,75196.08
LN-015713,154152.53
LN-000834,131676.88
LN-024759,175470.6
LN-017284,32011.72
LN-017706,0.0
LN-020603,0.0
LN-015242,71582.23
LN-014954,0.0
LN-004182,88021.03
LN-028939,19108.26
LN-027346,6175.63
LN-018467,58641.74
LN-020746,62828.37
LN-026042,1176.35
LN-025030,82665.16
LN-001923,27299.73
LN-023263,108427.56
LN-001708,24708.49
LN-027631,203188.02
LN-026986,0.0
LN-026586,202609.62
LN-019651,37247.03
LN-013760,80148.44
LN-002248,54073.75
LN-006013,98254.3
LN-024415,192694.56
LN-028991,19566.45
LN-028557,73147.58
LN-007098,182169.89
LN-006800,176816.48
LN-009320,31008.79
LN-019858,1318.82
LN-004038,172999.22
LN-012253,192216.15
LN-013877,67244.88
LN-021544,36505.97
LN-005726,71654.11
LN-026641,50899.08
LN-028963,192182.06
LN-008503,132435.25
LN-026730,0.0
LN-006401,50380.83
LN-009194,42574.63
LN-005089,192113.99
LN-004664,84375.23
LN-006908,69836.21
LN-002244,37876.48
LN-005480,27115.91
LN-003458,126015.4
LN-016991,132136.09
LN-005827,87462.73
LN-005838,65737.32
LN-005262,126861.64
LN-004424,4763.62
LN-023365,77973.86
LN-012143,52258.64
LN-017543,93685.06
LN-010343,110194.42
LN-029266,37422.37
LN-011901,22352.51
LN-004630,21721.8
LN-019818,84922.5
LN-024722,103983.86
LN-006655,44717.85
LN-015891,105743.37
LN-008191,130497.56
LN-009170,150324.3
LN-001739,6955.71
LN-001397,4666.36
LN-019969,200788.62
LN-003964,24316.28
LN-026754,66347.81
LN-022031,34056.66
LN-019534,18882.68
LN-003007,104826.03
LN-026719,48354.09
LN-026805,154389.43
LN-018885,25970.14
LN-026729,26316.54
LN-016857,42241.61
LN-019311,194277.04
LN-028314,145453.7
LN-020941,50927.35
LN-012682,99001.92
LN-013041,90788.48
LN-006256,110649.03
LN-017093,22448.86
LN-003167,71958.91
LN-027195,106.82
LN-001714,98309.64
LN-007637,274.86
LN-001594,30386.1
LN-023447,95147.5
LN-024082,67317.94
LN-020537,70118.4
LN-007851,39635.24
LN-020668,2917.51
LN-009199,166959.34
LN-001573,140365.6
LN-018615,0.0
LN-006102,33177.57
LN-027846,432.29
LN-004529,83440.33
LN-018574,18980.82
LN-002156,188369.79
LN-008577,167696.91
LN-020400,131834.8
LN-019768,42564.59
LN-027198,119958.28
LN-005965,69487.85
LN-028250,126458.75
LN-019316,19029.42
LN-016387,210235.32
LN-028794,15951.14
LN-002917,163540.65
LN-005289,164970.72
LN-008394,115686.56
LN-025353,46158.36
LN-008925,36186.72
LN-026879,68782.69
LN-028041,27304.32
LN-000348,73850.86
LN-006710,160202.32
LN-005346,71896.74
LN-009983,67230.82
LN-025294,140409.13
LN-021817,26839.65
LN-027143,69419.29
LN-000505,278.81
LN-012114,30006.83
LN-016424,4326.9
LN-023981,19350.88
LN-020753,28620.71
LN-008426,51948.11
LN-005656,5897.55
LN-023795,75695.74
LN-011243,35397.34
LN-003694,17851.64
LN-027755,0.0
LN-022712,58144.3
LN-009572,0.0
LN-025386,960.1
LN-006627,21935.97
LN-020699,74863.34
LN-028059,115178.93
LN-009013,534.06
LN-017141,6888.04
LN-029158,86439.26
LN-020715,184565.59
LN-011262,109229.5
LN-024350,0.0
LN-005193,220.14
LN-006646,2464.46
LN-023412,21660.73
LN-011298,48345.58
LN-006483,59968.69
LN-002927,69566.8
LN-011643,95398.26
LN-011452,34297.48
LN-010864,0.0
LN-014291,3281.48
LN-022542,41078.42
LN-010052,23165.99
LN-017869,139116.62
LN-012776,43633.68
LN-003641,105530.83
LN-023332,79132.48
LN-018353,38747.75
LN-020649,45607.46
LN-026998,66569.27
LN-012489,0.0
LN-010626,55692.86
LN-026020,26356.16
LN-026372,46958.44
LN-024974,68949.92
LN-018891,76441.61
LN-005449,34164.25
LN-003191,88084.46
LN-019598,61507.35
LN-026578,1729.22
LN-025939,37936.39
LN-022179,74542.21
LN-009625,3086.48
LN-000090,0.0
LN-013236,128457.79
LN-011316,328096.05
LN-011586,26259.9
LN-023656,158326.42
LN-003620,76439.3
LN-020485,22440.15
LN-023426,24193.21
LN-028219,205373.51
LN-020945,102191.08
LN-028905,80095.28
LN-027057,21491.0
LN-024784,56914.57
LN-015510,0.0
LN-020876,41161.05
LN-016719,62421.43
LN-009271,0.0
LN-016212,75380.28
LN-005623,171834.02
LN-003876,74560.93
LN-017514,99766.59
LN-000416,30661.14
LN-015996,64085.73
LN-025008,0.0
LN-022736,412.19
LN-011091,181006.94
LN-025635,9598.78
LN-019972,34447.55
LN-014706,5342.61
LN-012226,69131.75
LN-008954,37896.97
LN-020736,0.0
LN-007096,72302.59
LN-013650,94847.58
LN-011943,37331.85
LN-024461,153637.7
LN-013974,129084.63
LN-010916,191211.42
LN-005035,142816.63
LN-005556,86439.29
LN-010578,22350.51
LN-015046,158599.14
LN-014811,139229.89
LN-005295,130766.56
LN-024221,0.0
LN-002996,32085.51
LN-002314,0.0
LN-023053,3219.91
LN-021415,98705.0
LN-005939,0.0
LN-009694,120805.38
LN-028877,96674.92
LN-014856,6725.96
LN-014930,76586.67
LN-012279,42641.92
LN-011508,45057.06
LN-007580,112484.23
LN-013457,162522.29
LN-009556,249302.1
LN-017654,295704.84
LN-019917,6456.16
LN-007150,23066.96
LN-027810,74214.13
LN-015006,77026.91
LN-009827,47839.19
LN-010318,30916.74
LN-001781,125133.67
LN-021658,2029.28
LN-012395,100131.96
LN-013674,18291.08
LN-010977,52924.97
LN-027322,197248.6
LN-007284,57077.97
LN-017778,177365.16
LN-012190,132781.48
LN-000108,85689.13
LN-015283,81576.75
LN-023606,127999.99
LN-027065,44060.43
LN-004983,106807.76
LN-015448,3316.93
LN-015675,34564.95
LN-026831,102863.89
LN-014984,0.0
LN-016042,75769.05
LN-011635,32679.23
LN-011401,43235.16
LN-006136,141505.68
LN-003588,120234.83
LN-024318,67342.42
LN-007779,41707.79
LN-002780,19783.15
LN-019448,55410.25
LN-027592,0.0
LN-025709,133369.37
LN-021278,106619.44
LN-012929,48443.2
LN-006003,79224.23
LN-018054,45868.37
LN-020990,102775.63
LN-019238,109018.42
LN-015309,128241.74
LN-012576,67268.89
LN-027011,49220.24
LN-024536,128211.59
LN-024252,27575.68
LN-003527,94715.34
LN-023490,123959.21
LN-019451,89229.63
LN-008505,31359.05
LN-017078,110851.05
LN-013849,80727.31
LN-019937,42360.69
LN-027702,146273.08
LN-017315,45278.41
LN-022527,75264.97
LN-008179,77282.24
LN-000796,163271.36
LN-028760,58696.38
LN-019606,80531.17
LN-000278,75227.1
LN-020790,0.0
LN-018897,287813.74
LN-023450,32284.35
LN-008500,169506.6
LN-028295,36994.02
LN-013735,0.0
LN-022238,45926.25
LN-021260,139781.97
LN-023008,19934.18
LN-028601,893.16
LN-019429,126732.88
LN-005410,86621.93
LN-001868,307979.59
LN-008695,0.0
LN-026623,205598.77
LN-026797,115608.34
LN-014886,59775.44
LN-004548,41857.04
LN-006301,104965.71
LN-005915,24449.15
LN-022491,59826.99
LN-002728,116526.18
LN-026869,70792.32
LN-012914,60835.96
LN-014010,3614.71
LN-015770,37705.25
LN-026483,224701.89
LN-023002,177887.6
LN-009804,1704.56
LN-016383,131805.04
LN-027992,121641.51
LN-001763,150977.08
LN-005603,27056.85
LN-023635,69777.63
LN-015026,2041.01
LN-009566,68793.1
LN-017031,97994.89
LN-028975,54049.72
LN-015418,5383.09
LN-015769,15508.85
LN-000837,3350.09
LN-021594,244809.95
LN-018750,8920.61
LN-029122,30242.83
LN-001532,68470.08
LN-018984,88168.68
LN-004074,73715.71
LN-004502,13185.24
LN-014316,94729.7
LN-016380,1576.79
LN-023427,1384.77
LN-021837,30696.05
LN-016557,53159.4
LN-002374,9912.65
LN-016234,227734.64
LN-022522,119088.16
LN-024927,163382.54
LN-026243,184859.32
LN-005580,0.0
LN-021736,0.0
LN-003477,151.46
LN-024451,294.19
LN-015706,44718.49
LN-000327,151730.7
LN-007890,100110.93
LN-016486,88143.92
LN-007254,39623.88
LN-008128,0.0
LN-016167,35009.65
LN-021831,831.67
LN-008850,0.0
LN-022977,67.9
LN-000461,146770.3
LN-019423,66157.15
LN-021766,105277.67
LN-002861,971.18
LN-010123,111915.77
LN-012550,229971.32
LN-026602,93086.4
LN-017417,49032.07
LN-018346,33545.13
LN-017167,114325.83
LN-018917,234793.46
LN-019803,54951.2
LN-015700,36666.08
LN-022487,23895.81
LN-010508,21867.71
LN-007841,17748.29
LN-017182,1040.33
LN-018700,223779.96
LN-019877,42589.17
LN-016597,79755.77
LN-026777,258450.0
LN-013887,96416.61
LN-002866,216773.36
LN-012738,158907.44
LN-014298,0.0
LN-027450,302.93
LN-010868,0.0
LN-003341,61123.98
LN-008123,0.0
LN-005278,24799.06
LN-019888,93822.99
LN-002710,40322.32
LN-009673,164250.85
LN-002161,156215.01
LN-018486,90403.47
LN-004953,25718.8
LN-016885,143755.16
LN-024967,81616.95
LN-008261,35631.58
LN-015194,49157.22
LN-015982,144705.46
LN-015202,158258.56
LN-025742,86393.17
LN-029199,137425.31
LN-026595,2032.47
LN-024503,0.0
LN-012670,126927.16
LN-012677,38466.36
LN-007210,107874.09
LN-005315,64333.74
LN-016849,0.0
LN-029285,26589.15
LN-018508,131651.09
LN-007979,53975.08
LN-013281,193386.89
LN-027664,157770.29
LN-010402,54553.22
LN-012463,73315.19
LN-026199,54831.42
LN-014015,98290.89
LN-016071,86306.65
LN-020211,100858.14
LN-015894,20054.98
LN-002674,76343.54
LN-022221,94243.97
LN-023520,183550.82
LN-020541,21617.84
LN-004559,0.0
LN-017911,133365.15
LN-007428,59023.69
LN-012604,137233.72
LN-003207,66538.5
LN-026360,12267.76
LN-000676,47422.68
LN-005163,95050.35
LN-001358,153323.39
LN-028270,59218.4
LN-011426,40939.19
LN-016497,19019.2
LN-000285,34424.3
LN-009700,145492.87
LN-016931,160168.09
LN-021848,107762.53
LN-008814,58197.34
LN-002407,37398.87
LN-021542,19058.81
LN-026285,54107.12
LN-011468,265.37
LN-020268,106698.43
LN-019468,4889.23
LN-018728,26042.57
LN-012310,9040.49
LN-012255,58354.14
LN-000055,2702.39
LN-022509,618.64
LN-027224,184609.84
LN-003228,38704.45
LN-024525,173859.63
LN-024896,161934.31
LN-014268,23704.82
LN-003983,78899.63
LN-028348,230992.37
LN-002945,72697.45
LN-016556,120037.25
LN-023755,522.61
LN-011770,0.0
LN-009396,8734.63
LN-016641,43615.35
LN-008626,186666.69
LN-003099,65409.62
LN-016210,398.02
LN-019823,54909.7
LN-024919,107961.18
LN-016809,181936.62
LN-020629,173572.26
LN-008365,45273.0
LN-016487,251125.46
LN-020884,50829.71
LN-007622,28790.18
LN-007026,113270.26
LN-011297,9621.88
LN-013118,160307.68
LN-023936,2934.81
LN-006433,185836.97
LN-005098,233111.98
LN-009251,74138.81
LN-029107,207789.29
LN-008160,119479.93
LN-022213,90396.02
LN-001173,28630.79
LN-007216,2508.68
LN-020161,0.0
LN-013655,227726.59
LN-012094,2650.66
LN-001973,495.36
LN-008957,2437.62
LN-028711,176822.27
LN-026814,72885.12
LN-007867,137513.97
LN-013365,48994.84
LN-014925,0.0
LN-020315,26242.76
LN-000977,213601.29
LN-017243,19174.86
LN-013803,87885.11
LN-027090,93168.57
LN-028207,114007.97
LN-007429,859.08
LN-020203,166273.83
LN-027890,188293.29
LN-026123,36678.97
LN-029178,35861.69
LN-010750,68591.29
LN-003744,250.8
LN-025711,80024.58
LN-008642,34676.47
LN-016293,89114.86
LN-009472,1792.62
LN-018087,62705.66
LN-029260,35298.41
LN-011081,88734.71
LN-023398,11324.42
LN-022724,27552.69
LN-020467,0.0
LN-013787,0.0
LN-001567,1710.41
LN-019719,62796.45
LN-005772,33194.89
LN-027853,3998.08
LN-016224,142498.53
LN-009181,191614.94
LN-022849,107422.18
LN-015361,168893.19
LN-021402,91759.74
LN-014037,1504.63
LN-015017,85287.73
LN-005969,44513.41
LN-011982,30864.02
LN-000688,9819.65
LN-027256,37172.77
LN-027275,88643.24
LN-028753,66673.25
LN-005958,159544.9
LN-001079,40998.34
LN-018931,73555.85
LN-003369,602.58
LN-023188,896.04
LN-021860,81894.59
LN-028916,69244.7
LN-025907,17945.93
LN-012315,62702.31
LN-028095,0.0
LN-000352,118415.11
LN-008106,71299.91
LN-027803,75400.63
LN-001696,23221.52
LN-015667,35969.02
LN-019483,122943.42
LN-019118,64942.51
LN-028332,33781.67
LN-003538,111009.56
LN-028661,71853.75
LN-023408,967.62
LN-020624,38353.24
LN-027231,106291.71
LN-003499,32385.83
LN-009826,42691.69
LN-015080,43415.27
LN-008324,5934.43
LN-015404,51186.52
LN-001976,35853.68
LN-023698,102178.55
LN-006215,64013.46
LN-023961,118079.93
LN-015886,530.95
LN-023529,31857.91
LN-009592,144747.55
LN-010047,43080.69
LN-011531,108378.26
LN-011849,94421.98
LN-018892,28772.92
LN-001698,222665.8
LN-006331,0.0
LN-001882,78432.57
LN-020810,97356.34
LN-003679,142245.68
LN-011238,133547.97
LN-011461,70774.58
LN-022780,0.0
LN-006916,300649.99
LN-027054,97178.87
LN-018263,175825.71
LN-029225,112125.39
LN-018085,3140.33
LN-018381,1307.88
LN-020270,124728.85
LN-017430,77331.3
LN-000300,60056.91
LN-019772,177362.13
LN-017002,98174.28
LN-011789,119211.44
LN-001996,63565.33
LN-001742,28896.49
LN-002502,131619.68
LN-012484,75681.82
LN-005110,20856.6
LN-020959,1948.42
LN-019673,96472.88
LN-000781,24190.7
LN-008989,74198.87
LN-026977,180801.63
LN-001984,52608.7
LN-026644,83634.14
LN-028044,41631.27
LN-016219,139697.11
LN-019650,90361.82
LN-013614,66432.27
LN-017148,75499.82
LN-026979,23670.36
LN-016344,166723.73
LN-005762,89678.46
LN-009183,2397.43
LN-000471,3084.27
LN-026463,1067.89
LN-023255,24553.2
LN-018814,73186.05
LN-027827,70948.89
LN-009803,128862.39
LN-002366,32486.49
LN-027922,35737.16
LN-012727,40155.01
LN-003549,131234.81
LN-018551,27054.54
LN-012672,91931.55
LN-004185,323982.08
LN-015359,22097.78
LN-001601,2008.67
LN-008632,81291.53
LN-003786,133233.47
LN-003325,65336.83
LN-022189,38516.7
LN-019492,183554.03
LN-001356,43429.86
LN-005273,73975.34
LN-017560,45303.91
LN-015031,110019.14
LN-025031,104043.1
LN-014528,101546.55
LN-019769,91248.56
LN-021494,79717.77
LN-002098,29432.04
LN-016398,34081.03
LN-005347,271954.29
LN-011346,2451.1
LN-014979,65888.37
LN-002094,49506.86
LN-003149,19862.64
LN-015337,30872.9
LN-029228,63096.57
LN-029240,18503.86
LN-010029,63922.4
LN-006615,0.0
LN-024840,27228.96
LN-007905,21769.25
LN-020861,200751.2
LN-025574,42400.25
LN-028185,1240.52
LN-021436,102908.77
LN-026064,158986.72
LN-000207,30574.62
LN-010138,198082.16
LN-023359,207289.98
LN-000749,59140.66
LN-028338,100201.74
LN-017477,137577.76
LN-004368,187971.63
LN-023909,150590.72
LN-019816,33728.15
LN-000854,91.91
LN-016786,183484.42
LN-022315,41069.09
LN-009130,72729.23
LN-003960,50820.08
LN-017910,61181.0
LN-007898,192942.95
LN-018856,62349.27
LN-009214,100549.79
LN-019404,10449.12
LN-026480,51472.56
LN-025390,145390.6
LN-009371,136.48
LN-010631,155835.77
LN-022140,159775.88
LN-029125,224201.27
LN-007951,25661.66
LN-006265,189737.05
LN-018977,40007.34
LN-001018,33543.22
LN-016006,140635.69
LN-017266,53240.03
LN-018749,98341.04
LN-015434,3033.86
LN-010665,62385.5
LN-003525,0.0
LN-002827,61214.34
LN-017795,134175.9
LN-006557,47606.68
LN-016972,183431.77
LN-010167,24440.6
LN-025475,116562.47
LN-021088,8800.81
LN-007849,1758.99
LN-027083,24285.37
LN-006694,39711.7
LN-007030,8545.92
LN-005384,62405.36
LN-007395,136455.42
LN-016548,103326.79
LN-019794,89091.03
LN-011094,83096.46
LN-017392,39941.75
LN-025273,78483.53
LN-020115,872.76
LN-023549,100185.26
LN-003689,135476.29
LN-014922,70643.26
LN-011106,84491.44
LN-006845,74815.85
LN-010025,84770.7
LN-014780,27599.38
LN-010545,71139.6
LN-000906,267543.16
LN-013852,72589.4
LN-013751,76400.99
LN-013985,61950.53
LN-008980,59186.26
LN-006825,83417.31
LN-004104,46600.66
LN-013251,143163.05
LN-013556,47316.01
LN-003723,163201.88
LN-009817,57487.25
LN-022276,30394.2
LN-003423,45480.6
LN-009369,61969.02
LN-029088,50686.2
LN-010095,36868.39
LN-004141,267491.97
LN-023633,108803.04
LN-009961,49193.72
LN-017365,237284.34
LN-022301,58020.6
LN-015237,97972.19
LN-010963,72870.43
LN-004585,104370.96
LN-009219,3409.14
LN-008235,0.0
LN-005943,0.0
LN-028213,1158.8
LN-013757,74486.61
LN-021171,209.46
LN-014671,97819.94
LN-015001,151660.71
LN-013155,101159.89
LN-020608,79732.58
LN-001104,35399.35
LN-028400,95456.3
LN-013612,94732.34
LN-011047,56994.68
LN-001909,61333.69
LN-002177,10769.51
LN-013595,14943.49
LN-029165,98045.55
LN-020801,64264.52
LN-016979,57672.39
LN-002008,29207.72
LN-009431,128178.36
LN-014991,186066.85
LN-009708,31731.14
LN-020383,40185.35
LN-011726,27508.13
LN-026836,60933.58
LN-001177,35730.48
LN-027157,91598.89
LN-024260,5833.43
LN-012612,182787.42
LN-000344,79806.57
LN-007764,34209.49
LN-020547,143606.81
LN-009420,69635.33
LN-027347,23331.51
LN-002252,190095.79
LN-018086,40493.75
LN-028012,81040.15
LN-023444,215648.91
LN-017552,20582.57
LN-011301,38805.44
LN-014865,37195.8
LN-017224,0.0
LN-008007,62307.97
LN-001647,128293.63
LN-003898,116639.39
LN-015441,42266.55
LN-022081,83068.01
LN-022080,88034.54
LN-012940,326.39
LN-014982,134399.3
LN-025490,8525.21
LN-027588,0.0
LN-008672,68510.36
LN-015166,33155.54
LN-018783,285571.02
LN-026944,106288.61
LN-018661,66905.19
LN-004866,67998.79
LN-027248,156247.79
LN-024456,206335.34
LN-019343,147276.05
LN-024573,49761.65
LN-011338,7353.75
LN-003324,33725.56
LN-028820,2393.97
LN-010079,51178.86
LN-004219,49798.63
LN-003589,86670.51
LN-019669,33872.25
LN-013512,89405.89
LN-023517,191643.89
LN-022796,28055.14
LN-002933,37471.91
LN-019457,8594.42
LN-019630,44933.81
LN-021054,107682.29
LN-004309,5732.12
LN-022732,172738.09
LN-001819,34622.71
LN-014658,61065.27
LN-013648,321.91
LN-004016,18874.93
LN-006690,187151.14
LN-013571,0.0
LN-014362,169916.62
LN-021467,164476.07
LN-010801,52868.32
LN-016904,149017.14
LN-027103,33624.36
LN-020588,109606.74
LN-000017,1197.72
LN-015217,207629.46
LN-022372,21032.87
LN-011187,139083.2
LN-027872,12379.33
LN-001983,0.0
LN-013836,188295.07
LN-009300,54660.02
LN-012508,0.0
LN-018002,23600.37
LN-019689,25316.98
LN-021193,71713.75
LN-005411,74021.19
LN-020392,84324.43
LN-010699,102320.19
LN-020888,33613.14
LN-008621,6809.63
LN-002193,33938.53
LN-009653,180484.46
LN-023037,46894.12
LN-002295,132868.85
LN-009084,0.0
LN-009727,36290.76
LN-003614,284277.93
LN-005542,247482.75
LN-024677,47971.88
LN-008530,55866.79
LN-014150,20978.99
LN-014825,90091.22
LN-012644,140702.61
LN-006221,63686.45
LN-007687,175760.85
LN-024015,92886.22
LN-007351,0.0
LN-009515,70937.82
LN-003871,36629.74
LN-015157,61969.31
LN-005206,16636.08
LN-000109,19647.85
LN-023481,21264.12
LN-011816,54504.12
LN-011696,102092.93
LN-028929,51555.15
LN-009224,73883.87
LN-027539,43449.24
LN-017308,29885.99
LN-022162,68623.83
LN-014853,68631.02
LN-009373,63676.19
LN-011284,0.0
LN-010036,33712.1
LN-000304,45361.83
LN-000645,1907.58
LN-013794,6212.7
LN-000924,229632.59
LN-025809,36885.8
LN-011570,126559.56
LN-026491,37767.31
LN-002340,0.0
LN-027506,213951.92
LN-027278,3565.5
LN-013709,34972.26
LN-014544,17606.51
LN-004418,92662.21
LN-012381,26394.5
LN-018035,1056.49
LN-002382,70362.2
LN-028940,157844.52
LN-000835,62555.07
LN-027175,29245.46
LN-028742,122891.91
LN-017376,106643.29
LN-011020,111870.33
LN-019422,63679.98
LN-024402,10085.0
LN-018909,20988.92
LN-003370,3254.64
LN-007577,41003.55
LN-028981,116951.29
LN-023217,65882.27
LN-002453,76144.14
LN-024387,144334.28
LN-005221,86576.02
LN-024860,121397.64
LN-000066,65615.6
LN-025926,95428.66
LN-018329,123449.17
LN-001661,158920.66
LN-027253,107816.43
LN-012964,94501.04
LN-003941,82358.55
LN-017256,155657.93
LN-012808,159379.04
LN-028789,1957.92
LN-023697,33582.68
LN-019201,25750.12
LN-019910,846.81
LN-028359,19427.67
LN-027688,53736.79
LN-021975,118941.76
LN-008264,3091.68
LN-023201,30720.34
LN-002788,178328.49
LN-020263,202403.0
LN-001847,96387.02
LN-007839,279953.64
LN-018730,0.0
LN-004072,0.0
LN-005242,157533.68
LN-000151,134220.08
LN-011652,59760.85
LN-027900,65988.82
LN-017265,44911.27
LN-006849,34148.8
LN-024353,62526.71
LN-023830,128343.54
LN-007522,98918.21
LN-012704,112723.06
LN-005848,62018.63
LN-024286,11981.35
LN-009785,38520.88
LN-026153,86870.04
LN-029150,26290.59
LN-022566,24910.83
LN-003534,31173.02
LN-007228,131555.94
LN-002040,105950.16
LN-002962,7988.72
LN-011255,119946.95
LN-014423,278.51
LN-008266,108.32
LN-005443,61673.25
LN-002150,93320.34
LN-011620,182471.87
LN-010455,48189.29
LN-026866,45042.79
LN-027713,19061.44
LN-002733,259098.98
LN-016609,49740.08
LN-025242,147818.84
LN-023436,301297.4
LN-029177,188273.09
LN-000185,32203.31
LN-019171,9515.23
LN-016015,117641.84
LN-006912,39559.22
LN-003270,9565.98
LN-000183,0.0
LN-020123,30108.58
LN-025932,87491.18
LN-011324,35757.41
LN-019880,0.0
LN-023349,70224.88
LN-024330,38064.94
LN-025956,31309.93
LN-027725,86868.56
LN-002721,150688.28
LN-023410,29204.86
LN-010625,73220.34
LN-002100,75111.61
LN-016737,70916.47
LN-000192,138550.7
LN-029019,106219.03
LN-029186,50153.18
LN-025077,149247.82
LN-012431,100338.08
LN-016385,21414.73
LN-018293,60614.46
LN-010066,44638.59
LN-001302,125521.68
LN-019360,64038.44
LN-017681,546.15
LN-020558,63573.41
LN-026512,38106.87
LN-025122,34988.13
LN-003009,38891.59
LN-007882,64432.08
LN-015666,173199.81
LN-002685,70194.23
LN-017299,24503.35
LN-019246,102297.88
LN-016450,172743.48
LN-027630,83752.18
LN-011072,36423.86
LN-019731,197714.27
LN-003071,162015.06
LN-022992,1427.09
LN-020029,78065.19
LN-020544,24340.51
LN-014479,5306.05
LN-027836,72214.62
LN-026880,150874.26
LN-000395,865.77
LN-013139,0.0
LN-008910,51583.84
LN-001512,108120.09
LN-010908,37344.26
LN-003121,152225.81
LN-005889,68063.1
LN-009211,35159.41
LN-010436,21251.32
LN-005582,30882.56
LN-001427,184004.19
LN-017008,35791.33
LN-019631,30446.88
LN-012296,97483.46
LN-027444,42429.96
LN-007695,144587.73
LN-007277,178132.45
LN-005339,0.0
LN-013341,43921.15
LN-006606,28954.33
LN-011122,44064.23
LN-012624,90683.27
LN-013283,48726.0
LN-024816,117602.11
LN-026302,91484.55
LN-016701,95604.52
LN-001971,50664.92
LN-024829,37269.38
LN-001620,4091.93
LN-007381,57794.19
LN-019211,33974.88
LN-019069,5037.88
LN-012318,187293.38
LN-005860,121262.5
LN-010099,94453.38
LN-001249,30451.98
LN-027430,133976.93
LN-001382,0.0
LN-010896,1216.04
LN-020827,44651.91
LN-029083,133697.5
LN-028765,44716.71
LN-024968,0.0
LN-014283,0.0
LN-011447,55185.82
LN-008611,98367.96
LN-010573,23642.89
LN-002210,46473.52
LN-011133,59363.72
LN-011517,121549.08
LN-021363,98056.4
LN-018680,60817.09
LN-009798,60396.68
LN-021838,188632.01
LN-022302,35587.0
LN-028024,0.0
LN-013507,49710.27
LN-020792,90824.52
LN-010112,24351.02
LN-012218,72675.99
LN-012754,207020.82
LN-002887,146801.52
LN-027910,203714.06
LN-016549,85207.83
LN-008675,75819.09
LN-000100,63578.35
LN-017856,156591.07
LN-009193,84934.44
LN-016717,66532.2
LN-001058,4626.8
LN-019008,98441.17
LN-013290,93827.76
LN-019756,156077.39
LN-017782,38332.35
LN-012353,0.0
LN-005368,0.0
LN-020246,96984.46
LN-014769,25232.09
LN-002408,193205.76
LN-019025,39342.05
LN-023815,107707.76
LN-019204,68492.69
LN-018457,41827.7
LN-013769,17927.45
LN-016899,84453.65
LN-010922,1001.97
LN-027470,52293.98
LN-018927,0.0
LN-023347,46823.16
LN-005349,93667.89
LN-008414,36041.57
LN-013857,23210.84
LN-026087,262410.06
LN-017582,54450.27
LN-027095,194372.52
LN-010510,5043.13
LN-006719,115708.29
LN-002812,142884.63
LN-018038,76411.09
LN-017598,105576.22
LN-001175,98438.18
LN-003939,43085.45
LN-008673,33078.46
LN-025855,27714.91
LN-005017,2322.26
LN-027053,311165.92
LN-005683,446.48
LN-005780,105972.01
LN-004911,153219.83
LN-015660,175011.5
LN-026011,104740.85
LN-027051,96845.15
LN-007407,188317.34
LN-004268,304756.27
LN-011455,144955.05
LN-016765,33710.89
LN-027006,83415.17
LN-002024,24633.68
LN-020479,66556.42
LN-019268,68637.76
LN-011808,27953.37
LN-011539,78952.69
LN-022186,72283.51
LN-024790,173993.29
LN-000783,113653.47
LN-002863,66650.92
LN-010898,102137.01
LN-024683,0.0
LN-025796,124025.95
LN-009941,104931.87
LN-011700,158883.25
LN-016425,13127.53
LN-015214,59108.92
LN-020502,32478.52
LN-003108,36278.03
LN-022999,10963.56
LN-005702,88365.56
LN-016978,40454.66
LN-018735,197935.31
LN-021587,163105.71
LN-021359,70727.28
LN-015850,29404.07
LN-026061,0.0
LN-000149,33305.1
LN-028908,159357.47
LN-006056,136773.01
LN-002979,140177.8
LN-011659,134416.11
LN-009628,175973.84
LN-002562,90428.71
LN-013064,57270.63
LN-007400,221753.76
LN-012729,92390.29
LN-007426,0.0
LN-017115,37163.04
LN-000187,23478.67
LN-013934,274714.7
LN-027970,122697.23
LN-021149,0.0
LN-025908,6958.05
LN-008674,22989.21
LN-002859,196580.7
LN-025264,27828.57
LN-004662,2297.06
LN-018736,68865.47
LN-018949,149491.48
LN-003164,19376.15
LN-017853,6997.77
LN-004567,139724.63
LN-013047,45023.98
LN-025862,165200.24
LN-006723,26998.38
LN-025837,16832.89
LN-029115,108.52
LN-019157,124196.15
LN-003826,108787.0
LN-010746,11047.12
LN-007045,92211.73
LN-010820,183323.55
LN-008566,6886.69
LN-023677,147225.01
LN-028453,69415.72
LN-016466,395648.5
LN-021952,80248.17
LN-008082,0.0
LN-019597,51598.56
LN-024655,195103.57
LN-000277,24019.8
LN-027875,33117.35
LN-005127,73120.93
LN-003197,78256.66
LN-010414,75758.47
LN-005072,16553.09
LN-021269,198644.95
LN-004512,76433.27
LN-004892,55686.29
LN-004166,0.0
LN-003522,66089.56
LN-007790,37087.21
LN-028872,123357.91
LN-008423,100667.09
LN-007850,408.3
LN-005204,35466.12
LN-006284,94782.17
LN-008492,93646.37
LN-007357,2456.18
LN-014764,0.0
LN-004144,278.74
LN-017694,60096.28
LN-001389,179183.45
LN-015106,92697.93
LN-000099,19908.01
LN-010057,91788.8
LN-012851,110240.22
LN-006602,63129.38
LN-016589,948.98
LN-026436,23970.23
LN-022567,116239.8
LN-009690,41715.21
LN-004690,0.0
LN-016259,47930.41
LN-026206,129484.06
LN-011014,97358.43
LN-005801,49494.91
LN-018215,24597.62
LN-020514,4678.52
LN-022128,3906.64
LN-009571,21233.21
LN-022350,209076.42
LN-026808,32728.1
LN-016336,96173.33
LN-007778,37568.51
LN-001972,75168.02
LN-022573,282466.91
LN-022405,94818.83
LN-019007,247609.53
LN-021259,87269.24
LN-005138,22914.39
LN-016101,208072.55
LN-027560,227122.57
LN-004228,134585.18
LN-022338,51109.59
LN-007844,137759.07
LN-004300,106206.72
LN-024978,131876.38
LN-010236,122257.13
LN-027131,35803.33
LN-003839,145591.07
LN-028986,54084.08
LN-029058,21671.95
LN-009280,0.0
LN-011555,1043.32
LN-000468,2883.53
LN-002389,4033.25
LN-018261,187035.21
LN-011012,180759.43
LN-006315,0.0
LN-024729,33115.05
LN-021906,122041.52
LN-011382,56607.14
LN-013248,44083.8
LN-012881,134563.32
LN-016723,51508.23
LN-016189,121419.99
LN-016304,32263.71
LN-010849,89062.91
LN-003914,64626.29
LN-016815,63705.03
LN-027983,284082.57
LN-012641,83973.38
LN-021378,0.0
LN-016055,111799.23
LN-011119,96034.1
LN-010415,24273.1
LN-028728,26244.28
LN-027381,18151.13
LN-008882,160244.61
LN-029279,4946.15
LN-000530,300596.54
LN-020494,85312.04
LN-011376,278125.03
LN-010644,2523.38
LN-006713,643.72
LN-018195,23139.57
LN-025449,66123.4
LN-006847,68803.65
LN-010007,100213.63
LN-023824,70431.12
LN-022371,170958.13
LN-006731,76343.75
LN-018239,72714.06
LN-019702,123922.29
LN-028131,38563.02
LN-000635,116180.7
LN-017173,64761.19
LN-006471,76612.32
LN-000426,3050.83
LN-016027,99067.29
LN-007659,91168.27
LN-022263,197554.59
LN-008288,1927.54
LN-009277,67502.08
LN-017292,72758.54
LN-017120,161588.3
LN-021643,47198.95
LN-023153,69449.83
LN-025282,165650.61
LN-018459,41696.65
LN-026191,50720.54
LN-001121,5219.65
LN-027276,169157.02
LN-023634,13136.97
LN-025496,43829.19
LN-025675,71168.45
LN-023405,78622.78
LN-019618,30932.22
LN-015581,47548.01
LN-015084,20139.48
LN-010860,22281.62
LN-022661,38141.71
LN-012963,137262.04
LN-012098,305815.33
LN-006707,96743.8
LN-019241,18721.45
LN-011538,30479.43
LN-021900,4484.99
LN-022519,55078.14
LN-014105,48733.95
LN-015551,73624.13
LN-014484,181758.21
LN-015638,40256.36
LN-000823,28603.41
LN-026499,26452.32
LN-006429,0.0
LN-028646,140552.18
LN-007870,43735.39
LN-011941,287374.41
LN-025227,0.0
LN-004685,74088.95
LN-000604,69226.73
LN-010346,73415.05
LN-011173,94684.22
LN-003248,123875.56
LN-007082,208766.08
LN-025348,82574.15
LN-026244,1219.89
LN-018061,27698.05
LN-010179,78585.75
LN-005880,178908.22
LN-019716,117577.15
LN-022587,358.79
LN-008389,75334.78
LN-001014,139814.01
LN-010046,18630.97
LN-023226,156619.32
LN-029050,38947.14
LN-015181,73248.92
LN-004987,1021.31
LN-012897,93457.64
LN-008906,70774.64
LN-028582,111960.19
LN-010912,65249.51
LN-023971,27737.55
LN-025413,90081.65
LN-022271,33954.2
LN-024295,45567.14
LN-023179,17309.65
LN-008190,4992.75
LN-000639,150130.99
LN-016727,92522.8
LN-029175,203.22
LN-011646,149208.55
LN-025633,60786.36
LN-027764,75792.59
LN-019663,112830.7
LN-026315,149195.92
LN-006425,49719.01
LN-000288,1379.81
LN-015764,7682.65
LN-007418,4758.18
LN-024289,40404.77
LN-020929,65120.16
LN-017873,0.0
LN-021855,61061.99
LN-017330,13265.62
LN-017207,259414.83
LN-018269,0.0
LN-004756,38100.66
LN-019928,81099.1
LN-005742,83538.92
LN-006594,33501.24
LN-026160,116690.4
LN-021306,44644.88
LN-011019,23054.37
LN-012283,37571.96
LN-026758,6326.16
LN-028675,2141.62
LN-006516,277.74
LN-024495,26685.08
LN-003432,201293.51
LN-019693,33915.17
LN-016455,43965.31
LN-028094,35088.79
LN-014046,36776.73
LN-026183,76212.45
LN-008855,9194.91
LN-001285,0.0
LN-022416,397519.45
LN-027199,54743.19
LN-017326,63412.1
LN-009345,111111.01
LN-020109,746.51
LN-015695,36384.94
LN-001237,56888.8
LN-027049,68394.62
LN-006233,211140.1
LN-013603,101703.0
LN-004243,59214.39
LN-027906,163255.41
LN-022203,70591.56
LN-025324,201638.08
LN-027805,31154.64
LN-020516,162509.04
LN-000235,270318.04
LN-014458,30778.1
LN-013888,110919.26
LN-005904,231352.4
LN-028251,13561.15
LN-015188,133820.68
LN-001916,29141.07
LN-006166,210110.1
LN-003470,1074.33
LN-017562,0.0
LN-015321,23646.04
LN-016632,184.24
LN-006332,33308.65
LN-012927,716.88
LN-026316,56918.93
LN-010586,27395.41
LN-024418,123028.0
LN-016713,70489.57
LN-025034,1962.14
LN-003381,70334.62
LN-007609,128390.69
LN-001041,41153.51
LN-019037,132699.26
LN-021152,37426.21
LN-020091,67456.5
LN-023760,69155.05
LN-006924,124349.56
LN-004861,52315.15
LN-009676,376146.55
LN-013643,30694.49
LN-005876,66116.08
LN-023997,119040.98
LN-024961,59480.71
LN-015443,79151.65
LN-027718,43871.75
LN-000346,15910.23
LN-020175,16494.12
LN-019944,81261.19
LN-027610,143439.12
LN-013147,22890.54
LN-010938,586.96
LN-028155,97851.85
LN-008641,103506.62
LN-028194,81183.93
LN-011822,230315.99
LN-015955,66287.67
LN-024818,65889.58
LN-018462,27824.45
LN-018620,11938.62
LN-024837,255240.29
LN-016225,141708.56
LN-021526,126255.55
LN-016675,74423.98
LN-015465,125007.47
LN-003161,144062.91
LN-006517,283.0
LN-015703,126454.71
LN-006173,46279.03
LN-007222,227883.53
LN-027355,368312.68
LN-001773,146901.79
LN-011327,73352.55
LN-011391,165263.15
LN-007306,106070.69
LN-020786,34.0
LN-003988,1722.87
LN-015415,53466.53
LN-014482,44625.37
LN-017244,26892.21
LN-006185,61027.6
LN-024376,32932.84
LN-006322,2226.37
LN-020244,103587.28
LN-025705,71407.04
LN-003272,39494.29
LN-005613,93280.01
LN-000301,88742.48
LN-024531,98516.73
LN-016427,41455.19
LN-007529,20136.44
LN-002852,92320.08
LN-026170,130191.8
LN-015087,34036.55
LN-023679,67450.37
LN-019694,44317.05
LN-006143,130037.47
LN-013741,48862.72
LN-014309,48441.58
LN-007855,18667.21
LN-023026,202876.77
LN-007484,320.67
LN-018603,34581.52
LN-027674,33177.12
LN-004438,182275.76
LN-008092,4300.57
LN-010194,137666.59
LN-023591,97952.14
LN-012153,71601.19
LN-024220,412175.26
LN-004265,157520.61
LN-003006,189881.73
LN-003319,118345.9
LN-015488,125245.27
LN-017228,75939.16
LN-010235,893.98
LN-028605,13792.74
LN-012433,2582.06
LN-005178,98357.08
LN-026308,136157.94
LN-006754,17.7
LN-004293,65086.82
LN-005728,35570.69
LN-016421,36727.56
LN-012655,88408.59
LN-026418,63276.25
LN-003835,288824.01
LN-021315,85596.79
LN-019452,50119.09
LN-003630,0.0
LN-008558,98460.32
LN-027498,72006.1
LN-011845,120732.97
LN-025876,104890.57
LN-006610,82261.45
LN-012830,57097.33
LN-003626,175059.18
LN-020966,116872.38
LN-017467,3575.61
LN-018430,30459.76
LN-001465,141099.15
LN-027744,166295.27
LN-010319,59209.37
LN-027857,48174.34
LN-014258,0.0
LN-005112,207.46
LN-019326,65441.67
LN-003627,93233.58
LN-021320,0.0
LN-011664,80114.66
LN-019394,88859.71
LN-013471,645.48
LN-014694,258259.74
LN-008403,121810.28
LN-027003,42724.43
LN-002445,864.08
LN-017130,28830.29
LN-023231,85466.31
LN-022707,18822.56
LN-020760,197461.48
LN-028364,0.0
LN-018115,3314.84
LN-015756,170939.34
LN-020393,63146.83
LN-009000,0.0
LN-015880,0.0
LN-020298,43914.33
LN-006692,91134.56
LN-027272,75160.45
LN-000217,71142.69
LN-026969,86823.37
LN-029102,252996.58
LN-028585,13764.48
LN-025305,68749.87
LN-009247,16717.02
LN-010341,25814.93
LN-003177,17510.31
LN-020147,32952.51
LN-007171,76926.58
LN-013683,167456.56
LN-016029,57428.12
LN-029119,1336.92
LN-003306,7689.63
LN-012357,305191.99
LN-007984,2592.15
LN-006995,4020.38
LN-018060,3782.33
LN-015373,285377.64
LN-002607,926.55
LN-026075,40891.86
LN-029220,109126.86
LN-008931,150677.59
LN-022016,119340.86
LN-002324,0.0
LN-002070,38322.27
LN-024704,133001.4
LN-024466,160074.07
LN-008062,73612.42
LN-004497,8094.64
LN-017945,90498.88
LN-008245,4729.98
LN-025280,34504.72
LN-026216,44762.54
LN-029085,170164.2
LN-006522,18500.82
LN-028456,27038.97
LN-003823,21033.98
LN-019304,94206.85
LN-020009,63611.07
LN-025469,182286.68
LN-020165,139611.64
LN-028686,41915.93
LN-027886,7920.41
LN-000386,4605.54
LN-014469,124871.34
LN-011690,53883.02
LN-010287,92493.56
LN-014627,19420.77
LN-004172,4327.78
LN-022981,124012.08
LN-024323,30411.32
LN-024607,48888.22
LN-024063,42103.3
LN-025286,0.0
LN-029054,73541.09
LN-028915,201970.12
LN-007541,2391.3
LN-005485,107875.62
LN-015056,69560.6
LN-004822,156592.0
LN-013600,61452.44
LN-001171,128372.92
LN-014709,123879.31
LN-002620,21886.36
LN-015526,84875.52
LN-008949,30161.85
LN-012750,67571.05
LN-009481,71478.4
LN-009606,58486.89
LN-007257,33788.53
LN-026059,93251.58
LN-012983,83327.09
LN-002011,161995.51
LN-000033,81860.08
LN-009534,103335.21
LN-008005,127433.79
LN-001755,123084.14
LN-021873,62690.56
LN-013224,20993.66
LN-012287,102154.34
LN-028876,0.0
LN-019867,21198.22
LN-011604,45579.64
LN-000087,5398.87
LN-025988,87.96
LN-018107,216015.97
LN-017576,85073.96
LN-003143,46471.04
LN-019909,170160.67
LN-028747,156601.77
LN-019206,105549.95
LN-011448,54437.87
LN-006197,69800.3
LN-028979,121017.79
LN-020414,36831.08
LN-012505,752.01
LN-010164,127804.08
LN-028526,30557.2
LN-004623,32140.05
LN-011695,93877.8
LN-004879,14199.31
LN-009985,116681.38
LN-006439,0.0
LN-012138,63221.36
LN-001970,57790.23
LN-024481,163836.16
LN-012909,266429.06
LN-012650,159726.54
LN-003243,93559.01
LN-019013,85343.38
LN-025547,24413.76
LN-010734,248072.7
LN-013950,0.0
LN-024167,0.0
LN-009871,87394.07
LN-001955,307.03
LN-026115,0.0
LN-010600,0.0
LN-025692,199430.9
LN-012029,77962.26
LN-021481,218154.96
LN-025602,38483.01
LN-000926,2142.39
LN-006574,23871.62
LN-010465,49527.05
LN-019559,88553.93
LN-007318,32085.72
LN-019741,203691.11
LN-006094,76731.23
LN-006340,0.0
LN-004622,114394.07
LN-016623,31796.44
LN-026829,489.35
LN-001556,238225.73
LN-019384,31264.15
LN-003704,29120.72
LN-020714,156690.22
LN-004428,83981.42
LN-022464,85203.58
LN-014370,76532.11
LN-010202,26635.48
LN-025618,1940.85
LN-013774,27288.93
LN-023284,49709.82
LN-011222,163089.64
LN-001642,255394.35
LN-014302,129281.94
LN-018544,29218.46
LN-021833,33451.88
LN-004066,73985.38
LN-024108,777.54
LN-005419,129427.9
LN-028085,756.82
LN-002920,26427.06
LN-015641,42374.51
LN-000739,149508.27
LN-012571,128625.51
LN-020341,45575.69
LN-019675,97373.05
LN-024277,0.0
LN-000684,66449.67
LN-014668,44385.07
LN-006260,218848.5
LN-018260,79229.37
LN-016442,146044.32
LN-005636,198418.92
LN-006012,212.4
LN-004031,190588.7
LN-005706,73453.17
LN-007646,104791.2
LN-012413,28906.27
LN-000550,68909.53
LN-026089,102918.44
LN-005102,80603.09
LN-022033,24608.97
LN-023821,35475.05
LN-001332,59542.22
LN-017317,44861.49
LN-027927,0.0
LN-018205,68874.33
LN-019700,86111.71
LN-011867,212228.38
LN-013604,34450.56
LN-016808,96463.74
LN-013421,0.0
LN-017613,6468.64
LN-012937,914.82
LN-028569,30912.34
LN-013436,58827.9
LN-008052,232727.49
LN-016520,10650.32
LN-009357,20229.04
LN-000103,961.41
LN-024032,72860.13
LN-024061,24235.95
LN-011191,45186.33
LN-025235,35931.1
LN-009228,128501.57
LN-006417,187368.38
LN-005356,208644.6
LN-001542,74463.24
LN-010870,0.0
LN-013432,40756.2
LN-010184,160445.33
LN-017351,90743.52
LN-025066,179314.33
LN-014621,37720.51
LN-021718,72096.72
LN-018075,4856.94
LN-023261,30239.07
LN-008843,88928.5
LN-004999,278061.37
LN-017316,44032.67
LN-025437,0.0
LN-027894,53899.62
LN-009058,48131.42
LN-009546,134524.3
LN-008524,25588.9
LN-027661,44555.82
LN-004456,46400.05
LN-002207,166414.62
LN-002528,44818.45
LN-006005,11092.12
LN-006946,12462.98
LN-028365,150164.84
LN-017748,48237.18
LN-028960,267764.49
LN-028223,125871.92
LN-010419,6939.41
LN-010551,327.86
LN-006562,45864.14
LN-007112,212569.62
LN-022813,114365.35
LN-026247,253137.84
LN-025992,0.0
LN-001758,69825.95
LN-019755,233528.04
LN-006550,38387.77
LN-028320,99533.56
LN-005073,0.0
LN-029195,305067.44
LN-023602,94298.01
LN-022269,91962.8
LN-024577,101267.83
LN-025032,37207.32
LN-000073,2015.43
LN-004448,190971.25
LN-017703,149760.72
LN-022883,3622.77
LN-001616,58914.3
LN-017588,163782.46
LN-025502,51375.79
LN-028899,62110.41
LN-021098,119015.65
LN-011864,86359.37
LN-020854,110309.27
LN-023747,6320.65
LN-019217,1367.88
LN-025266,115145.45
LN-011885,34059.84
LN-021068,57835.9
LN-010955,106337.35
LN-008533,233871.02
LN-008775,0.0
LN-002817,75097.54
LN-020960,206549.59
LN-026267,200098.86
LN-014271,92970.15
LN-009266,0.0
LN-026861,2894.72
LN-022545,175298.89
LN-021792,13183.31
LN-016756,5266.61
LN-027667,2918.86
LN-028065,92529.96
LN-010769,80574.13
LN-024053,17236.36
LN-011780,0.0
LN-012427,249165.09
LN-013337,85231.61
LN-016206,36855.9
LN-019179,85469.39
LN-021850,44246.66
LN-002833,168420.62
LN-024646,132513.99
LN-028462,38705.19
LN-022725,55965.01
LN-019743,196492.13
LN-016273,75719.74
LN-018106,173785.44
LN-022539,54125.0
LN-013275,295725.67
LN-024018,45437.1
LN-014580,256.73
LN-006806,201160.76
LN-008711,33869.41
LN-026464,0.0
LN-003714,0.0
LN-014019,218435.27
LN-014326,68595.7
LN-020782,231979.94
LN-023222,123355.44
LN-008909,476.38
LN-001918,75993.73
LN-012844,90748.65
LN-021451,144378.07
LN-007211,79951.01
LN-009119,1187.06
LN-008361,105541.87
LN-024730,61263.33
LN-018719,37782.09
LN-003757,160368.82
LN-011525,31405.15
LN-011441,85796.96
LN-028206,167944.4
LN-023428,109178.32
LN-019863,0.0
LN-002923,172617.85
LN-004067,138512.93
LN-009323,51864.28
LN-026342,162486.56
LN-003673,62756.69
LN-000897,340.83
LN-001400,37194.09
LN-026258,89450.1
LN-020625,143890.15
LN-014433,79042.18
LN-004907,69516.88
LN-005093,72579.05
LN-014889,70276.98
LN-006133,0.0
LN-026031,547.8
LN-017206,55419.16
LN-000643,345024.93
LN-012068,97250.23
LN-007467,21479.1
LN-012257,96273.53
LN-006742,88679.64
LN-028977,40826.45
LN-015004,111270.17
LN-004246,19729.04
LN-013424,101639.59
LN-027490,16205.59
LN-020214,1159.22
LN-022834,66065.59
LN-015461,0.0
LN-028937,133113.69
LN-017909,115.38
LN-020955,94893.41
LN-009802,208153.23
LN-028680,84953.61
LN-015757,31259.96
LN-002113,4671.35
LN-006972,143185.08
LN-002018,59282.32
LN-018570,35739.11
LN-000330,51616.15
LN-025702,1562.87
LN-019685,38452.62
LN-018747,20601.43
LN-000595,177177.61
LN-019244,25098.19
LN-003291,53229.26
LN-022119,327685.48
LN-016051,1663.56
LN-024150,40506.05
LN-022472,310848.2
LN-000703,146241.33
LN-003795,54167.13
LN-022709,111388.4
LN-027675,40711.09
LN-017361,30677.06
LN-014188,146445.78
LN-026584,29044.04
LN-021808,0.0
LN-026495,30482.35
LN-024014,0.0
LN-007482,88197.4
LN-018966,32951.3
LN-021476,19841.73
LN-003020,0.0
LN-027902,337731.74
LN-006940,21623.07
LN-018734,153745.16
LN-011806,183739.39
LN-014012,127276.42
LN-012578,36922.77
LN-007816,25031.22
LN-009560,42866.55
LN-001493,116971.93
LN-004460,57219.34
LN-020897,108538.93
LN-023693,132699.12
LN-006229,4022.63
LN-010590,340489.9
LN-027293,38841.86
LN-019611,177044.31
LN-027636,885.59
LN-029056,8919.46
LN-023446,115202.73
LN-021702,9216.58
LN-000812,242507.43
LN-003789,43394.77
LN-007099,23882.35
LN-028001,67637.0
LN-000150,178501.43
LN-017214,43918.0
LN-016975,215135.89
LN-010489,63090.42
LN-021868,36863.04
LN-015885,70578.46
LN-003494,0.0
LN-010028,139742.7
LN-022275,199749.82
LN-005426,68634.91
LN-008071,6470.28
LN-014970,138274.23
LN-023384,85822.89
LN-015862,131326.97
LN-019736,30225.51
LN-012006,168170.69
LN-005669,18522.89
LN-000618,22001.69
LN-023848,107484.11
LN-015043,0.0
LN-013081,67043.43
LN-017646,285046.45
LN-028100,67238.41
LN-022830,15301.56
LN-001013,107540.73
LN-026046,62942.74
LN-010894,277933.32
LN-026947,193689.19
LN-023527,66465.19
LN-017692,59647.61
LN-017072,424.7
LN-004044,198207.08
LN-007212,160841.72
LN-026186,5551.98
LN-023066,62957.68
LN-012626,27157.76
LN-005520,206268.55
LN-015874,60639.36
LN-007024,18962.77
LN-010728,94312.2
LN-028433,56690.22
LN-017049,37175.57
LN-027216,55971.46
LN-008034,661.01
LN-028091,69683.83
LN-025446,88601.88
LN-021973,228483.29
LN-005578,138459.32
LN-007811,23431.55
LN-009295,124971.96
LN-000480,39169.49
LN-017374,41566.28
LN-024357,33431.3
LN-023545,26793.46
LN-028509,91129.23
LN-012958,45479.72
LN-029022,57621.97
LN-006681,117684.24
LN-008525,4528.54
LN-000750,209214.04
LN-007239,1537.44
LN-000863,17321.76
LN-022182,72925.72
LN-016073,33563.69
LN-026229,36264.38
LN-004761,39654.94
LN-024843,1220.72
LN-020642,42548.83
LN-027976,0.0
LN-017240,55489.1
LN-006793,60103.49
LN-024979,62113.56
LN-018481,88416.77
LN-023953,0.0
LN-005729,0.0
LN-024046,41274.76
LN-000225,117805.84
LN-022178,49802.45
LN-007932,96975.16
LN-006482,36072.36
LN-021679,35628.84
LN-000735,28789.98
LN-021895,39287.68
LN-025048,103895.64
LN-017936,127244.06
LN-021652,25386.78
LN-009234,146955.6
LN-027604,63217.97
LN-017861,58753.95
LN-028447,0.0
LN-013302,132607.29
LN-003972,27354.94
LN-009382,128749.9
LN-003965,71557.89
LN-013399,7917.6
LN-005888,39167.78
LN-011330,108391.0
LN-027923,13479.45
LN-023223,53141.84
LN-019424,74545.48
LN-028666,58933.7
LN-012334,43268.95
LN-005013,71415.29
LN-009532,160361.54
LN-012105,63697.8
LN-024112,128287.45
LN-003690,55560.4
LN-011753,27411.57
LN-021682,14052.28
LN-015358,33455.93
LN-021574,39876.6
LN-025520,119475.46
LN-017251,92250.46
LN-024110,99180.56
LN-005863,37646.44
LN-019286,87854.05
LN-012752,48368.82
LN-009698,0.0
LN-022070,60612.34
LN-023296,46299.94
LN-025706,28266.91
LN-024105,252989.41
LN-020803,42709.67
LN-003880,89373.72
LN-028550,164934.49
LN-027337,2956.64
LN-009753,302.19
LN-003693,24467.44
LN-027410,52158.66
LN-012417,84673.9
LN-005448,133297.63
LN-009160,123699.2
LN-008863,58768.59
LN-007856,44639.72
LN-003057,70437.68
LN-023616,95590.46
LN-027118,100552.37
LN-011632,1975.58
LN-014810,24733.23
LN-021934,179688.17
LN-005283,54339.69
LN-003267,104231.62
LN-005140,131157.31
LN-016366,23649.86
LN-024647,13587.63
LN-018373,165108.5
LN-005203,83492.51
LN-025629,78895.2
LN-021382,4710.87
LN-024804,114896.73
LN-013473,35789.16
LN-028016,125175.38
LN-015539,97173.37
LN-003899,186807.61
LN-000309,307172.77
LN-014148,126244.01
LN-001664,402.17
LN-010274,393.49
LN-015082,74584.53
LN-015928,125856.65
LN-010658,1662.54
LN-025645,166744.1
LN-024906,169346.06
LN-004736,148946.22
LN-008456,119160.03
LN-020017,0.0
LN-020075,62416.83
LN-016128,41323.33
LN-012521,73620.6
LN-005657,235006.59
LN-023438,23130.22
LN-023335,71835.13
LN-010376,35687.71
LN-018867,22279.53
LN-001635,123427.21
LN-014328,142996.64
LN-005458,21958.35
LN-013121,34270.75
LN-001205,101610.97
LN-008470,82531.2
LN-004345,1956.7
LN-025118,90506.84
LN-014345,3923.61
LN-008382,41169.64
LN-027343,160575.21
LN-026297,214362.48
LN-013478,173033.19
LN-007949,21765.12
LN-007780,90040.48
LN-023303,69372.48
LN-004873,45282.24
LN-020930,14985.81
LN-012579,22840.02
LN-023011,92977.92
LN-018725,81420.28
LN-010181,45005.71
LN-028638,15561.7
LN-010732,88545.94
LN-014519,0.0
LN-004163,9913.35
LN-002985,66.15
LN-026224,189708.65
LN-023413,44847.96
LN-009161,207135.56
LN-014054,92695.61
LN-009385,175861.06
LN-021442,190507.32
LN-002578,34654.59
LN-021005,146778.22
LN-021338,94201.18
LN-007571,95370.2
LN-028656,211902.01
LN-027129,117760.43
LN-025560,87740.02
LN-008927,107587.58
LN-000222,121827.88
LN-007021,20777.53
LN-005842,117040.37
LN-024430,387746.11
LN-006762,87025.05
LN-019333,44772.52
LN-006783,36795.14
LN-010136,82429.03
LN-026825,104906.31
LN-012275,46910.37
LN-017426,31091.34
LN-002955,12564.1
LN-008104,45809.04
LN-006807,149473.37
LN-003442,7496.49
LN-026362,15387.0
LN-026026,149053.99
LN-028695,83307.73
LN-022783,17801.36
LN-015617,69331.48
LN-023581,1861.11
LN-018841,60303.46
LN-026422,49959.42
LN-008291,83854.1
LN-024707,123504.61
LN-021852,129242.46
LN-004853,0.0
LN-004800,14922.7
LN-012962,468.81
LN-018721,2990.57
LN-021478,53748.91
LN-022531,166499.59
LN-020288,131464.86
LN-024490,49223.92
LN-016541,43825.16
LN-027368,772.64
LN-003166,25163.08
LN-016280,96464.27
LN-015108,41682.09
LN-006145,0.0
LN-006979,34163.98
LN-021089,77988.55
LN-027027,104093.85
LN-007968,44014.67
LN-000528,58919.69
LN-021117,67712.66
LN-019929,34351.08
LN-019113,37648.91
LN-024197,157983.79
LN-028722,98084.32
LN-018399,11100.45
LN-006206,288691.13
LN-021215,70686.35
LN-003320,44031.01
LN-016144,101785.06
LN-020292,34110.08
LN-022902,71879.16
LN-025063,8141.99
LN-010022,2823.11
LN-026382,39340.58
LN-028072,133366.27
LN-007132,19659.97
LN-006391,24948.13
LN-008849,29269.3
LN-006109,121708.31
LN-004170,0.0
LN-006698,28549.73
LN-017349,57211.35
LN-004749,96392.44
LN-012874,168146.08
LN-002936,247825.21
LN-028459,72626.62
LN-024303,0.0
LN-012712,199803.83
LN-002559,298927.88
LN-023937,183923.2
LN-000189,81254.54
LN-008865,101122.56
LN-019640,135093.74
LN-006844,104941.85
LN-021907,2558.99
LN-025830,62089.6
LN-021894,87433.45
LN-001922,154588.42
LN-000243,18180.58
LN-001434,186456.29
LN-022822,163117.0
LN-026177,99154.87
LN-009666,35503.75
LN-021621,15391.44
LN-009675,16961.23
LN-007521,44375.2
LN-011282,29857.9
LN-015787,5120.73
LN-014272,0.0
LN-013444,36301.7
LN-025240,20541.99
LN-010324,12152.9
LN-000850,76637.17
LN-024141,38935.74
LN-024727,25205.51
LN-003857,57670.27
LN-008552,141513.25
LN-006961,0.0
LN-015964,1610.31
LN-015375,179204.47
LN-028527,45052.55
LN-002505,69927.89
LN-020765,45546.09
LN-003277,82246.92
LN-010875,1204.57
LN-024270,173304.95
LN-024851,125763.74
LN-009480,112098.75
LN-007620,72695.43
LN-022334,31452.53
LN-011363,189051.17
LN-000409,56932.63
LN-000881,76978.03
LN-023127,95198.54
LN-028134,48273.3
LN-028220,13311.08
LN-027974,0.0
LN-016048,108779.52
LN-000018,79992.66
LN-015784,211384.09
LN-023445,171174.58
LN-005724,194707.95
LN-009933,39792.32
LN-025501,78094.41
LN-013848,88774.99
LN-000095,87017.97
LN-020556,579071.33
LN-000767,91440.93
LN-000359,6563.78
LN-011240,153944.02
LN-001011,58804.51
LN-023626,31408.13
LN-011158,149361.38
LN-010941,78762.36
LN-018976,57296.19
LN-013463,2185.62
LN-011061,124012.5
LN-015678,109702.92
LN-025447,0.0
LN-015138,76669.88
LN-003607,242376.48
LN-008127,82144.15
LN-023657,159756.16
LN-010738,144688.07
LN-025843,27427.49
LN-018621,215300.47
LN-007144,112668.46
LN-017709,24725.28
LN-007372,82582.96
LN-016037,114115.36
LN-008259,0.0
LN-021962,31030.2
LN-014130,68163.17
LN-004430,15133.77
LN-015102,269688.66
LN-014543,23406.92
LN-027082,118210.73
LN-018842,21306.34
LN-012341,87.47
LN-000269,98385.08
LN-017700,23963.78
LN-013300,95077.19
LN-000935,128440.92
LN-024633,424.12
LN-017155,77367.82
LN-014986,938.45
LN-011787,49897.1
LN-027235,64552.53
LN-002776,81566.46
LN-014682,64815.22
LN-028878,0.0
LN-020775,74414.16
LN-019022,175450.75
LN-008373,48847.5
LN-006755,201836.5
LN-018705,0.0
LN-011673,128672.3
LN-005550,97192.38
LN-013831,42363.1
LN-005015,46632.38
LN-006155,194498.57
LN-015069,0.0
LN-003037,157281.81
LN-017800,130688.66
LN-023932,116666.02
LN-024486,37629.57
LN-006773,109820.98
LN-021127,35376.14
LN-023402,1453.44
LN-009668,126513.03
LN-010404,1696.2
LN-004896,0.0
LN-021204,71156.09
LN-019349,3243.92
LN-025336,37445.03
LN-014872,6400.52
LN-000861,45853.43
LN-023823,52373.78
LN-011260,406.36
LN-021432,51241.78
LN-001834,0.0
LN-028969,78613.04
LN-004315,32594.11
LN-019825,182869.24
LN-028971,100452.82
LN-028397,98305.81
LN-028119,270989.82
LN-010321,32000.13
LN-003144,30971.75
LN-011568,972.98
LN-020663,28879.03
LN-017787,87835.22
LN-007416,222005.23
LN-004335,11759.18
LN-022076,93777.53
LN-024273,97347.73
LN-010830,30416.06
LN-009761,73951.65
LN-024861,103477.71
LN-003258,84746.26
LN-022575,152549.05
LN-018717,58383.69
LN-005091,6826.12
LN-004060,58484.36
LN-022933,48768.13
LN-015888,0.0
LN-010999,71948.18
LN-005430,60522.83
LN-027570,38647.93
LN-027299,12591.95
LN-010767,129934.69
LN-012050,119357.29
LN-017852,22628.51
LN-010730,5966.38
LN-029317,37425.81
LN-008349,0.0
LN-018816,0.0
LN-028553,73459.92
LN-019824,0.0
LN-013100,73372.95
LN-027072,2845.63
LN-026210,68619.68
LN-027367,863.54
LN-028725,87906.16
LN-011397,89945.26
LN-002470,148361.47
LN-028848,88667.19
LN-012326,82474.08
LN-000728,104727.93
LN-007313,45362.66
LN-022572,0.0
LN-005519,179482.54
LN-002472,35338.63
LN-012617,1808.67
LN-004857,82255.96
LN-017619,72319.26
LN-001279,280.71
LN-021217,130338.07
LN-018685,296.32
LN-027743,87837.82
LN-007554,65989.54
LN-006147,69832.2
LN-008135,17609.46
LN-023161,19644.17
LN-005379,177723.98
LN-023796,0.0
LN-023792,12530.45
LN-006286,44139.86
LN-022975,93814.2
LN-023518,1133.05
LN-009311,277854.56
LN-007956,202792.95
LN-010492,0.0
LN-021110,60951.82
LN-022971,41626.59
LN-000167,37758.75
LN-016848,62376.07
LN-011995,156455.24
LN-022197,33889.84
LN-023885,79599.31
LN-020961,39317.9
LN-014846,144095.05
LN-010726,12685.51
LN-008714,31636.0
LN-018210,156760.21
LN-008845,2985.43
LN-026742,165060.62
LN-001315,22987.13
LN-008117,55575.63
LN-019585,188917.82
LN-008512,35973.93
LN-007495,51290.62
LN-018718,99444.08
LN-001752,118480.22
LN-025425,39094.03
LN-028408,25217.9
LN-022223,79402.72
LN-012352,542.03
LN-010673,145067.58
LN-002106,128475.57
LN-026619,144196.57
LN-010704,188310.82
LN-022696,69983.89
LN-012737,15799.41
LN-008330,44307.14
LN-014399,111503.53
LN-015171,18594.03
LN-000271,174041.19
LN-011221,7028.5
LN-009131,127303.57
LN-003893,48060.02
LN-002318,128346.68
LN-006565,201334.33
LN-018569,39634.34
LN-024410,28024.21
LN-005393,25616.79
LN-026240,106072.79
LN-014918,65665.18
LN-012084,234571.01
LN-014116,0.0
LN-001832,0.14
LN-013547,111635.4
LN-024040,148306.95
LN-001966,2362.33
LN-012134,81975.23
LN-029129,0.0
LN-027446,183026.64
LN-016531,50225.96
LN-001872,129446.4
LN-026399,69396.76
LN-007579,25002.74
LN-005344,24873.1
LN-007290,133528.49
LN-016554,124170.75
LN-002635,75271.15
LN-015683,0.0
LN-008545,3648.76
LN-014419,42645.03
LN-005268,118853.56
LN-026804,1933.88
LN-025767,119520.11
LN-001353,65178.79
LN-014974,170564.29
LN-026084,135279.98
LN-019049,546.06
LN-012332,173166.75
LN-003769,62858.45
LN-027511,27001.29
LN-028367,26460.34
LN-020351,52894.54
LN-012397,95533.36
LN-025504,26716.72
LN-024872,1922.99
LN-026752,3012.11
LN-015674,2235.98
LN-018530,2734.0
LN-004698,88077.5
LN-021502,124416.28
LN-014134,85734.91
LN-013362,162066.57
LN-011460,87282.22
LN-023588,14493.42
LN-004099,37889.81
LN-012088,238518.07
LN-012012,903.37
LN-026430,115549.51
LN-018242,67838.66
LN-003401,107859.56
LN-023759,88833.7
LN-023088,717.24
LN-022450,11181.53
LN-007957,76503.28
LN-016345,80450.19
LN-015253,180224.65
LN-022814,65745.49
LN-005783,1194.44
LN-014473,83268.61
LN-005222,81705.93
LN-020008,10979.14
LN-001440,76233.07
LN-018907,0.0
LN-010608,16493.08
LN-021445,65268.03
LN-011148,136125.36
LN-020720,106775.12
LN-002671,0.0
LN-022864,222382.86
LN-013966,50978.71
LN-000312,140482.04
LN-024571,165057.04
LN-001331,32930.09
LN-025955,81255.84
LN-000049,103731.9
LN-000474,160769.18
LN-026255,96764.65
LN-018429,123012.48
LN-021787,3538.94
LN-025013,44251.72
LN-000015,13881.11
LN-010109,0.0
LN-025671,67463.17
LN-006774,51047.23
LN-021433,4393.81
LN-009795,103564.54
LN-024354,325.04
LN-006491,30785.19
LN-004578,60808.44
LN-020212,20610.66
LN-006682,39706.43
LN-021942,184776.9
LN-003656,135102.44
LN-004259,381.09
LN-007455,74658.75
LN-022538,34822.03
LN-028912,94463.75
LN-020477,31335.68
LN-016860,16149.02
LN-003834,30657.34
LN-013480,46058.5
LN-022755,32543.6
LN-019482,122768.84
LN-018217,34907.59
LN-021760,40373.56
LN-024590,96452.99
LN-007649,62782.14
LN-029318,139198.9
LN-016459,110097.91
LN-000801,73981.75
LN-015522,86327.55
LN-007572,162605.37
LN-024229,192911.73
LN-013569,35641.11
LN-016020,43725.77
LN-009164,0.0
LN-003327,48275.04
LN-014079,184882.28
LN-028304,495.79
LN-018954,2702.18
LN-002236,35159.49
LN-007524,69763.7
LN-006558,31154.32
LN-013587,131805.56
LN-017193,908.76
LN-024347,28418.73
LN-026516,74877.24
LN-016751,87942.69
LN-003599,86354.53
LN-000938,88815.67
LN-000326,76101.79
LN-016894,87648.46
LN-015338,3953.58
LN-015326,46854.06
LN-009245,75912.3
LN-008405,7962.48
LN-015101,0.0
LN-001191,55984.89
LN-025255,84262.4
LN-025888,0.0
LN-019879,26075.92
LN-017939,30219.12
LN-026171,0.0
LN-021951,0.0
LN-008907,0.0
LN-015132,846.94
LN-007308,66862.2
LN-014921,22492.83
LN-017385,0.0
LN-028630,79989.48
LN-008603,340729.07
LN-019526,30772.05
LN-004626,52325.05
LN-015041,47138.36
LN-022245,129622.06
LN-011095,46011.18
LN-008161,238747.68
LN-016540,0.0
LN-015988,0.0
LN-021995,16352.6
LN-019871,16970.17
LN-006098,109371.49
LN-017721,33857.41
LN-006688,40826.61
LN-008943,129493.99
LN-000361,125199.42
LN-010411,15035.69
LN-018626,82240.04
LN-023731,46770.28
LN-003023,26029.75
LN-014118,235351.32
LN-027402,49018.52
LN-028859,36207.33
LN-014753,72154.12
LN-001089,0.0
LN-028858,134942.49
LN-014031,0.0
LN-022326,85536.59
LN-008359,69508.78
LN-028374,76495.72
LN-013635,75168.79
LN-020758,115466.46
LN-022854,30873.53
LN-015533,25574.64
LN-002868,8841.33
LN-026438,3942.02
LN-003216,58858.26
LN-026766,178812.74
LN-007019,41665.7
LN-008666,2874.61
LN-002372,202478.3
LN-000165,16622.78
LN-008919,217867.01
LN-018351,105292.66
LN-014202,102906.41
LN-024772,103102.74
LN-026208,120503.76
LN-011537,90536.56
LN-019737,74515.81
LN-017622,101282.31
LN-026806,124500.8
LN-025979,40580.2
LN-006658,0.0
LN-024690,91278.99
LN-013024,0.0
LN-000256,22038.66
LN-018999,0.0
LN-025298,68354.8
LN-028200,172850.48
LN-004136,155860.88
LN-008772,20406.71
LN-003559,53693.23
LN-028813,83122.19
LN-027731,17695.56
LN-009535,219894.58
LN-004062,17394.1
LN-015466,0.0
LN-021144,9518.74
LN-015968,95963.28
LN-021091,32858.65
LN-023378,91.9
LN-017666,16914.08
LN-021780,125232.78
LN-019321,89835.34
LN-020648,2647.8
LN-008756,953.85
LN-011532,26159.66
LN-007915,0.0
LN-027840,45433.99
LN-005187,3553.48
LN-003514,55962.32
LN-000902,186.18
LN-006962,0.0
LN-013223,60275.78
LN-022655,162672.71
LN-004985,104222.74
LN-014908,45383.53
LN-004339,2965.34
LN-005261,77399.78
LN-021714,99183.45
LN-008102,9638.36
LN-016111,105026.24
LN-017880,40908.7
LN-015414,21797.79
LN-003005,328903.02
LN-011465,73771.8
LN-017656,1613.82
LN-006234,101665.34
LN-019876,195747.23
LN-012248,42581.97
LN-008804,34557.13
LN-003722,197227.61
LN-018160,115233.56
LN-012996,34573.32
LN-023366,5954.92
LN-004646,5390.07
LN-009029,0.0
LN-012048,122385.6
LN-007805,52277.87
LN-012487,134745.52
LN-008744,39085.93
LN-024069,94174.44
LN-006211,50888.43
LN-009097,68318.79
LN-003281,139381.63
LN-010737,117834.39
LN-021580,24431.16
LN-027462,361.05
LN-014368,7730.84
LN-028521,74337.28
LN-011853,124220.48
LN-004556,91464.78
LN-015438,57216.63
LN-010993,67474.06
LN-024748,2370.1
LN-015825,206596.13
LN-018896,32781.12
LN-018441,19292.4
LN-009172,69123.97
LN-028785,75263.2
LN-011458,44810.51
LN-027745,82344.33
LN-017581,134145.02
LN-005212,29746.53
LN-003719,40088.38
LN-027825,143697.58
LN-011751,198169.54
LN-015699,29426.14
LN-014145,87303.51
LN-009809,18287.21
LN-025997,1280.68
LN-016784,90652.35
LN-017727,114722.72
LN-016208,0.0
LN-006534,71921.77
LN-022413,48195.66
LN-015843,110805.24
LN-021163,71553.16
LN-028946,34914.02
LN-027156,88753.9
LN-006896,90366.71
LN-015824,6027.55
LN-028771,58304.22
LN-020498,42060.75
LN-000774,0.0
LN-016205,170338.59
LN-016501,39287.85
LN-000440,28163.18
LN-010458,116758.64
LN-024022,142303.38
LN-016246,69224.47
LN-027512,3518.48
LN-028151,1365.79
LN-018545,0.0
LN-002235,137232.1
LN-028613,88098.66
LN-009718,18656.84
LN-019709,0.0
LN-007300,180406.11
LN-010879,45672.58
LN-019130,91304.19
LN-020238,1007.38
LN-021639,139543.7
LN-002582,0.0
LN-011450,35556.75
LN-004783,75293.39
LN-026985,40799.29
LN-026893,0.0
LN-005208,46453.77
LN-011834,180113.69
LN-002897,23336.49
LN-016728,205534.81
LN-004484,154542.48
LN-017989,1062.21
LN-020170,8230.34
LN-006617,18433.53
LN-016470,194695.96
LN-024593,0.0
LN-009710,32362.14
LN-005839,72579.37
LN-001312,0.0
LN-028183,166567.77
LN-022987,36143.48
LN-023845,28837.92
LN-016791,30915.2
LN-017806,88990.92
LN-027929,53548.9
LN-008548,155059.85
LN-007740,9968.79
LN-003748,136699.73
LN-010267,34811.59
LN-025810,128571.9
LN-010716,48921.15
LN-016691,85979.84
LN-000258,80252.57
LN-008748,135676.25
LN-012543,24135.48
LN-024386,1166.2
LN-017961,53512.72
LN-027459,191637.73
LN-014171,748.93
LN-006588,76705.18
LN-010777,69116.5
LN-010915,41534.66
LN-004142,204307.37
LN-015803,41385.57
LN-001474,49726.75
LN-018651,194.05
LN-000220,39837.21
LN-028417,121392.61
LN-009075,20816.32
LN-027100,100772.2
LN-002138,164346.28
LN-028021,50041.06
LN-017289,165556.06
LN-022716,61211.59
LN-014937,230526.8
LN-015792,28994.32
LN-013968,0.0
LN-011846,60530.47
LN-000622,56552.45
LN-012422,91867.26
LN-026509,36485.52
LN-001083,289272.89
LN-023266,18369.41
LN-022818,120082.96
LN-012121,2424.91
LN-025465,56601.4
LN-019449,17292.18
LN-001455,38609.15
LN-020548,26209.02
LN-017496,158701.13
LN-020405,41.53
LN-004173,81276.42
LN-015698,39497.4
LN-001975,108476.48
LN-025984,24657.93
LN-021949,150695.24
LN-022424,45122.2
LN-015592,231454.25
LN-017171,21893.44
LN-004784,35035.42
LN-008959,22087.79
LN-003945,58728.65
LN-012225,3065.07
LN-011527,89790.1
LN-027473,164722.67
LN-015587,79926.26
LN-025396,126348.29
LN-027489,116325.5
LN-009561,106015.8
LN-028153,36027.98
LN-004803,31257.52
LN-026361,71337.42
LN-025595,0.0
LN-021557,68547.69
LN-024794,0.0
LN-000047,14106.38
LN-001873,88750.21
LN-028023,64785.86
LN-019261,74383.2
LN-000731,41525.48
LN-013055,1990.75
LN-008390,76298.59
LN-006583,19414.27
LN-006336,96204.75
LN-019875,147896.43
LN-020415,1096.38
LN-007697,40410.67
LN-011440,0.0
LN-015515,25015.08
LN-014755,42705.57
LN-018639,20993.69
LN-019111,35597.83
LN-022792,61261.3
LN-012057,53903.64
LN-002580,163186.66
LN-013102,1176.19
LN-001896,87791.9
LN-019407,121698.64
LN-009972,43607.9
LN-006609,155197.03
LN-017373,0.0
LN-021255,70479.02
LN-016191,124612.72
LN-027534,76431.41
LN-028011,87805.24
LN-018701,77612.56
LN-003787,88538.31
LN-027059,3551.47
LN-026727,59333.05
LN-028565,110933.37
LN-020865,39456.39
LN-014554,1565.88
LN-015600,0.0
LN-027210,18466.68
LN-024117,0.0
LN-029004,71626.6
LN-003052,40243.29
LN-004427,77239.92
LN-012714,17556.85
LN-007721,38414.87
LN-011160,142282.56
LN-009466,37660.16
LN-013329,87133.59
LN-005272,23567.92
LN-008197,1887.23
LN-007749,42056.57
LN-010042,27235.33
LN-027980,135163.21
LN-020591,37884.24
LN-009287,136827.58
LN-023542,81121.18
LN-000969,2342.9
LN-028341,6144.0
LN-025391,66517.62
LN-022681,2430.5
LN-028404,5442.22
LN-024484,30079.35
LN-028622,71364.18
LN-027850,131442.95
LN-009706,24719.3
LN-027370,87133.11
LN-012230,55965.63
LN-027046,43460.39
LN-023134,251488.25
LN-014987,121392.38
LN-011093,170165.73
LN-013722,55652.34
LN-028007,3808.9
LN-000946,41877.1
LN-018562,167886.35
LN-010333,24807.09
LN-025409,83389.68
LN-011285,175230.35
LN-010441,87306.16
LN-021505,47226.37
LN-015349,43350.08
LN-003150,264758.22
LN-008340,105841.18
LN-015095,26924.14
LN-018114,11743.38
LN-013881,118769.57
LN-027407,103317.53
LN-006419,323132.69
LN-025623,97842.27
LN-018101,64004.05
LN-001921,200292.8
LN-018517,41274.5
LN-019403,94798.69
LN-019357,65918.99
LN-026072,56574.9
LN-016171,76947.74
LN-025990,85627.47
LN-022590,12319.29
LN-010705,119277.23
LN-004092,68176.34
LN-006508,34101.06
LN-004962,22108.23
LN-005870,73523.59
LN-010780,90330.9
LN-004948,66341.89
LN-022297,212475.21
LN-024175,64085.49
LN-010646,102485.46
LN-021186,72342.27
LN-014531,24975.23
LN-008770,91161.67
LN-009021,52848.62
LN-014521,33761.31
LN-012321,47022.62
LN-008652,24699.09
LN-007223,22128.68
LN-008304,59865.59
LN-026126,43126.57
LN-025852,103213.04
LN-019120,227226.34
LN-015121,210.97
LN-007436,166162.0
LN-026828,48091.63
LN-001640,0.0
LN-019129,28806.29
LN-012080,0.0
LN-028111,4766.21
LN-024258,166198.59
LN-003322,0.0
LN-020396,68721.45
LN-023682,138031.3
LN-023071,58629.38
LN-018423,98684.81
LN-025931,14833.46
LN-005680,0.0
LN-008066,36916.11
LN-022241,51203.32
LN-014295,39793.16
LN-014063,59165.53
LN-029103,74439.13
LN-028510,41065.98
LN-005066,187832.06
LN-025863,0.0
LN-002299,75022.71
LN-016925,1364.76
LN-015193,22740.74
LN-008031,884.47
LN-020848,220882.24
LN-029130,32688.07
LN-008745,102788.11
LN-011113,85398.99
LN-008734,132758.97
LN-023835,31165.87
LN-010867,151828.31
LN-004717,38362.69
LN-003026,103590.96
LN-021250,153662.24
LN-022020,104046.46
LN-002695,8263.61
LN-006092,66543.51
LN-019723,18274.45
LN-027341,40290.02
LN-010614,70528.29
LN-008131,130074.85
LN-001346,92324.59
LN-019664,11206.04
LN-015127,209813.34
LN-002137,36679.89
LN-011101,97509.62
LN-026671,14442.23
LN-013380,40782.47
LN-017980,70384.84
LN-011930,35376.99
LN-002398,45678.6
LN-028746,0.0
LN-017099,64751.02
LN-024815,0.0
LN-009981,43559.32
LN-006467,2684.71
LN-013312,23860.59
LN-019653,12838.77
LN-024663,51036.97
LN-023881,112657.15
LN-005311,115416.95
LN-020853,61761.55
LN-027258,87512.42
LN-002583,773.32
LN-005119,340947.34
LN-013470,131079.82
LN-019565,169770.26
LN-008495,1933.82
LN-007642,55484.24
LN-026428,38163.14
LN-015407,68123.51
LN-024965,79252.32
LN-018634,128428.86
LN-007100,20208.8
LN-025586,11173.02
LN-024657,44359.26
LN-002900,128679.32
LN-019989,179162.68
LN-027556,883.07
LN-024578,34990.69
LN-015187,14631.75
LN-027255,77504.37
LN-015424,63.87
LN-025404,86473.33
LN-028294,223.28
LN-026678,198825.35
LN-003169,42523.79
LN-008730,44100.62
LN-023198,23671.76
LN-028299,3143.79
LN-025115,62809.94
LN-008134,84909.43
LN-016233,0.0
LN-026967,97760.92
LN-000254,5741.35
LN-022191,19624.54
LN-023817,37290.19
LN-011654,88860.78
LN-021688,260097.91
LN-019370,1329.46
LN-005750,81788.44
LN-019309,116855.16
LN-012081,9163.04
LN-021637,86582.3
LN-005299,109024.14
LN-021554,31324.66
LN-022945,32539.49
LN-016367,49819.86
LN-000680,155434.15
LN-009610,38989.95
LN-001947,183151.14
LN-012946,99538.74
LN-027965,45291.63
LN-006873,74819.89
LN-009541,1920.61
LN-005708,124689.36
LN-028933,99220.72
LN-028109,54734.88
LN-018257,39357.64
LN-001634,74282.2
LN-020570,109782.02
LN-002078,81284.08
LN-004886,0.0
LN-022869,44324.81
LN-013744,72605.8
LN-027172,126885.92
LN-018463,30251.04
LN-003944,174991.79
LN-023898,36545.35
LN-018884,97363.16
LN-007248,27616.54
LN-028887,23366.93
LN-023052,176227.84
LN-012533,108363.18
LN-026846,141050.61
LN-028708,37727.56
LN-013539,155648.96
LN-005461,7800.18
LN-007781,0.0
LN-006953,173424.51
LN-027328,134290.96
LN-026311,66356.1
LN-021606,149679.52
LN-019510,120873.1
LN-026116,494.08
LN-016465,40113.7
LN-002051,60283.33
LN-023860,155940.89
LN-027814,41764.76
LN-010755,93805.18
LN-016923,12787.46
LN-004165,41467.64
LN-007873,37245.37
LN-003444,327.12
LN-006832,229779.91
LN-007507,29715.97
LN-001161,42632.91
LN-028389,181483.96
LN-016314,0.0
LN-010929,131736.16
LN-011387,59617.81
LN-008516,0.0
LN-013535,168516.73
LN-028009,51857.2
LN-028263,96097.38
LN-028857,29741.18
LN-018018,92244.22
LN-004576,12715.1
LN-019757,59770.04
LN-026638,67277.48
LN-025909,28187.37
LN-023299,63940.21
LN-026528,145161.53
LN-015680,45650.73
LN-002918,180530.85
LN-005560,110866.37
LN-017232,4742.32
LN-017403,72552.85
LN-001144,57478.31
LN-014412,119193.43
LN-023449,208530.63
LN-000784,42817.42
LN-003862,2230.61
LN-021085,716.01
LN-009964,44738.89
LN-014197,878.18
LN-022970,0.0
LN-024470,158040.03
LN-007289,17187.06
LN-025636,26795.5
LN-007267,462.32
LN-020814,123006.66
LN-025883,50528.56
LN-014561,91268.96
LN-004305,111722.98
LN-026319,130747.03
LN-011585,124417.55
LN-014451,93397.28
LN-001470,60074.89
LN-027852,33392.65
LN-025492,948.15
LN-015387,17325.38
LN-006666,68738.39
LN-000037,31330.75
LN-011972,5531.21
LN-024405,76588.31
LN-009746,345097.25
LN-024567,4443.47
LN-005416,50595.48
LN-019142,0.0
LN-024715,45054.63
LN-009089,52353.4
LN-020126,84731.5
LN-009596,10283.02
LN-008537,217.36
LN-025127,73243.37
LN-000853,128110.21
LN-007433,0.0
LN-021537,177886.19
LN-013389,331132.26
LN-009859,439.98
LN-004090,107516.71
LN-023159,29110.76
LN-007603,19657.58
LN-016726,94720.84
LN-014471,76751.64
LN-024198,36220.87
LN-014756,185539.53
LN-026645,2802.62
LN-010422,46424.96
LN-017912,115335.67
LN-002369,122407.46
LN-019734,221460.42
LN-010014,174580.65
LN-015542,129616.66
LN-000423,50830.36
LN-000060,98602.2
LN-021666,86839.4
LN-013015,4547.36
LN-006784,229466.29
LN-001186,261389.42
LN-022346,80140.15
LN-020688,141869.11
LN-008797,102537.02
LN-006735,75606.32
LN-009390,124033.8
LN-024789,60043.13
LN-000869,82803.73
LN-020474,37101.57
LN-029155,34507.72
LN-022980,73269.19
LN-020030,457.38
LN-001785,53735.14
LN-012783,38446.66
LN-000564,18732.16
LN-000357,55487.69
LN-015198,1203.69
LN-011291,91417.89
LN-016243,68129.85
LN-023653,142027.1
LN-019210,56382.61
LN-015260,973.25
LN-023901,135508.65
LN-008194,13538.07
LN-007863,81873.79
LN-012129,136754.22
LN-026744,73977.29
LN-006002,39045.58
LN-006329,169381.52
LN-024476,114774.5
LN-024911,39606.08
LN-008011,146896.16
LN-028274,0.0
LN-025634,178170.07
LN-027975,240077.34
LN-012639,0.0
LN-006488,159256.85
LN-000369,185824.83
LN-024995,98752.89
LN-007936,89817.02
LN-000876,97776.42
LN-027305,1541.64
LN-027940,131334.76
LN-015630,30048.69
LN-010697,29913.24
LN-000265,54642.42
LN-026799,640.21
LN-018006,66792.7
LN-006250,15365.2
LN-027350,73449.83
LN-006191,56760.0
LN-004990,5674.64
LN-014436,116261.38
LN-022007,150168.84
LN-024457,67240.53
LN-026009,106507.99
LN-024869,113174.52
LN-016438,38808.63
LN-004764,1009.31
LN-015949,35017.1
LN-003555,82635.45
LN-004295,245961.69
LN-023069,26820.99
LN-018352,17807.42
LN-001506,4488.99
LN-015646,110647.24
LN-000920,32453.42
LN-020491,109120.88
LN-009552,57447.6
LN-006475,969.41
LN-013676,92151.76
LN-014517,2188.22
LN-018173,76148.99
LN-000131,760.46
LN-008767,30337.08
LN-029258,155116.54
LN-013301,60549.58
LN-012706,22722.27
LN-006582,75536.82
LN-015324,8675.91
LN-022656,82768.55
LN-027779,124913.66
LN-001258,57690.06
LN-004100,8379.01
LN-006738,80254.67
LN-008171,59411.11
LN-001156,19111.39
LN-013591,107072.72
LN-019354,179248.87
LN-007441,26911.07
LN-000200,77430.28
LN-023963,221435.38
LN-016997,26520.26
LN-010958,37554.3
LN-008944,240260.03
LN-027244,178217.41
LN-002291,682.0
LN-023820,103965.67
LN-015951,29122.96
LN-019923,151117.59
LN-018484,61470.77
LN-016770,23087.75
LN-015631,2811.01
LN-021095,43186.49
LN-025641,8624.71
LN-000726,187550.3
LN-007263,17830.28
LN-011761,42947.16
LN-004316,74933.69
LN-028614,79467.3
LN-016512,32885.7
LN-023739,1470.08
LN-012102,63685.3
LN-025456,100268.03
LN-013291,74741.63
LN-003993,0.0
LN-004204,47708.7
LN-014784,65379.55
LN-021209,19513.22
LN-011799,53526.82
LN-013143,46647.52
LN-007911,92274.49
LN-012083,22558.76
LN-003821,69201.31
LN-027387,37660.22
LN-000302,40843.17
LN-024511,146108.27
LN-011514,791.98
LN-026069,37414.1
LN-021997,161273.3
LN-005394,3538.3
LN-013980,139749.2
LN-000544,33736.89
LN-027553,3706.03
LN-016192,120943.52
LN-004392,48842.03
LN-024196,96662.16
LN-021328,30340.1
LN-004719,95284.24
LN-005570,206866.97
LN-028163,188817.66
LN-013095,132246.0
LN-017839,173176.13
LN-017879,28968.62
LN-011662,425.66
LN-008866,18269.07
LN-007188,0.0
LN-016031,19527.82
LN-025778,35348.25
LN-001934,34260.81
LN-022740,0.0
LN-006354,50108.43
LN-007496,112601.07
LN-021721,109157.16
LN-001691,0.0
LN-007868,62518.34
LN-026503,57530.57
LN-012994,24421.69
LN-001106,30868.84
LN-008644,115569.33
LN-004054,147836.29
LN-026995,72627.6
LN-022348,114118.05
LN-013099,142472.41
LN-011522,1784.7
LN-025312,238.55
LN-002232,54068.51
LN-006016,38307.28
LN-011308,202970.04
LN-009656,29489.0
LN-028612,118077.34
LN-007992,112252.25
LN-027678,85584.06
LN-025211,159380.7
LN-013783,28974.34
LN-010452,104833.11
LN-014966,31004.45
LN-022800,161696.7
LN-018003,53646.67
LN-016471,36105.19
LN-002546,140903.7
LN-013144,40739.11
LN-019654,0.0
LN-016851,130749.23
LN-004612,1584.77
LN-027829,3901.2
LN-008754,232854.34
LN-014808,123823.96
LN-023861,252086.6
LN-011513,203545.98
LN-017468,128645.8
LN-029152,0.0
LN-020375,108841.43
LN-022483,114706.94
LN-028076,47248.67
LN-018024,175734.65
LN-019239,8001.88
LN-001222,24176.3
LN-007478,112667.06
LN-006758,23054.05
LN-008196,73789.4
LN-012269,41551.43
LN-000139,0.0
LN-019558,67927.89
LN-018746,22674.59
LN-009967,13664.14
LN-020675,201387.08
LN-010177,116586.41
LN-000578,210587.12
LN-020313,98442.88
LN-019434,3446.68
LN-007078,34840.16
LN-020162,218697.84
LN-001901,122700.01
LN-019110,25194.8
LN-014034,157032.73
LN-019999,139387.61
LN-023185,140538.1
LN-010555,152920.83
LN-004419,113375.49
LN-016426,45378.81
LN-008425,3639.43
LN-024970,87443.7
LN-019377,107204.78
LN-016944,81416.27
LN-011351,54535.91
LN-024649,106725.69
LN-003700,50089.0
LN-018996,101448.67
LN-011425,0.0
LN-014147,73721.85
LN-009867,46683.34
LN-016291,41432.9
LN-018130,190575.87
LN-015720,113017.7
LN-024850,164158.86
LN-018546,41341.34
LN-013777,0.0
LN-013860,52263.68
LN-014224,47005.08
LN-018360,20896.21
LN-011911,109656.87
LN-014797,50843.94
LN-005097,135951.67
LN-010331,151028.16
LN-010226,981.97
LN-027871,16994.84
LN-017345,48218.44
LN-024770,36710.53
LN-024446,166458.92
LN-019395,104283.06
LN-004610,73333.05
LN-007262,158689.79
LN-026871,0.0
LN-028032,67212.97
LN-014700,92204.26
LN-018873,19188.28
LN-000658,50336.4
LN-012302,133658.79
LN-009003,141912.22
LN-027889,1181.48
LN-019659,90681.06
LN-009504,139463.5
LN-008896,85544.0
LN-021928,84714.23
LN-018053,175248.17
LN-012074,87504.52
LN-022164,108502.35
LN-026054,138687.76
LN-013886,141974.29
LN-007965,157159.89
LN-022356,83538.38
LN-023716,31938.58
LN-011910,245183.0
LN-006175,74847.99
LN-021083,78711.22
LN-024926,0.0
LN-023411,95339.98
LN-023993,8460.42
LN-001977,150165.4
LN-006665,51809.83
LN-020977,52758.72
LN-008589,71296.62
LN-023777,159178.68
LN-010188,47036.05
LN-020757,64590.94
LN-028909,0.0
LN-009819,153198.19
LN-012245,193247.15
LN-001141,112997.37
LN-000446,77997.45
LN-011790,91472.68
LN-008567,36319.07
LN-021028,127254.89
LN-010964,1203.1
LN-000507,76467.81
LN-011076,47224.43
LN-026481,124456.27
LN-002026,33047.16
LN-005667,17769.35
LN-020896,48810.39
LN-006620,210389.21
LN-022904,161583.66
LN-020964,17077.01
LN-005500,218515.27
LN-000709,61502.5
LN-004969,52636.0
LN-000614,6383.69
LN-017260,27039.22
LN-020101,19733.6
LN-013472,14576.06
LN-005218,179190.25
LN-025686,4013.48
LN-005510,79866.99
LN-000268,38636.64
LN-020323,0.0
LN-001334,136801.06
LN-020924,35055.3
LN-028767,27561.48
LN-005576,13982.5
LN-015851,235669.07
LN-005523,0.0
LN-009436,251921.63
LN-004198,33082.85
LN-014702,12483.42
LN-018645,135006.93
LN-001010,185773.64
LN-013992,11988.47
LN-019584,42298.56
LN-001451,66256.19
LN-023106,26782.29
LN-014381,133899.8
LN-023290,44833.31
LN-010400,86852.02
LN-014377,1007.03
LN-023477,99613.43
LN-013046,0.0
LN-013631,119043.73
LN-020891,26782.88
LN-007845,60020.19
LN-025791,182352.82
LN-008327,65011.6
LN-008144,112296.47
LN-007510,162713.51
LN-007578,179458.61
LN-027909,79966.73
LN-011400,814.28
LN-007200,35866.58
LN-021352,74462.61
LN-011196,94759.76
LN-013485,112253.45
LN-003138,52507.83
LN-021667,0.0
LN-028307,110658.5
LN-026070,180651.5
LN-015077,47191.39
LN-016594,52983.9
LN-006539,107032.38
LN-023022,65338.59
LN-024806,61761.5
LN-002737,82169.86
LN-015264,97418.54
LN-024543,7050.09
LN-018303,58621.45
LN-005469,66235.06
LN-009730,1853.35
LN-005196,63680.91
LN-015410,127804.52
LN-013506,168625.66
LN-017530,136332.97
LN-006826,68695.84
LN-013559,145812.73
LN-013773,13584.0
LN-020481,150576.34
LN-019761,155186.42
LN-022815,69320.72
LN-004178,50436.62
LN-023807,154466.07
LN-023977,25849.95
LN-008319,2641.38
LN-008965,66837.83
LN-016420,75505.45
LN-006622,83337.02
LN-012555,81576.75
LN-027301,25114.79
LN-014263,279421.43
LN-001779,3614.05
LN-014733,249046.86
LN-019273,45578.06
LN-012151,143886.54
LN-002877,16107.01
LN-006244,0.0
LN-019904,30791.52
LN-028819,131449.42
LN-012741,26734.31
LN-014218,201379.62
LN-013804,13781.58
LN-007445,27244.07
LN-001330,175749.72
LN-022561,58373.53
LN-009843,6502.04
LN-023414,114858.53
LN-022114,163879.06
LN-014305,74914.64
LN-006249,127290.21
LN-015033,24674.86
LN-014821,24650.59
LN-001383,36462.57
LN-001813,63836.19
LN-016254,89799.91
LN-004451,16395.88
LN-014375,170.05
LN-004032,144499.93
LN-015114,31917.61
LN-017636,79707.07
LN-016081,24029.37
LN-016131,111897.55
LN-008947,1790.62
LN-020148,198667.16
LN-007050,118458.13
LN-023568,73025.46
LN-007723,342605.76
LN-022886,50717.16
LN-029078,134655.4
LN-015378,125436.37
LN-005000,104967.59
LN-027598,142438.83
LN-011534,2079.51
LN-018988,120714.87
LN-008306,46456.43
LN-002009,107006.23
LN-015504,179024.64
LN-022234,50418.35
LN-015040,1113.39
LN-002313,91800.17
LN-010652,116698.71
LN-014518,55490.61
LN-028020,19335.44
LN-010846,0.0
LN-002915,5601.06
LN-010557,129360.15
LN-019556,65708.17
LN-020163,23924.0
LN-014417,122599.88
LN-027223,612.48
LN-009086,37012.03
LN-021921,346.39
LN-006759,332254.36
LN-015312,21180.1
LN-017082,112777.39
LN-005746,35941.6
LN-016415,67441.37
LN-006911,51501.74
LN-004829,28741.9
LN-008796,36208.87
LN-005405,101120.31
LN-010633,19998.68
LN-007866,119115.01
LN-024549,0.0
LN-021857,69829.53
LN-024846,71556.18
LN-022132,74164.19
LN-010217,0.0
LN-010386,30583.72
LN-014771,160423.28
LN-000197,2268.56
LN-013716,22166.52
LN-008467,44349.78
LN-000552,357.44
LN-002655,86446.24
LN-001791,82077.24
LN-020398,0.0
LN-023055,1905.16
LN-019828,92040.85
LN-029198,0.0
LN-022458,61951.43
LN-017718,15568.05
LN-014001,59053.18
LN-005997,227953.82
LN-004874,411.42
LN-006402,40587.29
LN-015251,123417.16
LN-001607,0.0
LN-003711,104974.57
LN-022366,61120.08
LN-005918,23216.62
LN-025558,17211.06
LN-021191,987.9
LN-004684,236703.11
LN-012335,127357.32
LN-019632,95258.74
LN-020452,56845.87
LN-003949,21603.18
LN-016919,152390.78
LN-009792,37829.83
LN-021974,80758.6
LN-010432,87014.4
LN-010563,43878.6
LN-022819,80819.86
LN-005170,105676.67
LN-011730,51684.16
LN-020789,28677.53
LN-007307,52920.0
LN-022990,113099.96
LN-020301,0.0
LN-016771,87101.99
LN-020606,90444.3
LN-016001,0.0
LN-024964,0.0
LN-016481,18944.99
LN-028413,33027.68
LN-009820,102730.11
LN-009924,119613.68
LN-019400,155337.01
LN-016595,107278.97
LN-007142,0.0
LN-002807,85774.95
LN-013157,61646.27
LN-023947,46811.14
LN-010881,201073.81
LN-029069,24350.83
LN-010509,169997.2
LN-001936,16222.12
LN-019046,1510.35
LN-002043,31668.43
LN-025116,82579.19
LN-016547,53.34
LN-005903,178156.72
LN-005168,9498.4
LN-023319,43989.13
LN-001076,54782.58
LN-001236,137079.51
LN-021385,40640.9
LN-014791,54418.51
LN-013844,41207.17
LN-011957,107291.78
LN-006519,183820.47
LN-019223,65114.24
LN-014404,213972.06
LN-013969,1565.71
LN-020064,236728.96
LN-011190,78231.59
LN-003255,132763.88
LN-001333,9.09
LN-009637,0.0
LN-019551,172727.33
LN-014775,50624.18
LN-007831,39812.65
LN-003883,93167.3
LN-022022,166144.36
LN-015520,293341.01
LN-021346,1028.07
LN-015970,0.0
LN-005124,68667.1
LN-017263,21946.38
LN-026722,47999.66
LN-006264,123950.34
LN-008455,2803.17
LN-011817,208434.64
LN-010253,78178.56
LN-008786,23688.58
LN-002283,3973.62
LN-012164,933.08
LN-019263,20549.0
LN-022851,128353.89
LN-011622,60364.28
LN-004343,92670.41
LN-002307,55018.22
LN-022540,137655.98
LN-001806,16108.16
LN-008109,60189.14
LN-015685,96739.38
LN-003088,43254.12
LN-013768,69320.05
LN-002230,0.0
LN-013240,104772.5
LN-018408,32169.9
LN-028678,113035.59
LN-028884,58839.82
LN-021640,74141.38
LN-027044,124223.35
LN-000215,390129.55
LN-024488,56396.79
LN-006313,125856.75
LN-010674,55963.7
LN-005548,29924.65
LN-001050,64403.96
LN-026803,56778.15
LN-012618,64526.48
LN-008854,1670.77
LN-023479,44997.91
LN-003290,22491.73
LN-005001,85546.64
LN-012355,135954.76
LN-007720,112550.02
LN-014104,25991.53
LN-028606,42245.22
LN-029248,175801.88
LN-004262,93318.62
LN-013941,42807.58
LN-005090,75536.3
LN-025647,72455.15
LN-016655,36586.62
LN-022738,149193.16
LN-025754,0.0
LN-000886,0.0
LN-024136,111289.52
LN-022434,167777.42
LN-019079,194143.1
LN-017218,125293.21
LN-003101,83753.91
LN-008357,118143.09
LN-017905,119380.51
LN-014807,22255.11
LN-003439,2276.6
LN-025730,28135.13
LN-005477,148912.37
LN-017146,57778.82
LN-002748,273.93
LN-000907,44566.05
LN-014641,88539.07
LN-013030,78183.39
LN-006449,153666.56
LN-026445,36038.38
LN-007670,3050.86
LN-019796,100667.26
LN-001120,1791.9
LN-023715,63899.33
LN-022057,189199.53
LN-025596,0.0
LN-027140,0.0
LN-028936,71160.56
LN-020748,1029.21
LN-012368,40967.47
LN-006078,31203.08
LN-014401,26840.75
LN-006595,13199.73
LN-026541,0.0
LN-003051,73159.95
LN-002516,180102.06
LN-026111,0.0
LN-021458,286017.19
LN-011694,53589.31
LN-004614,148654.86
LN-017790,167519.01
LN-008289,31930.89
LN-021086,96938.1
LN-025275,153497.62
LN-012713,203275.09
LN-022901,98952.76
LN-019341,133363.54
LN-002226,56903.42
LN-011533,1100.17
LN-007940,95974.79
LN-000722,60536.78
LN-007449,65335.38
LN-023631,56551.85
LN-023712,92179.41
LN-003619,44452.16
LN-002501,44983.89
LN-026203,5168.17
LN-004562,177183.71
LN-025408,157606.12
LN-018383,18920.02
LN-025875,214497.6
LN-011824,25758.22
LN-012477,23902.18
LN-022941,63675.66
LN-005931,205559.26
LN-026646,21170.59
LN-000806,151345.5
LN-012510,144258.34
LN-003520,65432.4
LN-012673,106717.19
LN-003582,90776.79
LN-024712,79802.77
LN-026715,47991.91
LN-006262,0.0
LN-029011,9866.7
LN-022426,122222.54
LN-022719,56823.77
LN-025347,21803.56
LN-011505,123848.81
LN-021539,41697.86
LN-025930,0.0
LN-009945,1526.52
LN-023148,126554.63
LN-026574,3208.56
LN-026844,65845.02
LN-014262,2931.87
LN-021425,224297.46
LN-012691,91645.8
LN-019332,125669.16
LN-019190,61757.33
LN-023354,42546.64
LN-008435,199611.92
LN-011978,80801.17
LN-003303,144536.73
LN-018815,56170.36
LN-026392,34595.36
LN-014456,108433.04
LN-027371,1389.53
LN-012486,283086.93
LN-005788,58530.62
LN-028297,38808.25
LN-009169,121136.41
LN-010139,211576.67
LN-004257,69586.22
LN-013260,12110.56
LN-023512,0.0
LN-021148,221814.51
LN-020117,187692.64
LN-019435,3192.9
LN-018469,104802.39
LN-010117,24211.04
LN-024516,0.0
LN-000866,49256.49
LN-027369,175031.18
LN-004194,3767.56
LN-015782,26767.83
LN-008188,48471.13
LN-002141,183309.42
LN-020459,19948.37
LN-015778,58534.12
LN-023147,97760.71
LN-009851,6638.42
LN-009648,0.0
LN-011631,66867.05
LN-003083,142748.5
LN-021764,55050.06
LN-006918,151299.49
LN-004633,1849.47
LN-014917,67922.3
LN-006877,20817.5
LN-012280,23182.48
LN-013442,136679.31
LN-027720,19066.11
LN-013632,59623.55
LN-011528,9272.61
LN-019881,39543.87
LN-008591,46384.27
LN-015310,158220.01
LN-003900,128533.45
LN-001366,71913.72
LN-007625,59715.64
LN-000133,0.0
LN-014062,147088.19
LN-027019,100224.06
LN-014160,70331.74
LN-015718,236.14
LN-002678,109711.96
LN-015623,230831.06
LN-021497,18647.5
LN-005095,0.0
LN-026008,39733.61
LN-013057,39604.7
LN-003573,27453.02
LN-024569,0.0
LN-001725,52635.1
LN-019159,29702.11
LN-027438,412.56
LN-000365,82299.45
LN-012388,50403.54
LN-017505,124466.04
LN-029309,38373.69
LN-005841,34265.39
LN-017064,37664.99
LN-004252,125499.1
LN-008894,976.25
LN-013412,160966.55
LN-016309,29389.73
LN-023204,203680.3
LN-028067,17917.92
LN-022966,69125.67
LN-006791,5022.99
LN-010935,102293.93
LN-005814,25265.22
LN-003504,187393.63
LN-012428,185105.91
LN-024751,84875.63
LN-005142,108525.83
LN-000691,173886.96
LN-010033,161454.77
LN-029242,24412.45
LN-018762,151731.93
LN-012636,139707.68
LN-016953,37770.53
LN-017205,69190.29
LN-022024,37778.19
LN-003583,154754.08
LN-011362,77084.81
LN-010479,11629.44
LN-015240,127270.71
LN-006775,53407.5
LN-007990,40883.92
LN-003379,99941.52
LN-004509,146428.65
LN-003684,242.96
LN-006428,63484.09
LN-017362,28146.41
LN-025003,155604.49
LN-019200,39133.19
LN-008433,35805.84
LN-008430,6075.76
LN-011801,3187.03
LN-024930,89783.41
LN-017642,221754.69
LN-002948,178651.46
LN-006589,881.06
LN-005673,63548.07
LN-002143,20265.45
LN-016940,37019.86
LN-028959,67888.58
LN-022578,28060.93
LN-001590,206856.19
LN-008668,24025.23
LN-004180,88224.99
LN-014645,0.0
LN-010151,0.0
LN-026657,63729.54
LN-023039,75418.55
LN-015391,48709.75
LN-019787,76816.32
LN-016172,101022.78
LN-026341,1470.96
LN-019478,30998.18
LN-023483,164534.5
LN-027213,0.0
LN-000911,0.0
LN-020230,1282.1
LN-004862,46470.4
LN-001188,181842.51
LN-022172,60613.88
LN-021972,66614.84
LN-026940,28862.1
LN-006116,84735.15
LN-020881,62650.54
LN-011399,0.0
LN-008055,108854.2
LN-020068,55025.02
LN-020737,49056.87
LN-025267,68637.47
LN-011794,244468.86
LN-027580,30683.41
LN-013904,235636.75
LN-017631,59978.81
LN-028008,87758.98
LN-007717,34580.17
LN-001770,697.37
LN-022779,123143.74
LN-027870,73915.26
LN-017726,78902.79
LN-022003,119601.3
LN-024557,34776.61
LN-001300,104765.69
LN-025107,46962.21
LN-023174,120799.86
LN-012739,197717.74
LN-009142,73629.16
LN-008924,185618.09
LN-015320,22536.38
LN-017859,70066.26
LN-003190,429.0
LN-012344,137654.2
LN-001905,149544.0
LN-010885,49435.65
LN-009882,27585.34
LN-022169,292447.09
LN-008853,119595.84
LN-018341,5388.15
LN-024362,120318.6
LN-020915,13260.07
LN-011341,38031.51
LN-021238,147896.55
LN-019957,13929.86
LN-006676,101608.87
LN-020194,23553.78
LN-021411,28258.31
LN-027789,153679.71
LN-003042,0.0
LN-011128,9641.48
LN-005598,185849.47
LN-025443,206457.66
LN-007213,44548.79
LN-019612,77373.09
LN-000518,28045.02
LN-011137,37512.29
LN-029149,56802.02
LN-001035,133619.76
LN-009362,107944.29
LN-001579,10246.28
LN-006455,82639.45
LN-027535,33220.28
LN-002201,52661.06
LN-015676,38018.7
LN-009217,40123.84
LN-002346,26572.02
LN-026379,0.0
LN-005176,412.98
LN-028195,99160.48
LN-003841,58762.83
LN-028618,1216.55
LN-007189,116551.51
LN-017489,24569.21
LN-028036,111558.17
LN-006082,325557.56
LN-022866,66260.18
LN-004376,40329.14
LN-007761,156159.13
LN-011207,148380.44
LN-011966,137537.45
LN-007639,113330.98
LN-008437,1829.89
LN-019352,1244.33
LN-018542,21683.21
LN-020132,39218.99
LN-022920,44653.87
LN-004575,304671.85
LN-016432,93604.44
LN-002079,4381.99
LN-026314,121301.82
LN-017069,0.0
LN-028002,17140.1
LN-023671,88447.91
LN-007857,40943.86
LN-024795,91697.66
LN-005622,73197.29
LN-003742,19930.42
LN-023976,86296.58
LN-001435,80883.73
LN-009881,807.79
LN-026057,99658.98
LN-020904,23169.11
LN-009101,33931.22
LN-018786,77874.54
LN-022116,35512.84
LN-011504,137013.72
LN-015946,125901.18
LN-015482,212740.19
LN-019742,380.55
LN-001502,40683.73
LN-015402,97014.81
LN-025183,45633.29
LN-017473,31347.49
LN-027315,109890.86
LN-009549,33791.65
LN-026707,117609.04
LN-012507,111426.23
LN-022577,118756.78
LN-010800,131805.33
LN-002960,79004.53
LN-004225,46058.43
LN-011510,48101.92
LN-000570,10409.36
LN-018314,73070.43
LN-029012,102456.1
LN-009828,27391.86
LN-022710,70304.03
LN-020577,112905.83
LN-025053,73245.99
LN-011132,140891.08
LN-020160,138809.57
LN-025299,136060.79
LN-018662,464.81
LN-021617,62144.66
LN-019305,1949.91
LN-027296,102318.0
LN-016603,26604.53
LN-017624,91918.94
LN-010077,62053.5
LN-002527,259873.94
LN-009200,115880.98
LN-021804,0.0
LN-002028,62210.8
LN-021066,0.0
LN-019168,120365.31
LN-023507,38046.39
LN-020183,190077.93
LN-003741,59170.7
LN-012184,20886.74
LN-014674,88606.19
LN-026956,21322.07
LN-021657,0.0
LN-028491,77385.33
LN-021070,42911.38
LN-019595,60764.94
LN-004940,23882.29
LN-023879,137048.74
LN-006700,55775.64
LN-013570,31452.75
LN-019036,316511.86
LN-026599,46379.82
LN-007894,62910.39
LN-024445,64694.91
LN-004220,76136.57
LN-013203,17859.53
LN-023899,0.0
LN-018834,66605.06
LN-002296,69844.72
LN-006118,34226.59
LN-001185,114286.76
LN-012503,45961.73
LN-024714,36781.51
LN-003713,62166.27
LN-002886,21916.09
LN-027594,12363.32
LN-001492,68577.87
LN-013262,14250.45
LN-015853,173889.01
LN-004600,57878.01
LN-012542,40726.49
LN-017398,31890.97
LN-007329,9149.09
LN-010669,47198.19
LN-012314,176826.89
LN-003984,0.0
LN-010002,58151.47
LN-008234,41721.47
LN-008308,4675.7
LN-006379,99567.67
LN-028805,104235.71
LN-026577,92884.2
LN-025660,96823.78
LN-020863,0.0
LN-011500,142193.92
LN-006867,35442.98
LN-014003,0.0
LN-013051,303136.47
LN-015385,184019.17
LN-003738,169604.12
LN-011509,161567.13
LN-017420,65853.93
LN-021244,74772.19
LN-009509,23826.47
LN-010054,102706.35
LN-003606,5557.71
LN-025043,34798.56
LN-001943,43858.19
LN-026000,79778.04
LN-016126,122464.51
LN-026912,16710.34
LN-016533,52894.36
LN-016258,120290.12
LN-016222,18169.82
LN-011886,4668.18
LN-000523,83605.93
LN-012517,33693.45
LN-011251,158475.37
LN-005080,301215.66
LN-006395,59730.52
LN-002035,22487.29
LN-004344,89004.56
LN-011366,51944.05
LN-011487,95614.6
LN-018971,23544.73
LN-027953,52802.55
LN-000790,93487.26
LN-008411,176563.95
LN-006737,48323.11
LN-005786,0.0
LN-003302,0.0
LN-011090,16165.78
LN-001101,145784.93
LN-024473,28472.74
LN-022583,197885.29
LN-011944,32620.92
LN-012452,37886.84
LN-011407,82158.32
LN-025648,185687.84
LN-016484,95753.81
LN-017908,132966.55
LN-017915,81880.52
LN-029230,122434.32
LN-005291,85911.33
LN-027417,246221.8
LN-028738,65045.0
LN-012970,35172.41
LN-018532,42252.63
LN-013477,33158.92
LN-010937,47106.58
LN-003043,323932.83
LN-025239,0.0
LN-008299,104260.79
LN-020248,87247.12
LN-024764,559.7
LN-003355,46075.09
LN-005522,0.0
LN-028875,34643.37
LN-005113,97.57
LN-004395,78052.3
LN-021516,2467.1
LN-028750,141973.13
LN-018755,50128.76
LN-026164,0.0
LN-023889,24897.04
LN-023805,98651.88
LN-018102,105162.77
LN-019660,30577.34
LN-005646,83251.35
LN-024377,85152.99
LN-011549,72656.79
LN-010148,77607.17
LN-027893,27688.22
LN-016065,165726.4
LN-008018,86203.79
LN-028721,70029.29
LN-006900,43984.64
LN-027551,45689.22
LN-028073,735.02
LN-003013,17060.54
LN-018501,88366.19
LN-004715,82137.09
LN-004083,172287.96
LN-023555,19433.46
LN-002014,42525.22
LN-010021,114463.57
LN-010210,43091.9
LN-016920,265335.64
LN-003079,71220.58
LN-010884,0.0
LN-009269,122233.18
LN-023015,67208.12
LN-028470,139930.17
LN-019125,168567.53
LN-028591,133579.79
LN-005499,104765.09
LN-020934,119919.75
LN-027308,30819.6
LN-009885,196083.5
LN-005743,103168.83
LN-014809,140103.88
LN-014923,33650.6
LN-012616,121171.75
LN-006743,84637.69
LN-007462,193889.48
LN-002443,85531.61
LN-010515,33754.22
LN-003930,34204.04
LN-015707,58254.06
LN-026484,0.0
LN-012922,5281.78
LN-017801,119286.69
LN-011073,158933.94
LN-017578,7851.74
LN-027624,41812.67
LN-012860,58777.16
LN-010951,153360.82
LN-025185,133092.5
LN-020684,118473.19
LN-002266,52373.94
LN-019748,85911.58
LN-005564,25697.33
LN-022112,40090.39
LN-005502,23835.68
LN-010866,181191.13
LN-005678,13707.45
LN-019421,173831.5
LN-019499,171045.9
LN-000515,88296.41
LN-016660,72999.82
LN-008206,37766.82
LN-006957,49123.3
LN-000934,40904.81
LN-007961,43863.56
LN-028647,59330.85
LN-011296,0.0
LN-004084,80223.48
LN-003480,59973.55
LN-017418,40292.52
LN-010837,27052.82
LN-000757,121570.52
LN-028335,95408.57
LN-020457,43337.2
LN-025610,0.0
LN-009497,126570.48
LN-015986,117041.06
LN-015273,132565.33
LN-009580,70134.9
LN-004954,57300.08
LN-020499,112450.87
LN-003062,0.0
LN-007235,56235.23
LN-020574,37935.17
LN-012295,48187.63
LN-014304,114452.51
LN-025405,53089.64
LN-004588,166397.49
LN-002999,18060.09
LN-013532,62622.11
LN-001962,114927.58
LN-025472,114980.39
LN-021876,452712.1
LN-004154,78915.24
LN-010724,8006.76
LN-021916,111090.75
LN-003873,69628.13
LN-028514,11881.31
LN-018426,5767.35
LN-027766,0.0
LN-016551,116628.12
LN-012978,139935.57
LN-012657,46841.39
LN-021618,60832.04
LN-002623,20683.02
LN-002904,47261.62
LN-023461,113159.08
LN-003323,172539.17
LN-016694,105891.01
LN-021627,141167.58
LN-004706,10388.2
LN-012179,4412.66
LN-013640,59306.49
LN-020569,76238.85
LN-003970,4491.0
LN-010450,146044.37
LN-020186,34741.09
LN-010474,270716.23
LN-002360,40501.21
LN-008995,0.0
LN-011908,115257.3
LN-009975,36248.22
LN-020766,50157.24
LN-004643,3631.2
LN-027440,21952.05
LN-011848,17782.64
LN-003106,74981.34
LN-011545,0.0
LN-018611,1027.59
LN-007089,397.3
LN-024283,42926.52
LN-001712,58625.71
LN-028133,0.0
LN-027600,187799.7
LN-001368,141714.54
LN-014198,114434.25
LN-020172,24903.16
LN-026487,97688.89
LN-004847,30785.0
LN-020229,61180.61
LN-008009,32343.13
LN-026077,22075.45
LN-021561,81660.17
LN-027139,27079.15
LN-029261,58150.35
LN-011077,4204.56
LN-017226,58482.03
LN-007547,103497.22
LN-018172,51.25
LN-007945,178750.56
LN-005877,78592.27
LN-015289,4493.32
LN-004174,114309.3
LN-004836,71608.24
LN-020083,104187.82
LN-001290,113128.91
LN-013946,57523.14
LN-020769,56444.89
LN-003294,3110.93
LN-013707,1299.98
LN-014843,164835.7
LN-014833,91124.34
LN-021638,145441.38
LN-004273,0.0
LN-007241,56977.11
LN-010664,88683.88
LN-005992,0.0
LN-004162,167518.65
LN-025659,22883.41
LN-005045,40695.66
LN-026384,13805.67
LN-018589,115448.91
LN-024098,43083.47
LN-010369,0.0
LN-018194,23542.86
LN-003280,51799.54
LN-004722,103902.29
LN-009451,28371.81
LN-004373,41187.37
LN-021202,28124.32
LN-000428,150636.12
LN-021729,93102.62
LN-008169,47948.36
LN-003967,48753.47
LN-021685,130473.6
LN-011018,18923.9
LN-016996,74533.72
LN-023559,162609.1
LN-023478,0.0
LN-009931,137082.83
LN-003356,1511.95
LN-018595,98286.89
LN-021162,27820.82
LN-022669,99191.64
LN-009638,73886.87
LN-011640,105021.52
LN-002175,37014.62
LN-020174,99248.15
LN-017294,19150.42
LN-024316,20439.02
LN-003462,79406.21
LN-007420,29721.25
LN-020582,586.89
LN-011758,148492.77
LN-022686,82855.47
LN-025658,212315.19
LN-022456,147756.77
LN-004380,0.0
LN-002429,107311.7
LN-009015,22840.28
LN-018337,44129.12
LN-001247,39129.0
LN-020921,213162.37
LN-017668,20956.62
LN-019682,77960.54
LN-021603,49695.41
LN-026858,98751.81
LN-025805,57495.61
LN-024064,141108.06
LN-006809,212729.74
LN-021771,129284.74
LN-005258,16935.36
LN-006511,3070.77
LN-024666,9.92
LN-014173,66518.96
LN-023289,122728.01
LN-013042,100096.07
LN-004230,2938.95
LN-027497,18804.04
LN-023836,35540.82
LN-013785,95673.27
LN-007782,70883.56
LN-026354,203156.48
LN-023025,69979.92
LN-029156,4024.57
LN-023200,3611.47
LN-002755,16715.25
LN-000218,26276.13
LN-027026,126782.45
LN-009180,54964.32
LN-008323,48595.37
LN-027855,66302.38
LN-015406,68628.05
LN-008870,167364.14
LN-004049,26688.0
LN-005364,78136.99
LN-014816,32990.67
LN-025195,56871.21
LN-006983,54801.56
LN-020150,19.9
LN-005247,210807.76
LN-009726,135943.0
LN-004080,42116.97
LN-016226,25944.28
LN-028779,72090.2
LN-018077,46598.35
LN-028687,31058.81
LN-025027,54.91
LN-026607,139862.95
LN-025669,61760.88
LN-018617,30026.06
LN-011594,257.62
LN-008342,240671.3
LN-003053,30452.21
LN-015877,0.0
LN-023664,136875.47
LN-023239,307.97
LN-008255,152087.43
LN-001273,57259.58
LN-021463,0.0
LN-021747,15408.97
LN-009611,1838.53
LN-022177,84800.97
LN-023062,264212.67
LN-025835,33644.62
LN-014750,139207.78
LN-014552,56991.86
LN-011428,137434.17
LN-020813,108074.41
LN-019312,2690.15
LN-000968,0.0
LN-004605,10935.62
LN-026420,0.0
LN-012215,88016.7
LN-026933,38384.25
LN-021455,39049.74
LN-001015,164706.26
LN-018480,41083.49
LN-020420,2965.33
LN-009150,121559.38
LN-020456,39107.38
LN-016266,39707.76
LN-001115,112318.66
LN-014353,6609.34
LN-008136,41210.55
LN-017615,43206.29
LN-013374,63222.15
LN-005336,106713.38
LN-023115,24227.48
LN-018454,0.0
LN-013044,57678.84
LN-024356,1548.74
LN-006503,51331.72
LN-005824,31935.85
LN-018109,1006.35
LN-003297,153912.37
LN-003337,79470.09
LN-003730,0.0
LN-026821,210350.75
LN-014281,112234.76
LN-002394,185926.21
LN-013443,64603.05
LN-023928,83183.17
LN-016121,33006.56
LN-015697,7250.89
LN-002689,103636.13
LN-015086,128043.55
LN-021483,18432.35
LN-026824,76669.68
LN-000805,16184.91
LN-020225,92106.84
LN-000413,94698.0
LN-010244,69703.04
LN-014453,80386.54
LN-017628,43713.45
LN-027792,67983.98
LN-003117,166428.8
LN-006149,0.0
LN-004187,32161.01
LN-015688,61276.32
LN-018406,18227.12
LN-013538,865.19
LN-011352,25005.7
LN-019095,70292.09
LN-013429,131385.52
LN-006542,4089.18
LN-017903,5187.82
LN-023612,13850.15
LN-028103,333941.19
LN-026228,14664.01
LN-029080,116771.86
LN-015535,24622.85
LN-004711,1040.11
LN-019614,85533.05
LN-020976,222550.11
LN-010305,254014.03
LN-014095,17897.11
LN-007217,31455.6
LN-013910,99687.94
LN-023904,43259.27
LN-009915,122785.98
LN-016950,118430.43
LN-013800,155098.96
LN-029262,18711.39
LN-010960,90185.24
LN-007243,0.0
LN-000573,87314.53
LN-021121,1575.5
LN-001840,22477.5
LN-010294,124030.89
LN-003100,43199.22
LN-013303,2139.57
LN-018472,128696.45
LN-001019,0.0
LN-024276,650.19
LN-022649,42092.26
LN-012343,3837.61
LN-015491,128661.7
LN-006468,12792.38
LN-021705,177347.63
LN-019119,170963.98
LN-004477,5157.26
LN-008451,207605.6
LN-010913,22735.81
LN-005674,77025.54
LN-028580,93685.7
LN-005881,6378.56
LN-012312,16174.68
LN-027332,72422.55
LN-008913,9630.01
LN-002225,281077.48
LN-020936,70696.83
LN-018145,41128.38
LN-026301,92964.21
LN-027214,30203.68
LN-016133,23235.13
LN-010208,225427.02
LN-020540,111177.82
LN-015302,2041.93
LN-008738,64904.11
LN-023087,39903.15
LN-009231,121691.56
LN-012674,1006.17
LN-004025,48036.59
LN-026476,148411.84
LN-023057,139235.96
LN-011663,29467.44
LN-003283,79099.98
LN-026108,33382.97
LN-012947,130853.99
LN-013928,335.3
LN-023537,0.0
LN-004191,28321.86
LN-026220,225818.08
LN-027345,0.0
LN-013433,134642.92
LN-012748,18104.59
LN-004536,21313.63
LN-027380,97200.73
LN-024477,37586.39
LN-022742,0.0
LN-008585,1388.96
LN-007160,165286.21
LN-003747,45849.16
LN-000174,49320.03
LN-020458,24848.74
LN-016625,2983.66
LN-025738,3605.28
LN-027461,786.88
LN-012441,73990.24
LN-023630,75760.6
LN-023162,53482.93
LN-025593,183395.88
LN-018369,226979.89
LN-007447,121501.84
LN-007130,53805.93
LN-024342,1887.86
LN-005431,79464.06
LN-001766,37775.37
LN-007176,4541.35
LN-007114,99077.32
LN-018875,219631.66
LN-011021,90682.02
LN-009907,44250.8
LN-019237,82767.0
LN-022127,122938.99
LN-008893,0.0
LN-020747,221568.07
LN-021017,190898.2
LN-016046,44902.88
LN-005912,183609.93
LN-016236,84275.77
LN-019713,756.3
LN-013873,160506.64
LN-008006,105870.11
LN-018287,3325.06
LN-017687,46556.62
LN-022482,62283.86
LN-025057,236857.49
LN-014988,102894.51
LN-001802,85301.41
LN-016855,20235.86
LN-005264,111816.36
LN-015229,1552.24
LN-020267,280207.47
LN-028691,55171.62
LN-028478,21850.16
LN-011497,147794.76
LN-022762,139434.11
LN-010980,5505.88
LN-020844,79743.73
LN-017462,17191.86
LN-023358,58513.54
LN-002112,2805.26
LN-005604,34286.42
LN-004767,104199.89
LN-024384,67712.81
LN-029304,63660.67
LN-005083,18571.98
LN-018184,23574.39
LN-022432,80484.31
LN-016598,22970.55
LN-021734,95.12
LN-008287,75513.63
LN-017080,100982.36
LN-005792,0.0
LN-014327,0.0
LN-016731,72134.22
LN-002329,76689.24
LN-015972,177700.25
LN-014906,151665.64
LN-027062,90045.16
LN-014696,172799.87
LN-000193,60927.23
LN-007415,263788.69
LN-003813,23033.57
LN-029226,248306.0
LN-003776,93429.86
LN-026122,308353.19
LN-022200,104423.31
LN-004161,56746.08
LN-003430,41746.18
LN-016514,29863.55
LN-028806,118934.07
LN-007872,97397.22
LN-008305,39436.16
LN-017826,153513.95
LN-004125,239850.92
LN-021116,147435.57
LN-004098,2219.73
LN-022260,210940.58
LN-014721,45868.85
LN-008318,167854.12
LN-012167,55004.24
LN-020097,163032.9
LN-012182,46018.02
LN-015330,38196.83
LN-007180,69769.14
LN-026792,4096.52
LN-021302,0.0
LN-027144,81079.86
LN-027120,3401.74
LN-027209,199247.64
LN-007175,0.0
LN-024810,0.0
LN-008032,140693.36
LN-015879,23783.17
LN-003233,68148.35
LN-002427,82492.71
LN-025157,23862.23
LN-023371,17024.22
LN-011306,95488.3
LN-013545,137991.73
LN-012502,150378.44
LN-021811,129131.3
LN-000510,146559.09
LN-017050,142557.75
LN-012196,65199.95
LN-014550,47742.67
LN-021262,170166.14
LN-023092,174283.62
LN-006394,156680.61
LN-020745,29653.0
LN-010031,219149.48
LN-019002,88215.29
LN-010403,64018.03
LN-000899,130096.68
LN-021758,36401.31
LN-001212,90516.77
LN-007835,37049.15
LN-002349,73196.88
LN-014607,3935.1
LN-004634,74623.03
LN-000563,27513.25
LN-002849,1895.22
LN-014972,70906.87
LN-006579,78872.92
LN-009237,43478.11
LN-007871,82589.9
LN-002884,44243.12
LN-024024,65615.3
LN-024785,83301.51
LN-005473,124487.56
LN-017063,226755.8
LN-007859,0.0
LN-014172,82057.49
LN-004798,146428.47
LN-018871,70352.6
LN-006041,7263.97
LN-014067,114380.95
LN-013032,56705.78
LN-016716,77293.11
LN-001130,115923.97
LN-014665,0.0
LN-000178,94458.91
LN-008686,25351.31
LN-010006,11856.21
LN-009966,47264.18
LN-014363,47299.59
LN-012067,42732.12
LN-009108,20952.54
LN-021689,123859.41
LN-005032,45512.21
LN-017033,128705.68
LN-011272,297705.67
LN-022910,120679.8
LN-013592,165370.39
LN-007439,139668.46
LN-021324,190302.35
LN-014885,19633.8
LN-011275,64548.65
LN-017870,22539.96
LN-021518,47710.68
LN-012377,170041.06
LN-022848,166055.01
LN-011332,58157.16
LN-020842,1511.09
LN-011454,119685.81
LN-009454,125340.3
LN-012141,43319.21
LN-022229,3286.74
LN-002345,22928.8
LN-016826,98842.75
LN-013293,62529.2
LN-001480,18073.34
LN-028927,1826.11
LN-018647,37981.0
LN-010434,50846.06
LN-001287,293748.78
LN-012731,65819.38
LN-012459,39119.39
LN-003203,106383.25
LN-016078,39360.21
LN-011044,0.0
LN-017310,65079.73
LN-012564,70581.22
LN-014731,42783.32
LN-029084,137538.27
LN-003591,169146.91
LN-019257,270556.12
LN-027186,87635.43
LN-020727,39389.26
LN-026988,20925.16
LN-025591,10421.06
LN-012995,92894.56
LN-023809,51497.91
LN-010445,21733.22
LN-003708,199501.03
LN-017459,118672.56
LN-006941,146933.09
LN-027637,39187.1
LN-005585,61667.38
LN-021854,96748.87
LN-020819,19616.64
LN-018612,98216.24
LN-024100,219166.66
LN-014601,161218.03
LN-021661,108035.48
LN-016054,59594.17
LN-014960,9.42
LN-004579,0.0
LN-008920,31408.35
LN-002176,246971.55
LN-020429,139232.55
LN-020460,45928.27
LN-013129,67755.55
LN-008450,33721.95
LN-013441,97906.05
LN-007656,19119.84
LN-027187,79030.41
