application_id,sanctioned_amount_aud
LN-029039,67236.48
LN-006880,29707.88
LN-000529,104846.94
LN-002049,173135.08
LN-000921,688.33
LN-003817,73656.28
LN-008697,50112.1
LN-001629,168561.23
LN-004797,67793.81
LN-003612,40232.19
LN-009943,73233.21
LN-025850,38085.39
LN-026197,119832.55
LN-024874,31143.42
LN-004528,135337.47
LN-005816,55509.67
LN-005665,157819.56
LN-014724,124268.26
LN-003869,74856.68
LN-025159,16969.16
LN-018852,22332.22
LN-007330,34587.8
LN-009056,70536.8
LN-024580,55217.4
LN-000091,44453.1
LN-024635,115983.76
LN-024171,71450.94
LN-001540,3086.49
LN-020296,33636.17
LN-010216,25059.44
LN-027984,155510.59
LN-014818,19985.0
LN-025432,37.02
LN-003848,27468.79
LN-005511,26086.33
LN-012764,33696.43
LN-027695,47501.87
LN-003189,2181.47
LN-011795,31936.69
LN-010454,245292.64
LN-004833,157923.35
LN-021881,45086.65
LN-004216,95024.79
LN-014947,842.13
LN-027884,87031.41
LN-020946,109890.79
LN-008994,35316.57
LN-005529,773.53
LN-003943,48157.32
LN-009215,16.46
LN-000651,149363.26
LN-017641,76856.64
LN-019837,85968.09
LN-025236,54518.51
LN-019391,36453.06
LN-021405,21266.73
LN-013749,695.57
LN-029095,100259.33
LN-023240,170903.87
LN-005323,54156.76
LN-006107,214853.44
LN-012864,29711.38
LN-000798,687.94
LN-001526,36.37
LN-006226,1656.5
LN-007353,104115.76
LN-012665,138468.65
LN-006311,30394.34
LN-005748,144584.44
LN-018051,73663.71
LN-026701,72732.55
LN-005901,72060.58
LN-003003,28385.84
LN-011250,41368.03
LN-001729,30720.2
LN-008468,16357.54
LN-011773,207459.72
LN-016274,554.68
LN-009018,2230.65
LN-008723,85521.57
LN-011390,181222.6
LN-009389,72255.1
LN-005437,8935.17
LN-002885,179337.41
LN-018156,39865.26
LN-017438,83079.57
LN-019254,88189.61
LN-017293,180122.86
LN-000096,8643.7
LN-000247,126982.54
LN-015276,5636.81
LN-009085,53714.17
LN-015570,104247.05
LN-006258,17472.41
LN-012973,2982.02
LN-025834,25184.94
LN-009703,31695.22
LN-024652,176758.31
LN-028344,81621.71
LN-016342,226329.41
LN-026702,49930.84
LN-002785,127586.17
LN-010569,185308.59
LN-025649,745.56
LN-026860,25549.84
LN-021249,81260.76
LN-013023,155016.83
LN-001591,53788.01
LN-022776,64298.96
LN-003367,77654.76
LN-006653,31506.15
LN-017837,67893.63
LN-022032,104583.5
LN-005360,23367.12
LN-021277,180885.13
LN-027391,182793.13
LN-023561,37956.06
LN-003810,57547.65
LN-015809,37293.01
LN-006531,88538.24
LN-025435,105603.91
LN-000367,77075.14
LN-005711,38984.47
LN-004774,60472.51
LN-016176,115452.03
LN-025841,483.11
LN-011228,226079.82
LN-012217,61259.84
LN-011748,130823.56
LN-005326,172385.54
LN-007658,101814.61
LN-024062,90615.47
LN-022212,21.21
LN-006396,50280.01
LN-010618,141306.31
LN-012430,45431.28
LN-025820,186321.23
LN-025410,108559.96
LN-006461,579.61
LN-012545,16144.02
LN-005809,60843.26
LN-019001,62498.71
LN-022733,33978.91
LN-018938,38714.18
LN-013694,141984.81
LN-007638,3145.88
LN-002878,25342.47
LN-018926,25969.59
LN-024322,29820.34
LN-003617,210985.37
LN-004638,745.56
LN-002673,1079.38
LN-017697,433.85
LN-022481,98647.15
LN-013334,714.5
LN-011143,77673.1
LN-013216,37713.26
LN-027796,1654.96
LN-014858,68668.51
LN-010568,73608.09
LN-009715,148543.81
LN-018049,69792.68
LN-009940,69297.74
LN-007722,55010.08
LN-028533,75185.78
LN-010172,9243.53
LN-018800,1275.54
LN-016696,63823.05
LN-007161,20688.15
LN-005011,1010.21
LN-013812,59383.39
LN-006180,70402.93
LN-017278,207088.07
LN-025454,137569.17
LN-003921,121514.85
LN-001165,29360.17
LN-013083,99476.86
LN-008218,37056.47
LN-017894,1416.73
LN-027492,99337.94
LN-000588,55269.24
LN-004023,33477.48
LN-017370,177243.2
LN-025951,27586.58
LN-019488,927.81
LN-019580,238729.96
LN-020578,83680.72
LN-014882,115505.16
LN-005672,188488.27
LN-024498,34877.15
LN-022757,58009.38
LN-029210,85980.42
LN-013581,159276.68
LN-024400,123434.33
LN-021353,6064.67
LN-013208,35166.93
LN-013493,73775.92
LN-009747,98836.47
LN-000406,126618.16
LN-025848,98069.63
LN-017253,55938.76
LN-019936,45.99
LN-008763,88441.3
LN-009372,87033.16
LN-017934,158399.13
LN-006085,3205.63
LN-009025,45530.39
LN-028180,80597.13
LN-000763,12290.32
LN-012290,125826.19
LN-013450,1083.27
LN-014119,111967.89
LN-019751,34778.33
LN-011837,20030.15
LN-020355,15379.66
LN-008535,673.02
LN-019330,35208.33
LN-006326,223452.92
LN-004981,16640.89
LN-025355,503.16
LN-022515,79908.24
LN-018878,2201.54
LN-002903,65437.34
LN-009736,69831.86
LN-029294,86063.36
LN-001871,66259.35
LN-010808,165134.15
LN-007319,7534.71
LN-028441,244275.89
LN-003915,40647.75
LN-022027,242241.78
LN-000981,33625.68
LN-014592,80542.19
LN-012867,53270.09
LN-016395,39346.18
LN-013982,21244.38
LN-003638,266087.26
LN-011772,27510.73
LN-003702,27.12
LN-003224,39342.63
LN-009857,798.81
LN-024002,22176.12
LN-028587,103877.18
LN-025832,199.72
LN-023014,210197.66
LN-022001,128103.05
LN-018270,51605.53
LN-008660,45058.93
LN-027888,95468.58
LN-026960,97355.55
LN-007378,183764.73
LN-005225,180302.9
LN-001486,34138.09
LN-001292,137923.33
LN-017114,10321.95
LN-025828,26137.1
LN-005617,33703.02
LN-012572,46505.06
LN-026673,95.84
LN-027996,109118.45
LN-020098,41269.95
LN-006108,118770.84
LN-001488,38567.22
LN-019872,33219.87
LN-025342,20815.31
LN-012901,61013.37
LN-018862,28707.09
LN-016061,41269.25
LN-016740,41729.14
LN-017649,91.16
LN-018098,726.94
LN-014282,31698.2
LN-025016,184767.3
LN-025080,24365.2
LN-001705,142724.06
LN-002042,52341.33
LN-014933,241095.67
LN-004333,45582.51
LN-024632,188586.49
LN-018140,1649.7
LN-010347,1836.94
LN-021845,96805.99
LN-008047,127966.91
LN-023491,98926.13
LN-001272,27704.04
LN-000153,16995.65
LN-026188,25542.27
LN-018553,137817.77
LN-001049,53754.69
LN-013410,123431.77
LN-015559,10604.19
LN-001386,123853.07
LN-021031,99157.67
LN-012588,15972.91
LN-027363,136153.1
LN-000785,114069.58
LN-024134,352415.89
LN-000878,75812.47
LN-017836,57920.81
LN-001329,79189.48
LN-010495,37249.58
LN-027977,64529.49
LN-021210,167014.58
LN-014280,2320.3
LN-013133,79246.84
LN-019882,36311.16
LN-024921,82529.99
LN-022535,18771.42
LN-012348,232729.44
LN-009325,103564.62
LN-021655,63277.45
LN-016317,101934.26
LN-018693,316.89
LN-023096,165354.77
LN-001547,553.25
LN-007255,16393.42
LN-024351,35321.92
LN-026414,57102.15
LN-023705,30222.25
LN-005484,2250.3
LN-009069,160044.36
LN-005286,14957.74
LN-002483,66184.13
LN-003230,150768.75
LN-001239,37533.37
LN-015839,59497.0
LN-023575,123101.04
LN-006651,137373.34
LN-004740,79080.48
LN-013926,32.31
LN-025110,11667.01
LN-011650,48302.13
LN-006427,32804.31
LN-019481,82958.61
LN-024048,33756.4
LN-014245,2040.19
LN-016079,16158.59
LN-021983,47869.13
LN-016496,243338.08
LN-007279,84.49
LN-007465,75811.74
LN-005744,128775.2
LN-028448,104012.1
LN-024698,17933.72
LN-002441,132924.99
LN-017539,35889.42
LN-020906,24688.16
LN-025466,69928.58
LN-018308,32766.49
LN-005882,177793.19
LN-010974,179431.22
LN-010316,32379.65
LN-009734,63957.82
LN-009553,96598.67
LN-026053,12724.34
LN-022838,23576.98
LN-024875,21385.82
LN-017525,68952.09
LN-021740,60600.9
LN-014515,76758.98
LN-010991,34540.88
LN-017802,33272.54
LN-006356,49750.09
LN-026127,219330.51
LN-006043,67509.38
LN-000112,222694.62
LN-022638,67917.2
LN-017314,1611.77
LN-010695,1573.94
LN-018466,70258.0
LN-004840,109834.09
LN-011951,26806.4
LN-010320,103348.85
LN-015798,40703.33
LN-001114,18.16
LN-017091,150907.3
LN-021169,37533.16
LN-008834,1089.24
LN-002998,44465.07
LN-022306,47285.36
LN-027136,33331.36
LN-005731,69076.66
LN-000538,37887.15
LN-012005,32069.56
LN-021560,21154.95
LN-024077,9643.42
LN-011011,27277.61
LN-005051,3271.86
LN-025004,153110.33
LN-017780,105767.99
LN-009230,121268.68
LN-023534,57649.83
LN-015292,33366.65
LN-016482,89109.03
LN-011724,127785.57
LN-014447,34480.54
LN-020575,87197.25
LN-004123,45646.02
LN-000140,3343.09
LN-001732,96944.12
LN-001505,245585.5
LN-024742,37597.75
LN-018338,144789.66
LN-009185,90940.35
LN-005327,188544.97
LN-010223,2156.99
LN-016693,44435.92
LN-001390,21477.62
LN-017298,1408.12
LN-028983,5992.54
LN-017074,34924.93
LN-025831,141349.15
LN-005174,34664.05
LN-010707,41726.68
LN-015365,46947.41
LN-010390,1000.5
LN-003581,25795.72
LN-020872,12287.18
LN-028477,40520.25
LN-012610,82487.75
LN-003584,55999.8
LN-011960,102857.17
LN-024997,116777.99
LN-027012,186352.23
LN-000788,129716.02
LN-022144,40169.76
LN-015916,96782.75
LN-018648,35431.14
LN-025438,88777.12
LN-028826,959.44
LN-004594,106702.93
LN-023061,197862.14
LN-017057,288462.14
LN-000685,776.34
LN-013687,57965.1
LN-012734,37933.51
LN-008338,702.44
LN-006348,341.27
LN-021119,187665.34
LN-029231,49372.16
LN-011548,221307.8
LN-018720,43494.73
LN-024928,1735.23
LN-002287,51001.02
LN-006351,10131.93
LN-023000,49.54
LN-014593,56307.84
LN-007608,26550.84
LN-017358,26007.4
LN-000646,18785.11
LN-003792,29217.36
LN-008211,117937.82
LN-009919,1679.27
LN-017104,189.02
LN-013188,23370.94
LN-006899,43785.12
LN-001584,115.62
LN-012482,972.06
LN-024528,310702.38
LN-024092,95245.03
LN-026950,54.81
LN-022365,21000.75
LN-007952,46564.44
LN-019776,94644.64
LN-027568,245027.74
LN-004951,33738.89
LN-010098,70310.34
LN-006563,231104.11
LN-025111,71973.45
LN-017334,48993.94
LN-011377,25638.12
LN-029028,280602.56
LN-005056,33315.15
LN-010356,59704.79
LN-009294,131775.07
LN-024825,100213.08
LN-018328,55099.95
LN-009427,73822.78
LN-021910,112242.45
LN-022041,958.03
LN-005932,129754.83
LN-001464,21265.05
LN-013479,16693.1
LN-008593,2614.35
LN-003198,168.34
LN-016902,6953.51
LN-018709,36176.69
LN-002133,143129.88
LN-010995,38446.9
LN-021801,7488.42
LN-003405,122541.31
LN-001351,72203.64
LN-022993,71345.03
LN-009095,93174.21
LN-023068,1448.05
LN-006164,129467.28
LN-022292,94560.19
LN-020275,1436.21
LN-016350,44184.82
LN-026883,55405.51
LN-028688,100467.66
LN-010081,571.96
LN-025562,82922.54
LN-028120,60381.84
LN-028107,33327.91
LN-022222,71208.44
LN-009971,3356.28
LN-021132,24633.4
LN-018188,35414.67
LN-024208,1759.16
LN-029166,470.34
LN-007829,66731.68
LN-024420,175670.78
LN-012818,57247.64
LN-008781,239346.36
LN-020002,28.27
LN-009862,239565.14
LN-015957,218775.14
LN-023084,153215.96
LN-018496,86152.63
LN-019886,124755.47
LN-027885,122858.33
LN-012547,76504.29
LN-024090,85363.3
LN-000488,16150.1
LN-021489,44200.85
LN-020662,616.24
LN-015348,2021.35
LN-008250,71909.92
LN-007385,65302.47
LN-027422,29.76
LN-018791,31210.7
LN-007182,33751.6
LN-019746,6995.04
LN-019340,42535.32
LN-011312,82119.82
LN-020146,160404.94
LN-008278,43497.25
LN-005135,188187.96
LN-023466,101141.36
LN-027469,80824.96
LN-000949,145965.32
LN-023317,121169.57
LN-013622,66094.1
LN-009590,56162.29
LN-005940,264683.6
LN-001454,68953.69
LN-004997,28333.9
LN-011367,33656.76
LN-005805,57241.5
LN-027679,109521.52
LN-006936,69.27
LN-000620,71342.9
LN-007488,203310.78
LN-023042,64261.96
LN-026751,110278.36
LN-014613,653.23
LN-006536,88944.22
LN-026331,90540.39
LN-017594,127374.38
LN-002753,91665.77
LN-006648,961.98
LN-023814,4561.83
LN-001048,135457.12
LN-004326,85086.0
LN-010534,15125.95
LN-010430,134266.45
LN-019127,39345.71
LN-026112,3486.83
LN-026257,39292.76
LN-028196,15056.74
LN-027411,63448.23
LN-021010,44076.68
LN-027538,3510.03
LN-020433,1774.9
LN-009512,203593.28
LN-019124,47448.81
LN-000400,120794.74
LN-002891,70743.69
LN-024236,22756.63
LN-017071,308484.05
LN-009799,18384.23
LN-023001,38372.27
LN-003262,69982.08
LN-009114,106815.02
LN-007545,9613.6
LN-016628,39173.55
LN-018124,807.39
LN-010374,73264.21
LN-018268,67200.29
LN-008108,948.83
LN-027647,45088.46
LN-000982,54140.76
LN-010535,244.34
LN-010355,3937.16
LN-017544,26893.22
LN-023081,137627.92
LN-010224,57931.86
LN-007094,180958.54
LN-016982,59499.89
LN-005830,140489.46
LN-002968,131670.62
LN-021286,143875.74
LN-017364,26125.04
LN-013937,36655.38
LN-018364,75565.69
LN-024056,46412.7
LN-005211,44171.92
LN-000001,69621.03
LN-007347,60759.9
LN-021076,74108.67
LN-021007,182741.03
LN-019857,104002.38
LN-028882,73692.19
LN-009167,31129.39
LN-017599,137775.05
LN-026932,26948.94
LN-016954,2551.56
LN-002750,174949.7
LN-010250,36619.31
LN-018851,17624.79
LN-022826,178589.31
LN-002691,29673.8
LN-025360,66541.9
LN-016870,90588.57
LN-028996,1534.7
LN-003718,79795.99
LN-014796,1404.79
LN-023572,1425.05
LN-007754,69990.28
LN-025148,148817.84
LN-014092,109125.63
LN-008277,632.26
LN-022425,58678.08
LN-012259,88902.05
LN-016504,30758.02
LN-023238,53804.59
LN-020471,115467.79
LN-026443,128773.02
LN-012246,55465.5
LN-006860,32307.03
LN-009136,128418.59
LN-010044,172234.42
LN-023297,91417.42
LN-028649,76043.83
LN-021998,40314.0
LN-006304,58257.25
LN-022820,94967.74
LN-002451,141459.67
LN-001938,90017.84
LN-019381,1677.7
LN-008879,85637.24
LN-009102,648.65
LN-024922,193515.17
LN-022600,3704.18
LN-012838,96123.57
LN-001030,92087.97
LN-004616,7216.78
LN-019524,84522.49
LN-027544,66132.73
LN-011793,74553.33
LN-026273,127842.93
LN-023230,93910.18
LN-027052,4509.15
LN-004393,3878.52
LN-021225,73642.37
LN-007504,37285.65
LN-016156,223100.5
LN-010585,2132.34
LN-005141,94687.44
LN-013158,23319.05
LN-001633,130444.81
LN-020641,76285.94
LN-003565,28806.29
LN-023826,29887.11
LN-013814,462.04
LN-017769,242540.11
LN-013122,133500.11
LN-024039,155431.7
LN-006982,38072.84
LN-011485,392.55
LN-021299,88876.87
LN-003916,52811.14
LN-024338,70145.62
LN-026405,95652.5
LN-024786,174667.73
LN-001350,90846.18
LN-015499,33339.25
LN-008200,22372.39
LN-009704,76684.44
LN-019884,155451.79
LN-001179,18101.93
LN-006052,43688.12
LN-019294,184112.21
LN-012119,30959.89
LN-017536,91046.62
LN-010363,80873.56
LN-001961,88444.29
LN-007508,2159.08
LN-013653,244550.69
LN-014855,30142.17
LN-021471,35069.87
LN-016441,3343.88
LN-005679,84016.63
LN-006687,18184.07
LN-007698,560.76
LN-004116,132817.91
LN-007023,115362.06
LN-000490,155525.25
LN-009100,23118.49
LN-023939,28034.85
LN-021499,186790.43
LN-027403,59655.45
LN-020749,272445.35
LN-009702,161013.5
LN-028358,208331.07
LN-018616,90115.67
LN-015351,22922.13
LN-019339,146290.67
LN-024653,65920.36
LN-027331,233218.83
LN-005911,30214.77
LN-001954,1299.16
LN-020072,212835.1
LN-003028,88.53
LN-021914,75469.04
LN-020621,126.21
LN-009450,86281.17
LN-009201,57.59
LN-025794,107936.39
LN-013335,137489.87
LN-003602,46048.37
LN-013867,29089.74
LN-003021,110510.69
LN-000345,160013.27
LN-002455,275639.87
LN-027188,86337.3
LN-003412,72237.57
LN-005012,47064.34
LN-019948,39551.58
LN-017992,89388.57
LN-006769,46.69
LN-022036,2218.43
LN-007230,63687.6
LN-016088,167541.09
LN-021504,283847.96
LN-023907,107227.78
LN-027471,98817.22
LN-024128,97560.07
LN-017941,45849.16
LN-015577,105505.31
LN-000533,75698.46
LN-025864,135262.96
LN-002101,35336.84
LN-026455,1445.19
LN-007158,26.55
LN-023032,27324.19
LN-008565,233318.59
LN-005953,119082.18
LN-012979,68717.82
LN-011279,79477.47
LN-017231,47761.5
LN-027552,72118.65
LN-006817,65132.67
LN-004356,160069.74
LN-003760,27851.27
LN-013124,259254.59
LN-010903,146569.49
LN-020788,202425.93
LN-007457,43222.24
LN-021284,139578.47
LN-009305,161288.61
LN-025455,143710.3
LN-020018,52266.12
LN-009918,71884.02
LN-015997,26813.69
LN-018864,1150.62
LN-022984,46453.36
LN-012389,75147.87
LN-000065,1916.12
LN-010074,125800.36
LN-012396,105852.98
LN-000463,870.12
LN-003016,2337.94
LN-004033,2435.93
LN-007840,68929.63
LN-022078,229988.33
LN-022606,144269.86
LN-002682,1996.04
LN-014489,6076.58
LN-001052,109835.18
LN-025137,161030.8
LN-026999,210234.94
LN-007058,33862.84
LN-027586,23607.99
LN-011480,190055.7
LN-004348,190004.79
LN-026519,1936.2
LN-008051,98279.27
LN-002987,41688.01
LN-012938,80868.9
LN-001309,34055.52
LN-014324,125294.28
LN-000923,34646.25
LN-028302,131411.63
LN-020750,132654.69
LN-007632,5423.49
LN-010476,106277.37
LN-021354,89816.37
LN-021093,41434.46
LN-000535,149527.26
LN-019864,241150.7
LN-006907,103309.97
LN-017899,185906.93
LN-023472,169265.5
LN-024548,82651.84
LN-028974,149383.26
LN-016098,134827.61
LN-004304,159.71
LN-018483,11113.42
LN-009316,115801.85
LN-001935,42.42
LN-014989,242170.47
LN-002775,357795.16
LN-022715,261445.04
LN-011906,95007.3
LN-018485,39475.07
LN-006905,173521.78
LN-025345,154908.58
LN-027763,23971.17
LN-007190,193354.76
LN-019662,38071.96
LN-027303,35541.43
LN-019646,72731.32
LN-009712,127905.83
LN-022375,4093.61
LN-017391,109764.5
LN-003668,186719.96
LN-009486,111749.72
LN-002826,81231.19
LN-013280,211977.92
LN-005334,205026.8
LN-028700,58187.98
LN-019418,33250.81
LN-003349,80631.03
LN-020723,106066.48
LN-011973,2050.88
LN-020652,28645.56
LN-024612,1487.09
LN-002228,100077.77
LN-001668,88708.75
LN-023342,5647.5
LN-013205,120155.6
LN-028854,127133.8
LN-012031,18090.55
LN-013010,41019.74
LN-020892,101826.12
LN-023401,42808.97
LN-014602,140829.08
LN-006740,22009.3
LN-004278,41863.36
LN-008584,38233.45
LN-026339,54806.29
LN-007296,65510.68
LN-011437,23082.47
LN-025839,5696.87
LN-003828,117627.97
LN-012162,30714.38
LN-021223,125357.59
LN-021281,114614.61
LN-022914,58379.75
LN-025269,24555.7
LN-029035,73013.97
LN-008016,58780.82
LN-004247,36295.54
LN-025723,60218.46
LN-010588,20763.15
LN-020279,153977.15
LN-014880,176581.07
LN-017942,4646.22
LN-028392,39.12
LN-002185,74071.9
LN-009434,31575.21
LN-012401,98238.2
LN-027080,48490.04
LN-004807,202094.91
LN-002238,150196.89
LN-011558,33402.09
LN-003831,41251.8
LN-022932,61871.38
LN-008588,28201.86
LN-021025,92903.78
LN-014788,178462.55
LN-024708,152410.77
LN-007747,33493.1
LN-011767,105204.04
LN-012233,106146.04
LN-015364,73831.98
LN-006986,55609.06
LN-017612,52.49
LN-025684,154112.66
LN-003629,60585.24
LN-000266,96335.63
LN-014737,157628.26
LN-025314,151.47
LN-017738,79959.77
LN-021316,122896.67
LN-026675,44059.27
LN-002363,181964.52
LN-008219,25518.59
LN-002806,1864.61
LN-026770,190430.22
LN-007120,40308.51
LN-024489,89925.95
LN-002627,34630.32
LN-022641,61286.05
LN-001404,175.56
LN-028208,106837.62
LN-025483,165501.93
LN-010281,41999.24
LN-022228,20082.82
LN-000157,2539.1
LN-016479,34105.29
LN-028278,31236.16
LN-020661,187793.78
LN-027614,44986.0
LN-021751,2027.73
LN-024051,4271.98
LN-017257,72736.34
LN-013417,269087.95
LN-005998,198180.54
LN-010827,98948.28
LN-008916,60069.81
LN-011171,3441.85
LN-014011,58999.22
LN-002264,177501.39
LN-005209,83493.19
LN-018550,131245.11
LN-010962,36670.84
LN-010753,34234.75
LN-001999,135516.7
LN-011103,728.35
LN-027638,200197.9
LN-026190,283.99
LN-010238,32207.56
LN-017355,115.05
LN-004523,4359.77
LN-013449,202172.69
LN-022408,98147.22
LN-003646,425.24
LN-023966,66416.03
LN-008720,192.96
LN-021517,112124.36
LN-004426,79695.3
LN-006803,133911.75
LN-017540,176301.86
LN-007828,105911.69
LN-006430,27408.65
LN-008239,152804.68
LN-022389,40915.03
LN-026735,75203.73
LN-006555,53844.76
LN-001665,75182.05
LN-001479,110674.04
LN-021102,42239.59
LN-003682,41523.85
LN-025418,71586.43
LN-002663,70074.3
LN-022943,70333.42
LN-023168,12077.1
LN-019320,80860.61
LN-026865,10151.11
LN-019076,36467.25
LN-013146,171611.39
LN-020561,3640.16
LN-001723,64016.54
LN-021943,42361.61
LN-003482,55835.04
LN-021120,85703.82
LN-004105,124360.77
LN-006575,33249.91
LN-013550,63325.6
LN-024168,144552.56
LN-018642,23203.68
LN-015158,479.01
LN-015029,9537.97
LN-019281,43929.07
LN-014237,4971.73
LN-025333,123016.95
LN-017132,27977.88
LN-013199,141635.26
LN-026877,183659.74
LN-000820,69092.79
LN-015206,2835.49
LN-026351,3900.36
LN-000142,20156.09
LN-026131,20283.1
LN-026204,903.15
LN-007689,7867.87
LN-006443,63667.11
LN-013008,30478.58
LN-027864,48479.13
LN-025937,34685.79
LN-025786,47764.12
LN-008067,191574.02
LN-018081,160841.71
LN-007980,1958.96
LN-003433,73327.83
LN-013455,28769.1
LN-013089,576.45
LN-028290,158873.51
LN-020738,41234.85
LN-013616,53576.51
LN-016057,721.45
LN-008788,30900.02
LN-016040,2117.58
LN-022554,89957.81
LN-021429,45827.32
LN-021317,63622.46
LN-027064,32644.09
LN-013957,177874.74
LN-013332,33323.67
LN-010191,52565.43
LN-000147,109375.74
LN-022484,223226.47
LN-023192,242227.82
LN-004569,236267.24
LN-022537,53674.94
LN-006702,28382.34
LN-008615,61994.13
LN-022242,135512.96
LN-002841,88347.17
LN-016563,82346.81
LN-002031,39160.78
LN-016508,67375.75
LN-021426,396.2
LN-021178,55365.28
LN-002937,105773.62
LN-011686,76715.84
LN-000575,3954.09
LN-005105,341413.17
LN-021541,60174.36
LN-022998,482.8
LN-024983,66271.89
LN-029284,33055.13
LN-018600,75029.17
LN-018488,98584.39
LN-008113,60050.95
LN-029277,96815.91
LN-003179,3338.56
LN-012989,4239.47
LN-005463,33442.31
LN-001734,57746.14
LN-025672,45362.77
LN-010290,1032.85
LN-015244,134488.19
LN-009861,15536.31
LN-017238,74436.51
LN-023681,18601.25
LN-018566,139998.55
LN-024341,110508.15
LN-012894,99012.68
LN-004303,25614.23
LN-024038,113823.14
LN-001129,86112.67
LN-002508,85227.04
LN-024648,96310.0
LN-018516,47.85
LN-025920,56273.29
LN-005472,54754.55
LN-024013,791.32
LN-001687,62.55
LN-012234,17917.14
LN-023383,104526.38
LN-005540,19575.88
LN-011521,43328.51
LN-004707,173104.72
LN-025001,44599.92
LN-004885,25930.37
LN-021052,92881.35
LN-022689,134633.58
LN-016310,45414.35
LN-005465,20584.51
LN-014204,54246.56
LN-013072,1359.33
LN-003010,49380.34
LN-012971,131171.53
LN-002809,4489.48
LN-004720,154346.54
LN-005104,39635.16
LN-022473,41586.56
LN-020054,157263.63
LN-018409,56289.19
LN-006047,35971.15
LN-019674,67501.26
LN-026408,142015.69
LN-007421,116819.86
LN-023389,79766.55
LN-021491,60698.11
LN-021773,58373.08
LN-021434,179862.57
LN-023326,17445.54
LN-011580,90887.36
LN-014614,3055.75
LN-016811,185.84
LN-015554,101585.66
LN-005914,17587.76
LN-028745,715.3
LN-026529,28668.61
LN-023599,2347.11
LN-003812,82637.94
LN-011600,144033.12
LN-018560,654.08
LN-023967,47886.91
LN-008962,260484.74
LN-027474,4099.35
LN-003090,39460.81
LN-010086,77980.05
LN-017788,49909.64
LN-016123,4537.02
LN-007933,140331.75
LN-026592,1164.05
LN-009213,180241.77
LN-019809,182329.65
LN-009519,86361.5
LN-012600,346172.96
LN-016755,32666.39
LN-001978,12720.97
LN-002942,67718.39
LN-026989,42679.49
LN-007509,75390.61
LN-003342,191707.11
LN-027820,11029.51
LN-017898,125723.95
LN-025351,107412.98
LN-023143,85266.18
LN-017309,63076.24
LN-028127,127309.24
LN-023390,110632.71
LN-016998,290102.51
LN-011712,144377.49
LN-020095,50594.5
LN-012957,55.34
LN-004658,90638.18
LN-018576,40486.02
LN-023613,82512.11
LN-019336,152.84
LN-020719,51154.67
LN-011961,906.18
LN-008707,33715.74
LN-025804,50234.27
LN-027344,44091.71
LN-003162,19054.2
LN-014413,76799.08
LN-026941,21109.71
LN-011405,33863.95
LN-025133,94754.79
LN-007767,17373.81
LN-012944,697.5
LN-007322,30524.63
LN-016841,808.3
LN-012450,91039.0
LN-010616,62465.03
LN-001933,111451.98
LN-008307,1040.75
LN-006549,161349.87
LN-017020,23.8
LN-000674,22797.33
LN-019323,636.54
LN-001078,190090.61
LN-028227,28844.38
LN-014740,44542.82
LN-007427,251029.84
LN-002190,58921.46
LN-009419,28857.95
LN-004471,131360.6
LN-009073,24424.42
LN-009376,28173.56
LN-006954,334.88
LN-017537,128197.52
LN-007928,34596.63
LN-008696,29203.93
LN-014686,59020.57
LN-017034,123856.18
LN-009191,78926.96
LN-012745,104809.91
LN-008573,629.53
LN-002231,26960.25
LN-027192,70466.12
LN-010412,72246.93
LN-015594,52309.92
LN-024123,112281.45
LN-018932,97509.45
LN-015640,46893.78
LN-003372,25189.57
LN-012109,85313.95
LN-011778,101799.75
LN-023211,25534.16
LN-020422,204376.43
LN-027467,162899.81
LN-023395,41972.77
LN-000519,105473.36
LN-020657,111189.74
LN-017931,260181.9
LN-007399,46977.65
LN-005688,573.87
LN-016847,68988.73
LN-018223,152739.26
LN-017529,132655.33
LN-027335,5981.81
LN-024142,64761.47
LN-022773,47298.83
LN-020048,71638.38
LN-014881,38305.3
LN-024883,279.24
LN-018494,51587.58
LN-000720,131236.16
LN-003529,90292.77
LN-005179,194620.56
LN-003126,43359.57
LN-022143,280893.61
LN-008336,62222.49
LN-008436,142821.27
LN-024057,92667.81
LN-002956,198421.66
LN-018243,95999.8
LN-024116,6314.29
LN-018837,88737.43
LN-024448,29170.32
LN-013948,340.62
LN-013420,863.69
LN-012687,89451.47
LN-003421,38768.97
LN-006385,56018.24
LN-029310,150694.59
LN-022155,15409.81
LN-011116,111160.05
LN-001442,115788.4
LN-003360,80777.44
LN-006820,118221.97
LN-011477,34113.71
LN-003802,88333.88
LN-027207,59144.39
LN-005120,33899.58
LN-015073,43562.35
LN-010679,119121.3
LN-028056,66077.21
LN-010683,1299.37
LN-007674,7196.44
LN-024310,186663.91
LN-019191,26.04
LN-026699,5491.45
LN-025587,1419.4
LN-023334,138051.58
LN-018245,1598.14
LN-008418,30987.55
LN-010239,10761.0
LN-012866,99176.4
LN-013353,109492.3
LN-023454,28557.32
LN-004644,253838.3
LN-009883,114039.78
LN-003903,232576.17
LN-007739,58712.2
LN-006703,33244.48
LN-014644,51120.05
LN-018769,152069.73
LN-002075,123113.92
LN-005438,152898.43
LN-014250,110855.49
LN-004226,286445.88
LN-021619,1071.81
LN-022404,79777.27
LN-002128,57633.02
LN-008485,113432.18
LN-013427,77730.33
LN-004412,90563.65
LN-026401,89982.3
LN-016592,38.54
LN-001412,30278.98
LN-024839,72479.78
LN-018499,73054.07
LN-011575,213931.24
LN-013350,126694.4
LN-017522,97636.62
LN-000592,85921.14
LN-013967,13925.18
LN-019203,163652.03
LN-017972,160385.13
LN-027483,114979.17
LN-000459,207873.97
LN-002906,62458.01
LN-016843,81529.29
LN-002613,1229.57
LN-015000,1635.86
LN-013511,2196.57
LN-004905,68672.88
LN-004489,214104.35
LN-006114,55138.36
LN-016089,95107.19
LN-026631,2070.37
LN-026242,30109.97
LN-016067,118570.67
LN-005758,215561.49
LN-008170,129920.74
LN-020185,41109.49
LN-002450,73374.53
LN-011234,32920.68
LN-007236,125821.15
LN-005022,120725.75
LN-028644,57.83
LN-012400,1478.52
LN-006746,98896.43
LN-003131,27475.23
LN-015147,80993.92
LN-008272,31575.68
LN-010727,145054.0
LN-015113,55018.56
LN-001859,203180.09
LN-002281,35285.23
LN-023725,335319.55
LN-017618,127250.93
LN-004431,32638.59
LN-014870,4759.19
LN-009904,65680.63
LN-005861,12664.89
LN-023409,61036.0
LN-026570,17676.27
LN-001449,312277.54
LN-006510,110159.61
LN-007266,30766.09
LN-020689,174847.16
LN-018235,102722.7
LN-011336,138335.75
LN-015328,106632.06
LN-002197,54.34
LN-028013,666.94
LN-014448,86176.71
LN-019983,70920.17
LN-005835,121561.13
LN-017720,43032.56
LN-010671,68870.4
LN-002182,1468.13
LN-008942,91601.3
LN-010043,125339.95
LN-029141,65559.55
LN-008983,128837.41
LN-013488,14382.76
LN-015183,65153.35
LN-028064,74089.82
LN-027826,28759.19
LN-019681,47705.64
LN-000438,824.31
LN-029091,6832.81
LN-009926,654.98
LN-027393,152668.88
LN-023768,147465.24
LN-026789,45162.62
LN-005676,92306.0
LN-011705,101562.85
LN-005647,31621.76
LN-027851,25771.53
LN-022496,68217.69
LN-029171,79741.85
LN-013196,66198.84
LN-004944,164406.16
LN-026256,728.02
LN-004522,31940.96
LN-027578,38036.76
LN-007000,2512.9
LN-008260,142017.9
LN-019173,81893.39
LN-000918,384.52
LN-001686,2574.03
LN-018436,52875.15
LN-008662,159340.92
LN-008877,152.83
LN-022636,33565.12
LN-022533,197137.68
LN-001425,187442.72
LN-012512,330310.89
LN-008098,7218.52
LN-009976,224808.45
LN-024375,8349.1
LN-003064,49270.97
LN-023574,782.87
LN-026916,125776.91
LN-019368,18365.99
LN-013567,123613.11
LN-021035,34229.35
LN-023766,1093.6
LN-010306,98302.14
LN-021397,186411.65
LN-017273,32425.99
LN-007460,12639.67
LN-012055,35420.58
LN-012755,114172.8
LN-010575,30271.51
LN-002222,80767.79
LN-007657,188481.23
LN-003260,155145.43
LN-019521,146272.04
LN-020021,68323.09
LN-025948,8679.38
LN-001587,127916.24
LN-028770,135583.71
LN-007624,126634.84
LN-026119,61113.61
LN-014782,40559.0
LN-009732,699.31
LN-021309,98105.33
LN-015180,131326.94
LN-016578,273880.44
LN-006766,36628.05
LN-004854,37139.4
LN-029015,97662.41
LN-025943,61625.68
LN-001759,167273.9
LN-014033,56849.15
LN-023773,160271.01
LN-015983,20768.26
LN-000893,72265.59
LN-027484,67985.62
LN-009836,49138.19
LN-009766,72485.65
LN-013009,77248.5
LN-013525,143971.98
LN-008061,40845.87
LN-018473,133572.73
LN-016724,87508.47
LN-028239,13134.18
LN-002482,31417.55
LN-025728,90662.86
LN-000333,54615.28
LN-005789,72179.08
LN-016372,27123.1
LN-020181,31251.28
LN-001230,102818.49
LN-009633,713.63
LN-009779,100040.24
LN-026975,69242.53
LN-005470,74338.92
LN-022615,156155.35
LN-011256,76059.61
LN-001043,72211.68
LN-007379,141019.13
LN-024044,30254.67
LN-019634,3675.89
LN-024151,72311.82
LN-012537,48800.57
LN-006997,576.94
LN-013211,109883.8
LN-021131,135735.97
LN-016100,145542.22
LN-013109,122995.73
LN-002579,41324.79
LN-015953,64199.8
LN-004961,36422.91
LN-023136,26861.73
LN-010505,35376.93
LN-021112,31197.76
LN-023021,191062.56
LN-001570,81414.12
LN-015689,39777.7
LN-027883,1141.92
LN-018397,121404.54
LN-014151,18421.61
LN-029319,140642.26
LN-011796,196184.21
LN-002712,241372.42
LN-007615,650.97
LN-025697,90417.99
LN-010093,72303.71
LN-021468,38656.72
LN-009318,90574.43
LN-027286,19413.05
LN-011723,53486.21
LN-011997,2134.9
LN-012653,116593.17
LN-028300,29335.16
LN-026507,88832.16
LN-023385,44295.03
LN-021406,37254.59
LN-003474,54158.49
LN-010144,36621.97
LN-020417,23.02
LN-002409,74685.28
LN-025906,82529.08
LN-014767,21425.12
LN-010873,82111.73
LN-000568,52235.43
LN-017601,46451.48
LN-001676,24458.82
LN-028373,89210.13
LN-014628,2164.96
LN-023379,58936.77
LN-025062,59540.04
LN-003775,89826.95
LN-027475,3767.68
LN-017157,92952.54
LN-008077,42332.19
LN-012999,80213.31
LN-015130,762.33
LN-014231,58090.98
LN-019835,72665.41
LN-022741,2019.25
LN-014110,114838.56
LN-018163,24898.23
LN-015574,32565.76
LN-007693,104809.98
LN-016013,1865.95
LN-016403,185851.22
LN-023361,163116.62
LN-020357,94164.13
LN-027211,89633.07
LN-016214,25522.18
LN-027897,70042.07
LN-005081,248761.03
LN-006298,29712.76
LN-017487,81359.96
LN-003366,129237.93
LN-002002,211879.38
LN-021954,23418.92
LN-013437,84795.95
LN-023865,49659.64
LN-012919,161284.16
LN-022094,41022.77
LN-029014,41159.46
LN-001228,39184.24
LN-018084,126503.78
LN-012165,75731.8
LN-020121,11053.02
LN-000405,80271.07
LN-004593,90202.12
LN-027800,34489.46
LN-021999,48233.87
LN-012642,70161.25
LN-022411,7961.6
LN-027593,17920.98
LN-024109,32754.93
LN-020835,20.47
LN-015506,116687.24
LN-023435,95519.09
LN-022095,50620.49
LN-003387,83118.56
LN-000659,81911.84
LN-021461,99.28
LN-012188,8123.77
LN-008779,28134.6
LN-028403,57066.66
LN-006044,103333.63
LN-019058,101463.0
LN-024193,88514.97
LN-020239,63614.32
LN-016082,1954.1
LN-003332,2587.74
LN-007537,106108.87
LN-013093,66892.13
LN-001843,208892.84
LN-009949,158557.62
LN-014920,59782.31
LN-021981,96867.43
LN-019603,70573.37
LN-018981,2199.7
LN-011209,762.92
LN-007448,101214.48
LN-006767,116765.86
LN-009538,40596.62
LN-019033,70570.53
LN-024492,145097.37
LN-007046,159721.17
LN-021701,153157.91
LN-010696,1691.79
LN-023583,11583.92
LN-014959,111173.64
LN-003448,80527.79
LN-020368,157217.43
LN-026394,134509.27
LN-016883,48742.2
LN-004171,46117.83
LN-018552,22328.23
LN-022517,78671.64
LN-019540,155377.24
LN-028321,119332.43
LN-016805,125199.82
LN-011353,96175.54
LN-001537,190745.78
LN-026557,41052.82
LN-006099,30638.79
LN-012716,722.36
LN-019868,180324.97
LN-004977,6760.66
LN-007035,33819.46
LN-009758,43954.9
LN-005696,129955.42
LN-020825,19735.34
LN-023914,67801.17
LN-000502,52000.71
LN-019090,108694.06
LN-022806,31580.66
LN-006745,135704.91
LN-016023,1711.61
LN-012265,2311.74
LN-021431,68.28
LN-006208,82211.13
LN-028769,35353.17
LN-009905,2186.98
LN-007424,20682.54
LN-012932,153776.43
LN-009093,38226.47
LN-001709,22278.63
LN-023195,59374.26
LN-013059,101251.47
LN-024391,22.65
LN-015836,91198.99
LN-000958,37068.23
LN-013589,67617.75
LN-020768,35895.4
LN-001982,85706.26
LN-020055,17388.38
LN-008483,98663.03
LN-008021,63046.53
LN-004813,195636.43
LN-026647,52396.33
LN-013321,76296.67
LN-000054,182721.54
LN-028815,79286.87
LN-013866,163208.72
LN-022541,59848.81
LN-018345,3193.15
LN-029255,84907.07
LN-018794,63176.94
LN-028672,42353.17
LN-015945,258187.6
LN-027121,24075.02
LN-009002,70868.38
LN-019361,61834.72
LN-004358,803.48
LN-004928,25460.84
LN-004311,69315.2
LN-022637,111194.01
LN-006564,180241.64
LN-025445,170.59
LN-027908,251504.7
LN-005980,105921.62
LN-002146,37317.57
LN-009977,35515.03
LN-008488,129000.92
LN-019866,80934.92
LN-009605,48293.29
LN-022300,89384.89
LN-011420,143966.2
LN-006200,34297.76
LN-010546,52202.74
LN-014444,6050.05
LN-005699,171807.57
LN-015303,77698.45
LN-027601,91433.54
LN-028995,104091.8
LN-015231,95851.98
LN-020923,6893.61
LN-010690,78954.63
LN-024500,6834.69
LN-005924,109111.88
LN-018100,107490.63
LN-027466,262434.97
LN-015155,19.82
LN-004490,4091.99
LN-027879,261463.79
LN-020685,78141.57
LN-011880,35362.88
LN-006513,70426.39
LN-019655,52367.01
LN-015270,131648.19
LN-026908,84223.18
LN-012950,18474.46
LN-023099,1253.18
LN-002943,89409.08
LN-005705,68124.73
LN-006496,141444.06
LN-012774,142235.61
LN-028536,177314.71
LN-001012,87.2
LN-012434,114038.29
LN-012513,8739.09
LN-000534,30141.23
LN-011105,47100.82
LN-015297,113042.72
LN-000698,1605.05
LN-008380,410.29
LN-000097,42062.0
LN-016297,478.97
LN-001252,88497.13
LN-002558,89142.11
LN-014069,36558.19
LN-022506,43308.79
LN-025187,20837.26
LN-026920,71747.05
LN-001985,45884.03
LN-027486,164823.53
LN-023122,30578.11
LN-022339,352.99
LN-013723,186560.0
LN-017872,107031.33
LN-023102,138278.19
LN-012229,141167.71
LN-011608,21204.53
LN-020712,2959.76
LN-027950,188424.65
LN-005016,57.9
LN-008208,32642.88
LN-024485,73563.87
LN-012038,171025.88
LN-027790,48327.5
LN-023894,111399.79
LN-023969,290171.89
LN-018772,48327.77
LN-007706,1147.71
LN-004844,1187.2
LN-004819,22370.78
LN-003558,8926.87
LN-013476,34805.63
LN-001941,35046.78
LN-014746,57251.94
LN-023752,89140.77
LN-011200,202786.9
LN-019133,75236.16
LN-026537,177809.22
LN-022613,77208.75
LN-002867,53932.65
LN-012244,2117.53
LN-019570,42398.73
LN-024480,62812.48
LN-023714,23795.96
LN-006932,173.53
LN-015131,59676.28
LN-004910,213481.28
LN-014138,54932.99
LN-006528,2111.3
LN-001467,64383.91
LN-005995,69929.6
LN-018092,27552.92
LN-017616,101894.74
LN-018597,799.79
LN-005382,28324.62
LN-026598,42357.15
LN-009179,93881.16
LN-000306,51719.69
LN-012819,73065.05
LN-022957,63139.75
LN-001359,174047.09
LN-011602,141322.78
LN-026887,7570.15
LN-010651,15450.89
LN-001432,30217.12
LN-001071,9384.15
LN-004745,54775.75
LN-028177,1612.71
LN-011001,26500.26
LN-019840,5042.72
LN-021048,121468.85
LN-023533,165167.08
LN-025640,73751.28
LN-016871,224561.26
LN-002135,47085.97
LN-004294,250661.98
LN-029114,525.02
LN-013120,33475.57
LN-010087,64012.02
LN-002667,62754.34
LN-029217,115127.98
LN-000168,87513.69
LN-018312,2110.93
LN-011998,21560.94
LN-016584,997.92
LN-006991,27991.44
LN-007167,29784.22
LN-013765,57002.05
LN-000129,63727.86
LN-009039,120128.0
LN-007971,98154.18
LN-012931,28947.66
LN-019847,44865.67
LN-028578,156738.39
LN-010297,138086.64
LN-011357,52613.06
LN-018608,29960.72
LN-002597,923.94
LN-016663,118.22
LN-018789,60601.89
LN-005216,25842.9
LN-019791,39749.05
LN-023644,70916.99
LN-020939,34984.33
LN-026526,314635.05
LN-007125,144036.87
LN-025561,51554.12
LN-028906,151925.87
LN-017197,39409.82
LN-013469,2330.79
LN-023621,93731.17
LN-012340,230.9
LN-006824,392.85
LN-012903,66620.66
LN-021767,64935.69
LN-014849,133873.29
LN-023503,2328.46
LN-003905,942.78
LN-018819,67279.52
LN-022163,2101.6
LN-005555,44710.53
LN-001363,46339.01
LN-005713,85702.0
LN-015593,37341.06
LN-010156,108395.01
LN-009755,102554.58
LN-001210,111696.13
LN-001767,1136.69
LN-016173,26435.95
LN-016585,59705.39
LN-021897,61446.34
LN-012392,68959.34
LN-028117,36745.68
LN-018575,149080.28
LN-003523,61460.64
LN-001317,97742.24
LN-018238,181973.23
LN-027833,132577.85
LN-004679,3070.99
LN-021026,1428.76
LN-006685,36019.83
LN-022935,82256.55
LN-017814,401.74
LN-016539,74927.71
LN-012638,156519.13
LN-025387,660.81
LN-026234,45581.11
LN-005883,62976.67
LN-004922,2748.57
LN-012286,53441.08
LN-016102,31247.44
LN-002068,24331.5
LN-000737,57357.34
LN-009776,273902.31
LN-024186,148051.81
LN-011939,29869.93
LN-026022,81546.52
LN-027531,140812.56
LN-013060,186141.89
LN-001338,195756.06
LN-021469,29229.73
LN-015272,118169.83
LN-004558,172521.59
LN-009936,40671.96
LN-028598,57077.79
LN-006621,37090.69
LN-007558,51667.95
LN-026277,143920.01
LN-022594,109560.8
LN-019170,15208.83
LN-020780,264169.13
LN-015671,72042.72
LN-001482,28973.65
LN-024849,61532.88
LN-008649,36653.24
LN-020704,34083.38
LN-013171,21201.23
LN-012000,294467.75
LN-012360,14.74
LN-003130,99436.27
LN-012364,36380.85
LN-000383,6516.26
LN-019679,71959.17
LN-009227,208379.6
LN-026923,36705.96
LN-002549,27296.34
LN-018877,162191.95
LN-019739,54028.21
LN-024005,90802.39
LN-012033,12227.47
LN-028850,75955.79
LN-003464,68865.32
LN-006141,55150.19
LN-018226,67766.37
LN-028074,165888.25
LN-020482,143896.81
LN-001420,148725.48
LN-019501,22991.38
LN-021744,23212.38
LN-021334,27046.76
LN-027680,36170.08
LN-007042,3198.33
LN-023419,7831.8
LN-009952,162390.64
LN-021275,22319.06
LN-006026,213833.0
LN-008685,23481.41
LN-021789,109476.94
LN-003112,21237.47
LN-000476,25391.67
LN-012863,28193.96
LN-018216,38574.09
LN-023180,135286.23
LN-017250,13088.5
LN-019440,87561.66
LN-025698,125055.23
LN-010257,49456.31
LN-013039,175182.52
LN-003227,52348.19
LN-019324,119526.32
LN-020406,41529.02
LN-012387,28885.25
LN-000085,30108.25
LN-017614,74057.86
LN-012568,40392.66
LN-009270,95372.3
LN-016939,305.77
LN-029227,124090.81
LN-022320,80314.05
LN-019691,3598.37
LN-004895,58641.41
LN-007692,107066.49
LN-025123,33727.89
LN-023922,71034.07
LN-020991,111121.91
LN-019188,75616.46
LN-021232,41445.01
LN-017991,752.86
LN-026165,125512.63
LN-029076,209760.56
LN-001656,95362.4
LN-023983,145043.81
LN-025221,32611.62
LN-017957,71042.13
LN-021588,150601.86
LN-008462,125514.8
LN-014457,25880.9
LN-013430,40958.55
LN-002267,161299.1
LN-019353,435316.14
LN-005732,57083.95
LN-009806,147879.38
LN-023312,77996.07
LN-014752,179.96
LN-019053,27772.3
LN-003820,43622.16
LN-024583,304560.48
LN-015372,35352.84
LN-028319,297401.13
LN-026192,131401.82
LN-005126,32915.4
LN-013246,135941.44
LN-020901,1002.61
LN-021872,107482.94
LN-019516,1653.9
LN-011131,60506.13
LN-013901,40950.43
LN-005320,169.22
LN-027728,163023.02
LN-024993,196076.26
LN-009865,957.85
LN-000967,286.03
LN-004872,218373.87
LN-028505,3909.03
LN-004435,145562.06
LN-009374,60493.42
LN-028901,27310.78
LN-018214,3401.96
LN-008820,56875.14
LN-020857,65644.48
LN-027163,1182.81
LN-028493,86150.55
LN-006463,3950.1
LN-020113,10804.97
LN-004677,85369.99
LN-014883,51473.33
LN-009239,35083.68
LN-004020,89022.85
LN-020572,242634.84
LN-012913,8414.56
LN-019096,31546.11
LN-000707,155086.01
LN-020461,16038.68
LN-021533,73895.3
LN-023424,50904.45
LN-011323,145963.36
LN-003978,52546.27
LN-028871,81370.28
LN-013137,2523.19
LN-021665,103444.36
LN-022149,175669.4
LN-022944,37261.53
LN-020468,594.79
LN-026624,63325.35
LN-028845,136637.75
LN-027501,171777.84
LN-003156,1530.9
LN-017320,70694.72
LN-029109,43634.74
LN-023751,167985.83
LN-010904,23160.47
LN-009159,10451.7
LN-025238,162535.01
LN-009461,89635.38
LN-027683,868.0
LN-025744,1289.45
LN-026078,168905.48
LN-011915,9285.36
LN-022497,74011.75
LN-008883,142182.02
LN-018262,569.16
LN-000462,1002.85
LN-027291,41764.07
LN-029063,78622.34
LN-026413,68872.47
LN-012458,58334.29
LN-019707,35301.86
LN-000539,51450.82
LN-009626,160546.65
LN-020071,34739.79
LN-000965,71219.19
LN-003265,113643.29
LN-016952,9829.33
LN-001055,39704.21
LN-028060,130813.68
LN-028313,6302.2
LN-009144,202403.36
LN-002608,45063.92
LN-025693,1623.83
LN-018968,104598.5
LN-001095,23594.65
LN-008415,98506.1
LN-018807,144896.36
LN-012192,58214.74
LN-013165,104389.26
LN-027784,197610.2
LN-026201,392355.03
LN-012861,920.41
LN-006637,151738.02
LN-021270,87363.08
LN-003036,118391.79
LN-009894,147172.24
LN-001112,230078.34
LN-023700,106458.38
LN-005640,8414.42
LN-018317,52104.99
LN-003755,1612.5
LN-029224,115013.31
LN-011760,2774.73
LN-022384,887.27
LN-027204,23025.48
LN-026946,8206.74
LN-026238,40.87
LN-009049,386.11
LN-028014,65364.5
LN-029307,8868.09
LN-029288,36224.2
LN-011524,25686.12
LN-028970,50323.3
LN-016647,94871.34
LN-026972,91798.32
LN-017013,54409.28
LN-026563,80561.82
LN-026938,40224.98
LN-027128,31288.27
LN-005947,56848.08
LN-021449,31798.28
LN-013628,33841.13
LN-016010,32510.71
LN-023020,51138.63
LN-026426,152835.72
LN-001548,80328.87
LN-015053,50866.59
LN-006157,83108.39
LN-002761,68891.81
LN-020358,14055.16
LN-003505,41155.53
LN-016973,42023.18
LN-026465,120539.56
LN-027183,126115.14
LN-019290,134026.46
LN-026485,167591.8
LN-024994,75846.82
LN-028663,38784.6
LN-025012,56300.23
LN-018540,35271.5
LN-008334,42078.83
LN-006478,84597.96
LN-010304,130977.47
LN-017714,42951.8
LN-018213,96947.72
LN-004160,71522.84
LN-002459,60202.84
LN-021889,96792.95
LN-009055,39941.77
LN-027762,20913.98
LN-012228,125076.29
LN-000650,61090.09
LN-016099,26421.1
LN-000205,40862.6
LN-024625,99890.65
LN-006150,153066.08
LN-010375,44029.06
LN-003756,39473.31
LN-005240,60601.74
LN-025599,63450.82
LN-014290,158409.1
LN-002044,44230.97
LN-019387,1212.9
LN-024697,10375.13
LN-003113,24997.8
LN-008386,83659.68
LN-012380,641.32
LN-018548,16962.73
LN-004563,40127.62
LN-026105,123840.38
LN-016532,82716.48
LN-016651,36925.71
LN-000941,3236.94
LN-011230,49307.08
LN-009898,65836.05
LN-009391,106325.96
LN-007700,26994.65
LN-016613,49802.71
LN-001515,65498.0
LN-024660,98774.0
LN-018567,80221.55
LN-008464,750.92
LN-008679,97479.52
LN-007384,87.29
LN-011415,50544.38
LN-028228,111781.91
LN-009548,148612.77
LN-004888,8913.56
LN-019503,806.28
LN-025656,104620.08
LN-012876,14412.76
LN-017662,64688.23
LN-014680,59239.13
LN-006684,135295.34
LN-010887,74630.26
LN-022106,54163.98
LN-020599,175492.35
LN-022383,41881.69
LN-024114,42531.53
LN-008413,11446.12
LN-000761,55494.6
LN-021828,47229.54
LN-013940,1124.14
LN-018537,163237.68
LN-025544,33.21
LN-009322,46338.13
LN-007354,171.15
LN-009333,132444.51
LN-028129,36823.1
LN-003351,99999.86
LN-019258,2316.94
LN-009178,23058.27
LN-016147,29186.99
LN-025551,247.86
LN-012041,10437.46
LN-003782,49848.55
LN-002105,38170.24
LN-007350,82.14
LN-004524,94468.79
LN-025628,198086.32
LN-022644,118352.04
LN-005018,95311.04
LN-028173,27909.16
LN-004897,19904.79
LN-023743,23741.29
LN-018154,88527.36
LN-028305,23269.41
LN-021909,4774.38
LN-008604,124507.66
LN-022358,52914.82
LN-027737,27710.52
LN-017341,105928.49
LN-006442,99626.83
LN-017723,89114.31
LN-012850,222027.81
LN-014313,181617.69
LN-012560,143437.32
LN-024888,31007.77
LN-009740,122115.35
LN-027236,35724.9
LN-013996,93137.22
LN-011657,18122.04
LN-015300,33388.33
LN-001283,80898.23
LN-022397,106594.06
LN-006168,76257.44
LN-025898,24297.51
LN-012473,157182.76
LN-015780,84047.41
LN-018670,65570.53
LN-023611,177344.78
LN-025076,135317.07
LN-001056,62968.15
LN-006734,58724.38
LN-024537,169159.33
LN-029193,940.38
LN-013843,48637.82
LN-025150,1125.61
LN-014374,179082.46
LN-026870,42128.8
LN-014449,234001.64
LN-015205,42262.26
LN-005670,47594.72
LN-001187,187131.0
LN-007985,207091.79
LN-002935,131476.01
LN-015394,49522.92
LN-019342,139033.43
LN-019843,104616.34
LN-024717,83408.33
LN-019109,38187.62
LN-022748,32322.48
LN-025764,87829.03
LN-009489,150390.38
LN-016683,17787.9
LN-005432,231274.04
LN-025329,55.46
LN-010835,64328.0
LN-002515,9598.4
LN-011579,40134.58
LN-016499,104403.42
LN-017107,191357.97
LN-021796,29733.98
LN-004931,16650.22
LN-014226,60797.93
LN-022708,38504.05
LN-012666,37397.14
LN-022713,42055.17
LN-029250,91427.35
LN-021785,94467.51
LN-004766,131187.59
LN-020220,1649.18
LN-014017,26921.03
LN-015806,109302.68
LN-017823,133559.48
LN-004207,44.89
LN-011936,132388.77
LN-004881,65279.65
LN-011066,46150.3
LN-003326,36840.9
LN-016507,2540.33
LN-017916,22434.99
LN-025209,1235.43
LN-000162,33583.64
LN-026274,73730.1
LN-023851,92314.64
LN-001224,228482.47
LN-019954,82411.27
LN-021188,141975.76
LN-018727,52741.02
LN-008146,161410.68
LN-007325,68598.18
LN-026447,35059.17
LN-012394,50277.04
LN-022311,29247.09
LN-009479,47092.0
LN-027565,1392.11
LN-009165,74800.99
LN-026449,233579.99
LN-016152,116877.56
LN-027734,495.09
LN-016874,53799.96
LN-012191,110286.06
LN-006438,259016.11
LN-009407,76666.31
LN-013372,49122.32
LN-026033,59676.54
LN-006101,844.56
LN-006462,48910.55
LN-018332,37161.31
LN-008236,105890.39
LN-022938,170754.17
LN-020080,33930.92
LN-000971,71266.76
LN-023916,14283.22
LN-006858,136321.46
LN-014014,124741.77
LN-007575,68934.6
LN-012200,30522.37
LN-021006,53442.14
LN-001649,21492.44
LN-010080,1861.03
LN-001299,181224.77
LN-011395,76431.01
LN-014653,110636.13
LN-019465,161506.01
LN-012806,124210.59
LN-028237,90873.41
LN-016203,87406.04
LN-018704,66353.67
LN-021673,758.82
LN-018196,84269.45
LN-000873,3596.93
LN-010968,60666.71
LN-019419,189900.87
LN-009416,4800.41
LN-000127,96937.45
LN-001270,130908.13
LN-018838,39389.49
LN-001562,51.57
LN-012053,89864.76
LN-007349,68042.17
LN-011494,53968.73
LN-004342,107953.21
LN-025068,77418.28
LN-020269,46881.75
LN-027989,1066.38
LN-009896,22270.2
LN-009498,7494.36
LN-020020,64366.44
LN-010197,50681.33
LN-006316,197293.64
LN-020464,73856.45
LN-017216,1196.36
LN-027310,619.99
LN-014590,98960.7
LN-026587,986.8
LN-004260,102548.64
LN-026467,114226.33
LN-017834,70953.43
LN-023073,106966.56
LN-008824,123982.83
LN-005055,24258.08
LN-018149,90693.04
LN-025887,53926.22
LN-006263,56795.48
LN-007546,15488.9
LN-017962,103413.34
LN-013150,76841.04
LN-007929,106034.97
LN-014100,35432.61
LN-015014,80014.99
LN-027352,3028.97
LN-004891,391.74
LN-029265,205066.58
LN-029264,66556.17
LN-004545,264838.39
LN-018534,386.81
LN-007011,55670.31
LN-000524,211937.96
LN-017575,54291.01
LN-007218,60430.97
LN-023467,97.61
LN-024910,37513.71
LN-000380,167607.82
LN-009409,21776.4
LN-008331,318677.18
LN-021543,994.78
LN-012043,51.88
LN-014023,63107.83
LN-014466,28219.98
LN-027039,4795.28
LN-010141,56226.02
LN-000512,1978.01
LN-017926,77011.49
LN-024380,55511.47
LN-012125,54604.21
LN-016534,36672.29
LN-027918,63738.75
LN-005446,1027.76
LN-016467,197303.56
LN-009705,84891.44
LN-010472,87648.9
LN-008030,66617.52
LN-007878,52083.45
LN-005054,55622.86
LN-020954,12674.62
LN-020883,72960.6
LN-009263,13422.9
LN-005107,59408.44
LN-003709,3629.45
LN-021912,42.86
LN-026681,70036.36
LN-013352,267010.01
LN-022361,87933.61
LN-025202,56047.07
LN-011496,10.14
LN-007777,32500.57
LN-013078,147230.22
LN-015088,470.57
LN-020862,24742.88
LN-001549,82998.57
LN-007064,116275.88
LN-017301,95114.56
LN-002178,11021.83
LN-026691,66872.67
LN-021786,3077.98
LN-011271,20404.58
LN-023244,72398.81
LN-010944,33579.87
LN-007304,224476.59
LN-029110,86921.02
LN-003008,83843.22
LN-028154,41428.35
LN-022775,164458.13
LN-018687,35073.73
LN-005317,160075.67
LN-029234,102250.28
LN-005897,42063.59
LN-010076,255768.43
LN-024052,2080.0
LN-005417,204290.74
LN-026082,205200.46
LN-017841,33320.34
LN-008474,224394.35
LN-011051,1427.55
LN-007526,185805.6
LN-010914,40963.05
LN-016596,70230.68
LN-002736,45169.01
LN-019527,53061.75
LN-019914,196301.95
LN-022782,94543.13
LN-026706,165556.6
LN-011878,219594.02
LN-025646,106881.48
LN-029299,6260.62
LN-003989,237188.29
LN-018230,37231.4
LN-010358,73992.64
LN-003652,60071.62
LN-005749,30649.03
LN-018650,140206.29
LN-016801,1180.28
LN-007238,51489.71
LN-005445,60465.9
LN-026738,70670.92
LN-022273,66170.8
LN-026128,178857.05
LN-002967,45606.82
LN-025934,817.46
LN-022457,106810.81
LN-024416,12716.46
LN-021485,141650.76
LN-008502,74322.37
LN-002064,226057.2
LN-021547,57845.7
LN-004331,10315.42
LN-008940,161931.3
LN-001160,140003.52
LN-019460,50881.5
LN-009928,766.03
LN-019430,1199.46
LN-002056,238443.67
LN-006518,178174.66
LN-022270,35408.7
LN-006842,180637.46
LN-022051,132281.02
LN-020204,69357.91
LN-022705,60635.63
LN-004599,85.5
LN-027063,119554.92
LN-018435,51923.62
LN-028343,251179.05
LN-004697,41461.04
LN-005790,124603.31
LN-017131,235159.0
LN-026728,228868.22
LN-014635,44471.14
LN-011278,60800.44
LN-008060,446.98
LN-021551,67077.36
LN-018986,65329.49
LN-010439,31233.52
LN-002792,12828.76
LN-027014,145.08
LN-025474,64312.36
LN-013361,65192.67
LN-019984,31845.65
LN-020692,107737.0
LN-027416,81683.17
LN-008912,42932.3
LN-023918,54659.99
LN-023043,4574.62
LN-000376,104474.77
LN-016616,41003.1
LN-001108,95.67
LN-025894,8606.18
LN-014703,104521.26
LN-029201,23651.32
LN-000425,39.17
LN-019854,602.53
LN-029238,38861.01
LN-025069,59360.6
LN-019136,70224.02
LN-002732,204164.09
LN-028027,111697.27
LN-009530,93778.39
LN-006717,56287.9
LN-020180,794.44
LN-010435,22613.18
LN-001441,42706.09
LN-006406,114204.39
LN-020053,98769.43
LN-010518,912.2
LN-001226,71982.3
LN-012071,60923.44
LN-023241,274332.15
LN-029162,2220.89
LN-010019,73091.52
LN-015921,175065.17
LN-016337,59564.2
LN-000846,158454.3
LN-002426,51311.43
LN-015687,87135.92
LN-020130,37743.24
LN-022739,52180.88
LN-011203,103824.15
LN-004754,25962.76
LN-002077,826.77
LN-001003,68249.21
LN-021304,33168.62
LN-028268,481.93
LN-021274,81298.54
LN-004454,141095.52
LN-026194,208862.99
LN-016705,120542.38
LN-004330,1949.84
LN-007408,116497.21
LN-023441,310900.23
LN-002221,188957.24
LN-016631,35962.3
LN-029132,102408.24
LN-009256,128985.7
LN-012446,119779.03
LN-022340,126131.92
LN-004737,28760.28
LN-006623,15504.55
LN-020609,352.09
LN-021919,47451.7
LN-002603,101780.03
LN-028069,4867.17
LN-014468,1592.86
LN-015423,71099.53
LN-005490,72760.54
LN-014516,273664.93
LN-010667,139830.68
LN-023341,44560.38
LN-007453,84043.49
LN-005253,265868.69
LN-011156,66559.75
LN-026524,38444.07
LN-002444,33692.53
LN-021342,142415.89
LN-001516,18387.87
LN-001523,69474.33
LN-008955,34.91
LN-010685,69900.58
LN-005635,224956.36
LN-019568,72095.77
LN-008985,28755.35
LN-002581,48775.48
LN-022727,90880.25
LN-011403,106618.38
LN-000778,236337.82
LN-028342,75251.15
LN-023684,47995.84
LN-021659,134810.81
LN-020138,138707.31
LN-006573,85913.29
LN-002117,226156.94
LN-006452,24116.97
LN-011618,153233.67
LN-005799,59806.45
LN-009837,63329.93
LN-022752,72416.16
LN-003456,219654.3
LN-019509,246777.41
LN-013094,215020.4
LN-025567,432.74
LN-021843,76506.33
LN-003698,290676.72
LN-023717,64.28
LN-015739,131676.06
LN-003123,18837.81
LN-016302,238613.63
LN-005062,63464.68
LN-013014,2755.98
LN-013955,103.4
LN-007567,81557.51
LN-003418,112811.58
LN-020473,976.55
LN-011248,68000.14
LN-009424,92850.65
LN-011360,5798.02
LN-004793,94010.99
LN-001890,3926.58
LN-008370,20239.82
LN-024669,55926.85
LN-029013,7523.01
LN-026453,176805.87
LN-003920,211075.41
LN-013754,261706.35
LN-003478,46.84
LN-023111,107929.04
LN-020394,112581.94
LN-009026,236716.23
LN-027041,25359.52
LN-027457,66729.47
LN-026945,119765.16
LN-025309,433.71
LN-005899,45967.63
LN-015352,32532.22
LN-001799,24864.59
LN-001082,79650.52
LN-020793,44496.04
LN-002763,128578.75
LN-001313,16210.38
LN-003551,57957.85
LN-001885,2013.28
LN-012787,22051.98
LN-010672,106791.88
LN-025006,70182.76
LN-027383,34.89
LN-015837,64406.2
LN-003716,33331.5
LN-022211,8279.45
LN-018089,110766.87
LN-026462,23722.66
LN-009749,20.39
LN-008276,35341.66
LN-019128,150458.89
LN-008617,19772.4
LN-023544,68235.78
LN-010663,116.72
LN-016913,2125.81
LN-020432,54020.66
LN-000029,68534.18
LN-003804,82837.59
LN-023593,84155.36
LN-007733,56275.72
LN-009775,152462.12
LN-001888,1229.68
LN-023632,39341.61
LN-013713,42350.54
LN-005526,52488.09
LN-015904,73399.68
LN-003393,759.52
LN-022135,25194.51
LN-025051,19830.35
LN-010612,76794.6
LN-003600,182467.33
LN-000769,2076.76
LN-009361,71298.14
LN-012778,88051.54
LN-012640,184123.54
LN-026652,25695.97
LN-018014,35.02
LN-003400,97822.81
LN-000933,100787.96
LN-022385,145171.18
LN-013710,85774.36
LN-003466,36501.27
LN-000264,34736.73
LN-008427,113901.02
LN-003969,38326.48
LN-021159,172.65
LN-019883,87672.62
LN-011335,51406.35
LN-002351,101852.22
LN-011983,212216.94
LN-025626,58296.21
LN-011104,70748.64
LN-004733,72159.41
LN-027456,154799.72
LN-024824,28459.79
LN-015636,5353.38
LN-012483,127557.01
LN-024519,32888.72
LN-021708,32541.22
LN-024823,839.46
LN-023770,1382.98
LN-006255,154589.56
LN-028846,32237.76
LN-011483,33981.79
LN-022428,132681.33
LN-010000,197470.17
LN-006532,27700.41
LN-005957,154691.34
LN-015609,86860.02
LN-007406,72285.11
LN-017896,22540.02
LN-029053,35652.29
LN-016599,28278.17
LN-016096,36884.02
LN-003293,46.01
LN-008043,150243.66
LN-006178,63670.3
LN-021109,76732.98
LN-024315,287.51
LN-016430,119010.32
LN-003440,160467.45
LN-001787,63062.54
LN-002853,160867.06
LN-002931,133231.95
LN-011678,112381.01
LN-001009,73671.74
LN-016845,4105.77
LN-024728,6027.94
LN-015411,74.34
LN-011258,60615.07
LN-012004,63743.35
LN-006693,58005.68
LN-000458,838.72
LN-017713,2537.48
LN-026790,3356.89
LN-013242,61350.08
LN-000351,160828.66
LN-010030,173561.07
LN-014478,17221.35
LN-004716,2583.42
LN-016445,63127.35
LN-022368,185770.37
LN-021376,26525.05
LN-015865,581.5
LN-007183,100041.71
LN-029023,115053.99
LN-006404,225957.75
LN-028886,23729.32
LN-026684,95117.49
LN-019644,113552.83
LN-021325,86487.04
LN-026181,33277.9
LN-010154,57510.99
LN-001754,57946.07
LN-002265,161994.17
LN-009308,47139.55
LN-012845,54309.95
LN-023163,22377.89
LN-026642,5528.11
LN-027711,95057.53
LN-014589,207960.06
LN-005872,60730.28
LN-000690,71413.65
LN-013190,5229.28
LN-015793,42820.6
LN-002741,166367.98
LN-013006,687.82
LN-028402,12386.71
LN-008742,78333.53
LN-022298,82514.23
LN-010895,24423.68
LN-000887,29500.11
LN-004093,39938.24
LN-003579,1753.16
LN-023394,236216.57
LN-015871,70312.85
LN-020110,106543.74
LN-005976,143102.63
LN-011540,21232.32
LN-019078,241974.46
LN-012686,25873.22
LN-027973,70665.05
LN-009911,59467.9
LN-017433,78699.89
LN-010756,31740.1
LN-022039,200573.65
LN-024154,865.25
LN-001069,84382.74
LN-023834,52341.6
LN-003692,88511.91
LN-023618,150419.35
LN-025882,2573.93
LN-011703,174598.84
LN-024667,60690.49
LN-021042,166533.35
LN-012822,36031.43
LN-002648,42061.08
LN-011157,20124.12
LN-008378,61793.94
LN-007287,18690.38
LN-013576,32276.26
LN-016783,26100.12
LN-010891,136871.77
LN-019851,16534.06
LN-012154,17482.05
LN-025885,6211.39
LN-011004,12333.43
LN-022058,34199.21
LN-005929,84738.13
LN-012862,53983.28
LN-027606,7192.56
LN-007382,110644.12
LN-007059,119312.8
LN-014428,69680.49
LN-000202,68948.84
LN-018754,213942.23
LN-026921,42305.55
LN-021584,65888.24
LN-029040,2679.6
LN-027260,2492.17
LN-005927,36247.62
LN-023097,115799.43
LN-010942,51691.0
LN-012526,209577.02
LN-029249,62030.93
LN-018150,2699.33
LN-018041,275180.11
LN-024011,67143.34
LN-003309,80974.25
LN-017933,234239.99
LN-022061,114007.58
LN-020626,109870.33
LN-008432,15332.03
LN-022571,71587.1
LN-029270,20.15
LN-027821,116244.97
LN-009994,88834.26
LN-026380,123221.16
LN-025364,12780.7
LN-015055,9996.27
LN-002428,52.99
LN-000368,64337.09
LN-010408,47255.88
LN-023577,26767.5
LN-009405,53165.74
LN-025250,93340.34
LN-013220,52591.43
LN-027269,95388.48
LN-019275,21944.64
LN-006305,153224.31
LN-009232,406415.28
LN-011828,70434.79
LN-028706,134034.73
LN-012506,64764.55
LN-003044,93375.57
LN-015566,84254.45
LN-019287,95351.7
LN-013418,74820.39
LN-015252,18208.17
LN-002585,28369.0
LN-011630,77536.65
LN-019042,55769.8
LN-012805,103712.65
LN-012264,100122.14
LN-023524,26982.12
LN-024101,40232.85
LN-010577,182372.09
LN-026367,2195.66
LN-027284,34470.56
LN-012425,99624.23
LN-023368,8172.48
LN-024305,44969.15
LN-014916,22501.49
LN-012090,12725.39
LN-025460,2299.21
LN-004488,43980.99
LN-014677,26547.87
LN-003815,127579.58
LN-010222,39062.14
LN-027899,114685.0
LN-027618,114274.61
LN-018425,66641.63
LN-018007,1398.95
LN-012224,39130.63
LN-003097,134989.28
LN-025668,77411.38
LN-002289,129107.05
LN-028216,68407.12
LN-008014,42490.73
LN-001757,72935.41
LN-015822,22452.61
LN-012022,61270.34
LN-006158,44820.66
LN-010656,74941.95
LN-016587,7671.46
LN-012198,284379.76
LN-019814,213057.71
LN-007668,176360.15
LN-026178,210417.79
LN-008760,38800.4
LN-022585,31656.03
LN-014630,47283.16
LN-021824,69727.44
LN-014164,11547.69
LN-000297,22389.83
LN-021532,79331.48
LN-014834,184983.3
LN-000004,162261.63
LN-008570,124532.63
LN-011543,34030.35
LN-000250,62828.96
LN-004329,220975.53
LN-015734,122555.89
LN-012276,44050.47
LN-029074,6013.45
LN-004109,96459.96
LN-019265,50345.4
LN-009835,40690.97
LN-013521,23655.1
LN-011945,65.89
LN-011052,21047.27
LN-016710,62387.62
LN-014584,55.1
LN-002061,72333.17
LN-019813,102658.9
LN-000811,24350.71
LN-025487,71749.28
LN-014336,58922.53
LN-018050,44311.01
LN-026852,67978.2
LN-013738,34896.86
LN-014695,17814.0
LN-003201,2499.5
LN-027582,2239.42
LN-016703,59273.37
LN-027496,1837.97
LN-020338,18128.68
LN-018440,161658.02
LN-000957,123567.72
LN-028010,167957.89
LN-026424,220449.1
LN-027458,142976.76
LN-003419,104272.19
LN-002489,108857.92
LN-002798,1194.15
LN-015902,166632.38
LN-021212,100210.33
LN-026250,29354.75
LN-000347,222025.0
LN-027348,139030.05
LN-009473,75101.32
LN-020108,556.47
LN-018991,37089.19
LN-024595,75424.86
LN-028398,40628.79
LN-022842,34490.4
LN-020697,41061.85
LN-014442,53617.46
LN-000226,28562.39
LN-003468,36787.1
LN-009229,73686.33
LN-010703,50595.32
LN-024848,125305.1
LN-023496,219158.69
LN-020655,220952.73
LN-004150,1062.06
LN-014299,814.16
LN-005764,16932.52
LN-010760,148057.47
LN-002023,37913.4
LN-006161,268627.11
LN-001998,27540.26
LN-015876,30721.15
LN-008383,28242.21
LN-000599,90813.8
LN-014048,183475.37
LN-022322,252977.87
LN-024626,813.93
LN-001776,95823.82
LN-027442,20557.31
LN-003046,144.44
LN-020254,148222.8
LN-003750,91581.88
LN-001059,83641.34
LN-021578,222363.46
LN-008902,49168.57
LN-014445,88041.61
LN-000498,17798.77
LN-010453,43186.51
LN-018166,140968.28
LN-022852,312.92
LN-001128,37517.91
LN-013878,16498.94
LN-012831,85726.37
LN-017851,266.43
LN-018167,8943.44
LN-001066,56189.65
LN-021081,43926.19
LN-018048,161100.83
LN-012719,100243.53
LN-029183,57003.83
LN-007141,110727.61
LN-002131,155475.13
LN-028924,60456.05
LN-020191,115576.31
LN-003995,2279.87
LN-027562,40065.95
LN-017037,44079.6
LN-012858,40087.58
LN-005966,172.11
LN-026036,38663.78
LN-025192,64617.68
LN-023050,22444.53
LN-016032,94801.88
LN-018204,22885.51
LN-014534,8873.04
LN-024223,152758.12
LN-014875,218591.58
LN-020081,100270.41
LN-014762,50272.98
LN-001870,54124.05
LN-029034,41540.22
LN-005810,29900.29
LN-001170,283309.66
LN-003649,43284.48
LN-008440,88021.39
LN-006821,47572.1
LN-026296,283.0
LN-018202,70540.84
LN-024206,175954.22
LN-008813,107560.98
LN-015801,34651.26
LN-017138,68171.28
LN-006931,74821.74
LN-008787,36043.4
LN-011958,96646.7
LN-025050,267615.42
LN-001688,49130.91
LN-002670,1231.27
LN-008212,26631.65
LN-024071,54279.42
LN-004127,1065.2
LN-029278,18585.85
LN-013497,42342.91
LN-013731,18639.84
LN-009974,31446.32
LN-011003,11023.09
LN-028864,30567.66
LN-027514,95280.6
LN-006252,152504.83
LN-011079,71537.16
LN-018771,49192.53
LN-008439,72305.91
LN-015607,13067.61
LN-012911,18625.9
LN-027605,154976.08
LN-012930,26815.54
LN-001367,8270.64
LN-011378,4046.23
LN-009527,32607.3
LN-010175,95962.04
LN-005629,98554.82
LN-022791,103224.84
LN-024251,89556.95
LN-013863,53212.27
LN-016248,583.24
LN-010083,36178.04
LN-002336,1484.97
LN-017524,564.9
LN-024550,80873.46
LN-006533,192606.56
LN-001496,91878.47
LN-023202,1003.69
LN-019003,23766.91
LN-007796,90.07
LN-011921,48181.71
LN-021979,190532.41
LN-004354,140976.0
LN-002754,71262.23
LN-025453,3331.76
LN-015639,10761.13
LN-000847,64217.57
LN-003540,72263.79
LN-022523,31866.69
LN-017607,618.71
LN-018514,57021.82
LN-001123,18853.78
LN-012839,57168.6
LN-021219,60.25
LN-000107,123805.22
LN-015356,1404.29
LN-021203,24702.77
LN-002277,113.26
LN-022142,111262.14
LN-027969,45200.97
LN-001632,18315.79
LN-017283,14651.38
LN-027251,195768.06
LN-010511,103856.86
LN-013331,630.25
LN-011990,28877.27
LN-022700,21866.87
LN-026974,65103.57
LN-006241,31298.89
LN-024558,130583.17
LN-004818,449.35
LN-029308,82456.1
LN-003345,51096.38
LN-012633,41395.56
LN-028540,169066.62
LN-024426,24175.09
LN-027159,93616.21
LN-023430,44078.47
LN-017860,25.32
LN-006551,53402.0
LN-015078,24784.96
LN-023098,20233.62
LN-014372,114059.13
LN-029068,32393.42
LN-015163,43931.77
LN-008807,1777.82
LN-016702,79149.76
LN-002139,82946.5
LN-014287,69796.93
LN-023757,81309.0
LN-016796,48799.41
LN-010323,54999.13
LN-023764,26788.48
LN-021605,77689.62
LN-016511,36569.72
LN-013755,63579.18
LN-024739,100256.59
LN-009717,891.1
LN-006115,59290.04
LN-020016,39330.42
LN-025245,2277.06
LN-021890,22608.47
LN-018208,59346.91
LN-008848,2530.69
LN-028520,2295.6
LN-018555,49346.78
LN-006289,194105.6
LN-025308,23355.94
LN-027076,30202.49
LN-008265,165012.42
LN-007748,32028.69
LN-024505,35512.39
LN-028325,6887.32
LN-003931,497.53
LN-002524,73690.7
LN-016272,31603.0
LN-022444,101254.01
LN-016491,150601.65
LN-027634,172245.53
LN-015614,79966.89
LN-019991,31281.52
LN-020858,204421.12
LN-007563,8974.75
LN-014911,58472.36
LN-025644,957.68
LN-019284,25371.98
LN-013776,322.58
LN-001510,118726.6
LN-005183,35622.9
LN-001202,10134.55
LN-005685,6946.9
LN-009482,94442.2
LN-017409,476.22
LN-022065,32378.54
LN-027087,8210.75
LN-016299,112286.84
LN-024479,56996.56
LN-008572,21366.77
LN-004688,69957.84
LN-004941,782.76
LN-004232,43370.84
LN-001844,39088.3
LN-024734,64515.97
LN-014758,170088.57
LN-027412,62690.76
LN-026820,172098.83
LN-010337,2785.13
LN-001213,230730.06
LN-006042,205873.82
LN-013826,73286.27
LN-024817,11600.96
LN-001296,21623.35
LN-016910,64716.96
LN-019715,30801.34
LN-002442,57252.51
LN-023399,81682.09
LN-026335,105952.13
LN-001064,212452.46
LN-014464,97013.11
LN-008515,109517.55
LN-026720,62953.44
LN-015164,169109.23
LN-007732,42170.07
LN-008381,124409.21
LN-013551,34042.82
LN-022684,18334.9
LN-011227,42360.9
LN-021656,220935.81
LN-023330,43478.85
LN-028631,35024.71
LN-012232,51177.61
LN-014943,453671.17
LN-024579,55706.32
LN-019192,36531.19
LN-007633,110609.74
LN-015176,160844.99
LN-004901,151507.35
LN-005129,6648.52
LN-007451,101817.78
LN-025549,151855.83
LN-023372,116448.11
LN-017140,152710.89
LN-025417,45867.77
LN-022877,16120.17
LN-026596,20428.36
LN-014530,2295.69
LN-017650,127285.36
LN-006232,419.18
LN-015777,5897.59
LN-002204,152532.59
LN-002526,57024.0
LN-002703,30241.98
LN-022821,97190.3
LN-004582,39155.8
LN-011383,28893.01
LN-008355,6581.22
LN-005427,90024.06
LN-010519,56227.57
LN-000931,278413.18
LN-023708,48826.26
LN-015606,113347.28
LN-010847,27315.07
LN-002744,67710.69
LN-018045,6539.7
LN-015141,34.79
LN-020686,60277.93
LN-009529,2924.29
LN-020334,144792.34
LN-013527,1665.31
LN-008402,46214.62
LN-016545,1042.46
LN-023638,2052.83
LN-014533,32514.6
LN-016963,27865.53
LN-027622,95607.85
LN-022787,100640.09
LN-000019,354.15
LN-007825,45698.21
LN-025468,61929.41
LN-005595,246276.28
LN-013561,92627.33
LN-009773,82592.98
LN-026469,157488.25
LN-005057,145295.21
LN-021045,88111.87
LN-027616,19018.47
LN-014610,21230.68
LN-009078,19848.31
LN-010740,27961.0
LN-008852,176187.57
LN-000068,143994.12
LN-024004,66574.03
LN-004532,291.42
LN-011679,57810.47
LN-006073,485.86
LN-006055,124012.93
LN-025044,42933.26
LN-016993,45135.98
LN-024733,50954.28
LN-022685,125756.18
LN-021959,114825.77
LN-000016,80910.13
LN-019829,85794.57
LN-013499,715.21
LN-003338,65146.57
LN-020042,114734.31
LN-023692,71691.71
LN-017868,56529.2
LN-005226,184932.19
LN-011833,79188.17
LN-007548,73729.81
LN-012140,2151.71
LN-021486,488.92
LN-024049,7022.35
LN-002831,35540.38
LN-003598,8116.16
LN-012491,154531.12
LN-003429,74686.76
LN-014002,21489.7
LN-013154,147391.55
LN-003096,35755.34
LN-019672,67330.52
LN-026925,96185.76
LN-018363,194322.7
LN-019475,46201.74
LN-025237,51898.97
LN-024844,63840.17
LN-009275,106914.44
LN-001823,36135.61
LN-005766,108608.61
LN-012112,48823.07
LN-023273,23896.99
LN-016586,158878.08
LN-019319,73179.94
LN-016146,35192.35
LN-015715,33426.13
LN-003378,23494.16
LN-005161,28577.54
LN-007469,40631.38
LN-028867,22893.17
LN-018671,623.41
LN-023556,98321.86
LN-013829,4876.72
LN-000780,746.93
LN-014931,149964.54
LN-006014,39591.05
LN-002625,24315.88
LN-026663,36407.72
LN-007297,1128.6
LN-025035,35241.53
LN-015368,100515.54
LN-014241,3634.09
LN-011295,27581.61
LN-028797,71124.64
LN-005292,69514.03
LN-012093,34689.17
LN-026990,169299.63
LN-005186,42477.84
LN-017571,2291.23
LN-004975,43510.57
LN-008497,18565.71
LN-014964,31334.1
LN-011523,21989.88
LN-017384,23616.56
LN-000710,45423.07
LN-019169,3112.39
LN-012742,86071.57
LN-019773,126850.46
LN-022549,128927.29
LN-015727,30389.06
LN-018919,47888.11
LN-022899,16566.56
LN-025200,78731.73
LN-006088,39406.73
LN-004915,73782.13
LN-003628,29252.21
LN-014140,74938.98
LN-002907,384.45
LN-017751,172354.77
LN-007273,105982.34
LN-010905,46799.42
LN-005967,180885.92
LN-027802,38223.02
LN-019408,809.0
LN-003476,1715.16
LN-000910,38244.12
LN-022023,51.12
LN-007589,41998.02
LN-000313,148257.04
LN-004859,138545.95
LN-021693,85905.75
LN-006891,109880.92
LN-018427,71737.42
LN-007363,87121.93
LN-019060,149898.59
LN-008974,36400.32
LN-024132,87113.57
LN-029296,104508.77
LN-015612,62341.89
LN-029271,2435.53
LN-005908,56348.78
LN-013939,45795.43
LN-010243,58298.0
LN-014334,99149.56
LN-014739,61590.65
LN-000241,154320.57
LN-024636,77403.94
LN-008996,244756.68
LN-018778,96535.59
LN-022552,30239.76
LN-008681,135947.47
LN-010459,46034.69
LN-023024,230393.55
LN-012299,78825.88
LN-021863,80549.21
LN-025579,63647.99
LN-016406,61176.64
LN-008945,561.8
LN-015819,32182.81
LN-006303,77544.29
LN-000999,108380.27
LN-014443,41508.84
LN-024181,137399.82
LN-010153,64380.72
LN-003955,62812.24
LN-004671,62229.57
LN-002986,134118.49
LN-009282,141025.43
LN-004738,45091.92
LN-005559,162081.35
LN-027425,33838.62
LN-024023,67379.32
LN-015887,36853.31
LN-009968,132247.31
LN-028673,99274.43
LN-023167,1696.45
LN-026549,1916.88
LN-003089,24065.82
LN-026848,4380.65
LN-029151,44015.05
LN-010005,196680.61
LN-002724,19285.39
LN-002794,49522.3
LN-002422,20.44
LN-008249,37930.0
LN-012324,36934.87
LN-018491,3510.37
LN-005369,126748.81
LN-005217,208031.3
LN-025663,2685.57
LN-002067,33536.73
LN-011619,133299.8
LN-025783,23514.44
LN-022793,81321.18
LN-017366,388492.15
LN-018043,143709.58
LN-015709,1958.54
LN-016785,31769.64
LN-026041,97968.84
LN-014333,266.96
LN-015450,142229.49
LN-021898,118305.71
LN-003833,144976.98
LN-006125,50078.57
LN-020073,299.36
LN-007955,181114.33
LN-017052,125683.13
LN-015156,111646.79
LN-014929,176927.43
LN-002740,188441.02
LN-012794,440.67
LN-024597,30084.8
LN-023711,51116.38
LN-006318,37716.14
LN-022859,81398.44
LN-005401,70357.78
LN-009379,47099.87
LN-021179,140155.8
LN-004299,210.43
LN-025836,49209.9
LN-016650,32258.11
LN-016446,1386.41
LN-016376,76120.73
LN-024359,75154.44
LN-001166,152853.43
LN-007079,2387.11
LN-006796,1317.64
LN-027966,85676.16
LN-007201,266217.65
LN-000506,31465.62
LN-009997,41425.3
LN-011054,36406.62
LN-009557,89949.98
LN-012709,471.15
LN-010722,112153.32
LN-023690,61290.87
LN-017065,18522.89
LN-018865,79494.53
LN-028152,96793.41
LN-024814,25510.29
LN-025755,95490.12
LN-009585,87172.9
LN-017670,33942.44
LN-011734,3213.01
LN-024747,97805.1
LN-016043,26633.19
LN-008510,123801.38
LN-021927,80186.37
LN-012809,73028.07
LN-021681,60364.08
LN-021902,63807.13
LN-003485,73818.85
LN-004155,87808.44
LN-021314,10757.95
LN-004750,110987.97
LN-006279,35076.11
LN-008508,106508.1
LN-028368,27158.36
LN-015712,21873.52
LN-025491,68213.95
LN-000636,29259.67
LN-015305,20741.44
LN-009812,585.93
LN-015239,200023.6
LN-025498,110075.15
LN-024255,202694.83
LN-008041,215080.31
LN-017387,4276.45
LN-002610,67662.11
LN-004929,961.25
LN-000746,105326.69
LN-002497,209625.49
LN-025040,127511.82
LN-006444,166694.81
LN-002658,46215.26
LN-006921,521.69
LN-023322,1284.48
LN-017025,80998.91
LN-023742,130345.72
LN-017125,23671.14
LN-006529,12500.43
LN-009457,158336.12
LN-008599,2170.29
LN-011138,53052.89
LN-029121,76800.35
LN-021635,16074.16
LN-005328,22781.05
LN-009326,70903.03
LN-001143,97264.15
LN-025135,255597.09
LN-025879,115430.98
LN-006628,28888.89
LN-005042,161081.05
LN-025872,295441.3
LN-008575,36339.33
LN-022769,21387.18
LN-026237,1767.67
LN-001316,185595.88
LN-012598,67021.8
LN-022083,49221.26
LN-024120,65992.91
LN-006384,26724.67
LN-006282,98892.54
LN-023854,24285.93
LN-024746,246.78
LN-001588,286686.7
LN-005421,37039.55
LN-017963,5875.2
LN-024884,45097.42
LN-012485,146699.01
LN-023224,88924.58
LN-014574,51827.64
LN-011784,77414.51
LN-013663,183224.72
LN-002274,4147.46
LN-018219,32337.26
LN-011670,31.93
LN-025570,143677.63
LN-022897,5612.23
LN-020489,68011.05
LN-027147,158742.07
LN-001443,72723.92
LN-010218,20860.94
LN-022237,16546.42
LN-015429,130652.14
LN-027307,133990.39
LN-018370,20808.14
LN-000118,8329.16
LN-013529,126454.17
LN-014461,57721.01
LN-018449,24421.83
LN-002368,29969.21
LN-016003,25870.68
LN-022651,122722.78
LN-019431,27214.79
LN-015653,70678.78
LN-004012,3501.07
LN-016850,108125.4
LN-013289,116651.95
LN-013682,64603.61
LN-020596,99447.13
LN-023487,72033.98
LN-016529,27611.49
LN-002588,37160.21
LN-025258,41880.27
LN-019729,88476.31
LN-006994,73293.59
LN-027837,33275.74
LN-008395,80042.49
LN-026215,2133.89
LN-017174,213417.88
LN-026092,173963.92
LN-020511,122245.24
LN-013270,33850.02
LN-009647,62423.59
LN-005507,256652.57
LN-010816,91044.55
LN-004292,123985.71
LN-028941,144868.77
LN-017760,173.96
LN-020779,189007.19
LN-002843,78671.35
LN-009383,75864.96
LN-016447,11462.85
LN-005152,33871.75
LN-025188,86025.29
LN-009186,125130.15
LN-020082,123879.9
LN-011183,71458.45
LN-010796,222575.28
LN-014182,57533.86
LN-024240,129849.19
LN-003615,60595.05
LN-010378,75891.32
LN-008478,136808.58
LN-028954,51981.92
LN-028788,43464.75
LN-011029,3.87
LN-023964,84889.51
LN-028611,32643.76
LN-011746,105649.25
LN-017311,6298.35
LN-000683,71725.89
LN-017451,4489.63
LN-022495,31232.49
LN-015151,61912.27
LN-027028,86457.55
LN-006790,38760.22
LN-015371,83844.13
LN-015550,107704.1
LN-013194,95805.75
LN-025925,4617.9
LN-000105,160302.12
LN-025049,245.38
LN-014393,22.28
LN-013375,19833.49
LN-010931,19.94
LN-013613,50637.56
LN-026114,262328.53
LN-004235,57428.2
LN-019026,107083.26
LN-009359,51453.77
LN-012266,115545.66
LN-016209,35446.7
LN-018716,74360.56
LN-024074,132844.87
LN-007920,128711.29
LN-024421,79902.35
LN-012062,45952.14
LN-008970,129157.0
LN-016775,34597.57
LN-015758,38221.03
LN-005716,51805.32
LN-022230,74687.68
LN-018858,215284.49
LN-028057,32061.39
LN-007072,86031.7
LN-026901,143492.64
LN-006776,60996.82
LN-022021,16283.56
LN-008856,241477.61
LN-009459,24460.57
LN-000597,33447.73
LN-021008,38307.43
LN-011863,75453.48
LN-028051,34923.67
LN-002930,68621.71
LN-029048,195462.17
LN-020613,71933.95
LN-011551,53480.64
LN-027663,132295.96
LN-014240,87948.56
LN-016106,102782.69
LN-015950,1080.23
LN-002990,144602.3
LN-018298,44465.22
LN-023873,44936.08
LN-007291,33206.53
LN-013542,4459.04
LN-011565,107257.24
LN-004916,25068.96
LN-014391,770.05
LN-023595,27898.48
LN-020425,38534.88
LN-013062,25506.34
LN-019934,118711.03
LN-014420,38004.19
LN-024917,10641.78
LN-028926,109496.32
LN-006084,46717.89
LN-022610,77448.58
LN-027797,393.18
LN-025303,93410.47
LN-029146,242470.81
LN-014279,81364.81
LN-017696,110730.25
LN-026321,39255.61
LN-010607,109355.99
LN-001821,40381.24
LN-023318,129189.99
LN-006523,84839.49
LN-026496,37541.19
LN-020933,34322.71
LN-004050,121.36
LN-002760,15891.14
LN-020592,2003.93
LN-018588,122295.8
LN-000431,128431.36
LN-000163,93994.72
LN-011959,136522.84
LN-012630,7338.97
LN-014822,60185.14
LN-027239,32954.5
LN-003275,38267.27
LN-007833,33293.88
LN-003376,20703.0
LN-012467,89333.4
LN-019805,36288.07
LN-004213,57338.59
LN-016506,28699.05
LN-024365,15897.72
LN-026437,452.85
LN-014909,20130.14
LN-024980,91336.4
LN-027165,137193.81
LN-004253,33151.31
LN-001374,83250.73
LN-011937,99462.83
LN-020155,3072.31
LN-011590,38622.99
LN-023670,19865.91
LN-024207,192363.76
LN-013013,119056.53
LN-027218,93559.37
LN-018340,110571.64
LN-010712,91537.56
LN-004816,26922.87
LN-011493,107959.03
LN-019081,95641.25
LN-009303,94091.74
LN-020691,51156.07
LN-002749,37351.9
LN-017079,67994.65
LN-028604,107226.48
LN-007214,94036.54
LN-027947,2659.42
LN-025566,21536.67
LN-002071,448.97
LN-006172,89537.5
LN-015496,970.29
LN-007651,38613.02
LN-006601,98039.14
LN-011293,85215.68
LN-008377,141461.94
LN-002717,164727.67
LN-009307,67953.49
LN-017752,57980.78
LN-001958,1164.95
LN-022125,185015.66
LN-002797,198.53
LN-012002,171871.09
LN-002384,63434.67
LN-021563,80351.25
LN-009368,2297.21
LN-016706,132250.6
LN-009540,94176.16
LN-017092,99706.47
LN-024902,13448.35
LN-008429,55060.63
LN-015486,88086.78
LN-013213,103551.86
LN-019280,69437.08
LN-012559,164199.08
LN-026231,71501.49
LN-000613,181.92
LN-009296,44956.86
LN-027830,4794.36
LN-022711,235113.04
LN-018692,63240.28
LN-012273,55489.18
LN-007280,102673.02
LN-019892,21723.58
LN-023793,1249.25
LN-025021,57602.27
LN-011511,100560.59
LN-019683,60661.51
LN-007770,84542.59
LN-025683,2238.25
LN-028409,1127.76
LN-017979,76497.99
LN-014504,61645.79
LN-013474,34617.07
LN-006063,323.15
LN-006186,42253.71
LN-017816,38660.31
LN-010970,61344.4
LN-028142,83889.54
LN-002911,12743.72
LN-005601,122797.52
LN-008878,761.85
LN-005028,130491.96
LN-027114,38131.63
LN-000261,1428.28
LN-005309,54156.27
LN-026796,52.02
LN-025519,69116.19
LN-019345,85980.64
LN-023280,209261.2
LN-029105,34967.59
LN-026086,167862.4
LN-021267,138295.97
LN-018817,37608.59
LN-001646,13996.34
LN-004590,27528.36
LN-005608,1374.65
LN-020527,6037.65
LN-018697,395634.85
LN-000023,41256.44
LN-005433,71945.66
LN-012120,34039.34
LN-021030,145159.3
LN-027313,125537.88
LN-008138,61676.17
LN-025451,145009.94
LN-004421,657.71
LN-002800,20873.54
LN-009092,26312.43
LN-025276,43977.94
LN-019115,17775.31
LN-003822,359560.52
LN-009334,42140.43
LN-007760,3500.63
LN-022912,36682.38
LN-020062,23204.45
LN-007320,62619.19
LN-017946,23750.08
LN-004119,13.71
LN-015383,481.95
LN-014573,32244.85
LN-007970,120019.84
LN-001487,32017.5
LN-023765,32740.51
LN-028786,80879.12
LN-014029,2709.32
LN-007728,17105.62
LN-008736,22832.25
LN-011231,65111.77
LN-006426,35794.27
LN-024622,72.5
LN-016116,68828.71
LN-006827,197794.36
LN-022463,77014.17
LN-001615,36002.72
LN-021073,31703.58
LN-000036,157088.68
LN-014191,163456.32
LN-002731,184898.71
LN-026558,213562.63
LN-008881,1234.23
LN-024162,47338.3
LN-018321,126310.74
LN-008070,61628.24
LN-010526,7712.9
LN-004972,42992.07
LN-028123,61848.17
LN-009048,97928.58
LN-017318,205917.62
LN-021732,72776.39
LN-028407,664.53
LN-003454,2653.46
LN-005340,1419.11
LN-005031,53094.3
LN-003829,53274.56
LN-018763,135111.92
LN-028978,129473.72
LN-006577,1118.87
LN-028179,186610.22
LN-010353,147049.99
LN-002881,205829.04
LN-022013,84169.75
LN-007827,234539.32
LN-023724,70791.13
LN-016359,165261.18
LN-028078,135567.95
LN-005185,65557.95
LN-012488,40768.73
LN-024866,113204.27
LN-010580,4293.61
LN-028654,42228.96
LN-016265,44635.66
LN-010418,75249.01
LN-005545,93647.54
LN-009782,74054.57
LN-013191,301823.73
LN-014081,250.37
LN-009496,34913.12
LN-015323,118519.92
LN-016327,220939.83
LN-008991,6575.88
LN-013323,37853.3
LN-009050,35081.2
LN-012421,98187.79
LN-008114,55731.19
LN-015076,88022.84
LN-028615,428.3
LN-015895,74881.27
LN-006375,164.66
LN-010130,132971.83
LN-026018,1000.89
LN-008369,24134.31
LN-016083,72711.57
LN-012891,70982.5
LN-020395,65372.34
LN-005467,72980.32
LN-023737,125022.66
LN-020595,106641.1
LN-011566,1004.79
LN-024021,111561.98
LN-006177,2529.55
LN-010010,22377.99
LN-008099,54840.85
LN-024938,168462.27
LN-010473,6001.58
LN-006023,912.91
LN-017877,4440.31
LN-019369,142651.55
LN-020302,86021.13
LN-000632,2777.04
LN-004805,94832.64
LN-019714,14452.28
LN-004396,255234.54
LN-010229,33400.32
LN-026996,50576.7
LN-026863,117138.77
LN-006726,71690.65
LN-003657,41545.06
LN-001145,2451.81
LN-011648,105274.41
LN-006530,100536.76
LN-008157,119266.78
LN-005082,78525.14
LN-003415,144673.88
LN-000119,94746.61
LN-020370,44332.43
LN-015682,54536.33
LN-013460,428.87
LN-012219,30453.73
LN-019613,157374.54
LN-016553,1139.73
LN-018664,98556.92
LN-005392,1150.92
LN-023291,575.07
LN-014678,240400.06
LN-020646,2622.73
LN-020446,24725.32
LN-001952,2126.63
LN-011749,60557.46
LN-004967,7344.82
LN-018438,36608.4
LN-007193,37071.86
LN-015684,96336.41
LN-023112,150966.49
LN-027130,40048.72
LN-009430,33.46
LN-009366,1915.31
LN-025977,29092.76
LN-027813,66086.04
LN-013780,2197.28
LN-010838,90684.36
LN-005036,39043.09
LN-013577,35504.14
LN-000475,137051.89
LN-022218,48998.57
LN-007798,3474.48
LN-016576,116881.44
LN-005710,205255.58
LN-029106,16974.02
LN-012091,171331.75
LN-020617,183115.78
LN-005362,165869.37
LN-007483,41310.0
LN-003601,1674.92
LN-014078,4577.22
LN-016799,125586.21
LN-001910,69451.49
LN-018004,37385.11
LN-018691,198106.31
LN-014244,9655.29
LN-024263,2283.85
LN-003209,95196.47
LN-002820,199990.57
LN-024765,68614.66
LN-018894,144485.29
LN-022258,551.18
LN-016326,82001.13
LN-018231,88892.49
LN-026696,2292.93
LN-013690,96639.29
LN-024718,59971.01
LN-017740,3664.97
LN-009054,1686.12
LN-017610,41151.98
LN-028651,174022.97
LN-000046,94141.77
LN-008203,52797.12
LN-027148,95353.7
LN-020559,93757.18
LN-000074,113827.69
LN-003217,47988.19
LN-024143,46862.53
LN-014526,1314.15
LN-026363,42799.11
LN-013988,79371.03
LN-010461,19.85
LN-016863,36090.73
LN-003174,92840.16
LN-016462,201191.45
LN-024414,41698.1
LN-017044,27580.02
LN-014284,62592.66
LN-028534,67802.8
LN-028563,37.73
LN-002199,114600.27
LN-021370,63520.81
LN-020776,84468.15
LN-026451,64098.15
LN-010161,273698.94
LN-021276,37736.51
LN-022206,64315.77
LN-018889,283842.5
LN-013918,1208.98
LN-001919,104990.88
LN-024279,63132.0
LN-002416,25464.09
LN-018505,178507.58
LN-012039,195439.74
LN-007474,132331.87
LN-026338,15201.81
LN-005573,265786.45
LN-014255,47176.24
LN-020407,31606.11
LN-024950,150156.62
LN-010410,66777.56
LN-024080,85470.39
LN-002282,189864.44
LN-021719,81229.14
LN-004110,40341.57
LN-016630,18740.24
LN-015956,66795.65
LN-024544,988.85
LN-001265,78899.65
LN-016852,80713.34
LN-024302,75716.78
LN-013986,51513.25
LN-012385,1246.56
LN-018013,127490.39
LN-014599,870.46
LN-027001,208524.7
LN-008901,118639.28
LN-000730,109.06
LN-005928,49904.77
LN-020772,271261.1
LN-000053,18538.21
LN-013771,167587.6
LN-017883,37889.14
LN-016638,94871.52
LN-007925,110962.36
LN-026949,594.15
LN-007278,2070.47
LN-011343,78060.68
LN-025229,22275.53
LN-014205,161395.69
LN-011713,48523.53
LN-022445,66427.01
LN-021305,1157.52
LN-001137,55236.04
LN-012407,58624.46
LN-002677,103376.07
LN-008368,21842.37
LN-021242,230709.09
LN-009543,94642.32
LN-008838,94713.98
LN-021414,122498.83
LN-000831,68447.05
LN-018886,73708.86
LN-015896,189773.68
LN-019474,85203.51
LN-017170,106151.57
LN-024332,166551.5
LN-007355,87429.65
LN-005543,1384.04
LN-017189,39666.7
LN-006644,14711.39
LN-020677,2166.04
LN-002672,63192.06
LN-001718,69143.97
LN-028535,39713.88
LN-025654,87999.17
LN-002380,220144.75
LN-012606,1011.1
LN-015538,64288.59
LN-005609,131069.53
LN-001385,41721.11
LN-023780,112796.52
LN-018666,132011.84
LN-023228,64751.48
LN-016853,44793.74
LN-001948,72.87
LN-025102,1899.2
LN-014337,323180.4
LN-018083,88624.71
LN-020208,2226.59
LN-012406,38472.85
LN-017323,96656.11
LN-004551,78103.29
LN-013327,70874.04
LN-012349,83053.94
LN-009621,3587.76
LN-013847,142666.02
LN-026236,70486.16
LN-013519,146723.2
LN-009524,91765.4
LN-009772,79925.57
LN-005279,128284.85
LN-015331,66020.81
LN-001026,237.45
LN-025785,5033.6
LN-014654,84321.68
LN-020581,432.19
LN-002046,24061.66
LN-009570,158060.93
LN-019657,174.58
LN-027181,73823.55
LN-014763,150633.14
LN-026965,22741.46
LN-020672,68772.34
LN-019427,728.86
LN-003737,173199.74
LN-020731,5772.43
LN-015241,71578.44
LN-024184,273237.31
LN-004010,98814.17
LN-011064,97892.88
LN-001536,35940.81
LN-019930,3394.37
LN-008777,38292.3
LN-008726,16342.68
LN-005521,83125.31
LN-018901,140511.14
LN-029287,12359.02
LN-010805,449.31
LN-019667,981.82
LN-006597,63799.22
LN-016478,131607.67
LN-017735,77397.53
LN-002205,172936.91
LN-023212,75921.73
LN-022250,390836.48
LN-013703,66913.06
LN-021493,96430.25
LN-016525,240615.4
LN-024981,131034.43
LN-007097,2484.17
LN-002947,147774.77
LN-002829,90846.32
LN-010649,147158.78
LN-025142,102.82
LN-020522,80577.24
LN-028860,129675.97
LN-012359,136886.94
LN-013846,65597.88
LN-021393,70183.33
LN-005380,45833.22
LN-017750,75272.49
LN-019980,58834.73
LN-016402,43523.78
LN-014093,201430.6
LN-023439,95702.98
LN-015005,141845.52
LN-013411,123254.18
LN-019493,14729.8
LN-023242,1296.61
LN-015692,928.32
LN-018318,21267.26
LN-025771,55001.86
LN-024581,33629.56
LN-011506,122887.44
LN-002355,203178.18
LN-010966,42858.91
LN-014247,120856.05
LN-015066,136824.12
LN-004114,186756.59
LN-012393,35839.79
LN-011268,41927.02
LN-003892,375.65
LN-026328,119631.95
LN-023785,16573.62
LN-013296,81242.31
LN-011728,238756.39
LN-009163,511.23
LN-014025,2898.0
LN-015925,80772.79
LN-015808,37548.05
LN-026141,120774.2
LN-010765,31597.96
LN-021327,1472.16
LN-006308,197263.85
LN-006967,362385.89
LN-007665,1475.89
LN-011236,49199.01
LN-005296,60990.55
LN-013695,141453.42
LN-014669,63144.83
LN-018681,58378.69
LN-008112,78376.38
LN-006405,89027.08
LN-025756,77614.16
LN-012227,1602.4
LN-027623,140005.86
LN-010490,37.36
LN-000364,86405.98
LN-015829,25309.42
LN-000951,325.81
LN-010431,21285.72
LN-020219,27058.7
LN-026477,1358.36
LN-002964,114219.97
LN-023065,68312.04
LN-022071,36216.86
LN-007523,599.4
LN-028516,74.86
LN-028783,1286.5
LN-000305,166931.5
LN-018379,668.44
LN-029182,140825.85
LN-008362,28150.69
LN-001033,70905.56
LN-010642,60256.16
LN-011466,64644.52
LN-000182,97792.93
LN-006750,111955.15
LN-006440,55963.47
LN-025233,535.31
LN-015215,59511.35
LN-001373,110568.14
LN-018393,105147.41
LN-008987,114379.71
LN-025995,14898.58
LN-027985,33435.0
LN-009380,184638.03
LN-027868,94734.94
LN-000561,1122.16
LN-026868,613.13
LN-008715,1146.93
LN-003208,29691.16
LN-013670,134837.95
LN-015399,140005.1
LN-005357,42866.44
LN-026545,27.51
LN-024006,30905.11
LN-013689,269871.68
LN-022079,87717.02
LN-002181,66759.38
LN-028376,142190.32
LN-025921,2056.85
LN-008712,130268.41
LN-012492,5484.3
LN-022520,109606.95
LN-023891,5398.46
LN-029282,60.3
LN-004410,88438.86
LN-005652,186629.89
LN-024215,205923.81
LN-011174,80179.33
LN-024465,57.79
LN-012821,49640.7
LN-022544,320.66
LN-021727,88.48
LN-001558,234287.77
LN-008452,167913.14
LN-029086,35778.9
LN-024037,4598.17
LN-016137,75739.43
LN-023146,46063.01
LN-009468,37236.05
LN-025341,42269.02
LN-009105,69816.75
LN-003662,46004.12
LN-024374,73323.2
LN-007389,2125.83
LN-025725,73.32
LN-002594,19512.12
LN-011647,67674.69
LN-021400,131747.4
LN-019202,33280.97
LN-001597,107841.35
LN-026373,41909.48
LN-026896,244370.27
LN-013891,64783.94
LN-021630,25420.32
LN-008771,1840.74
LN-022219,125345.52
LN-017177,133666.61
LN-016781,612.24
LN-001560,47795.92
LN-022760,81210.99
LN-008176,43.74
LN-010050,62655.06
LN-008079,66151.28
LN-013125,8348.78
LN-013864,61778.01
LN-028052,2161.24
LN-014058,53019.36
LN-009090,152738.29
LN-006968,25804.02
LN-000494,75983.04
LN-002757,45168.18
LN-023641,622.26
LN-000885,94363.08
LN-001669,3542.27
LN-014165,656.51
LN-012040,324.38
LN-012424,117393.54
LN-017683,70568.54
LN-004799,72053.42
LN-009283,9706.95
LN-001426,94685.88
LN-000484,89672.7
LN-017108,225562.73
LN-021234,134123.94
LN-014488,148042.34
LN-019609,103276.31
LN-014838,160586.42
LN-004535,117759.88
LN-019578,24857.16
LN-027930,215219.48
LN-008571,38114.01
LN-025542,75155.4
LN-003178,108271.02
LN-005488,52985.78
LN-015722,62855.72
LN-010795,27785.03
LN-011424,37361.27
LN-000011,185043.36
LN-020914,45366.59
LN-028366,141301.63
LN-018437,94562.67
LN-006024,27722.4
LN-008607,31249.53
LN-013271,81645.98
LN-019447,162790.3
LN-020060,95605.52
LN-019975,66018.94
LN-020823,48645.02
LN-022580,57398.68
LN-001881,62939.18
LN-023718,59975.2
LN-027176,53479.67
LN-007826,1113.42
LN-002134,67485.15
LN-029029,960.42
LN-025536,98499.13
LN-007477,40018.65
LN-015899,880.01
LN-023974,82094.74
LN-015942,119266.9
LN-003352,67244.44
LN-018275,173091.44
LN-016448,60421.64
LN-007559,2694.11
LN-012437,143.45
LN-007621,74453.85
LN-028626,32240.07
LN-001658,17617.42
LN-019690,39.53
LN-021946,44009.84
LN-002657,173.96
LN-028498,12303.44
LN-009517,103388.98
LN-021170,141144.38
LN-000473,140098.71
LN-021892,202338.62
LN-014320,124565.32
LN-013586,38895.8
LN-020094,51.06
LN-008118,154182.28
LN-012077,30994.02
LN-015203,250524.6
LN-027449,99808.57
LN-005974,310236.67
LN-010315,153372.14
LN-009858,2956.33
LN-001690,88712.75
LN-021200,91113.22
LN-026576,226422.89
LN-022329,194346.02
LN-014487,192012.26
LN-019198,36759.77
LN-025113,80236.04
LN-021930,39063.47
LN-013058,75954.59
LN-003733,33046.34
LN-004817,94117.83
LN-023082,307.79
LN-010332,137661.55
LN-002895,58566.44
LN-008727,204929.74
LN-014742,83957.69
LN-021769,127964.6
LN-006777,82626.65
LN-013326,102771.04
LN-015032,17342.27
LN-021879,37329.28
LN-024741,164037.24
LN-025186,35053.05
LN-010301,36584.49
LN-025173,483.11
LN-004175,1413.41
LN-002055,41.51
LN-023214,34061.93
LN-026679,119325.65
LN-022141,33642.87
LN-012469,100185.72
LN-007261,65608.72
LN-010147,51734.98
LN-024903,90979.26
LN-001450,107933.29
LN-010579,68465.24
LN-002660,7371.81
LN-026922,59846.73
LN-024774,53114.7
LN-019735,113662.93
LN-012546,90503.74
LN-023194,36754.22
LN-016370,1602.63
LN-003819,43704.51
LN-003890,17507.49
LN-023086,104859.74
LN-025923,110261.8
LN-016429,102608.92
LN-010481,20027.22
LN-011059,788.82
LN-024576,117253.96
LN-029263,89787.56
LN-022777,147083.5
LN-018450,30577.05
LN-023649,16725.9
LN-011492,20784.41
LN-008743,176.63
LN-021964,84410.65
LN-016283,143564.84
LN-020310,32184.17
LN-022907,1045.75
LN-028853,46347.97
LN-022646,5801.6
LN-001100,32874.77
LN-024891,83266.95
LN-015647,870.38
LN-000320,112.57
LN-022639,46384.64
LN-025411,10807.78
LN-009559,91746.75
LN-009513,69708.77
LN-004506,96833.7
LN-008424,30677.21
LN-006677,40723.03
LN-003611,18759.85
LN-025637,63322.93
LN-025165,787.32
LN-000282,71068.05
LN-012549,13316.09
LN-022553,47461.8
LN-019105,112730.53
LN-003793,39730.28
LN-012073,43367.17
LN-028259,18613.64
LN-007140,30609.1
LN-002883,43988.5
LN-012939,94475.93
LN-003104,335.44
LN-025769,126956.98
LN-015536,81671.72
LN-002249,94620.0
LN-020397,162620.13
LN-003212,92606.02
LN-022019,20111.8
LN-022564,135678.18
LN-025359,37664.51
LN-004498,29421.88
LN-026614,2400.85
LN-000179,33911.24
LN-017691,30020.4
LN-004921,5251.34
LN-013978,125580.71
LN-005612,24508.15
LN-028190,163028.57
LN-008806,21373.11
LN-021623,52835.28
LN-015254,18007.4
LN-025289,77604.85
LN-023100,70597.2
LN-021553,59693.08
LN-003524,347035.76
LN-025941,1404.83
LN-015627,177628.46
LN-023010,139854.3
LN-011199,47645.62
LN-005871,37204.75
LN-020804,76319.55
LN-011707,151293.5
LN-023843,27418.36
LN-010743,28670.0
LN-025987,87021.11
LN-016391,124749.62
LN-002376,83641.5
LN-026815,137615.38
LN-026978,158482.15
LN-023948,48526.15
LN-001866,172546.76
LN-022053,341.72
LN-005202,204384.76
LN-009895,22875.76
LN-004705,84225.07
LN-019495,32725.93
LN-019817,58698.64
LN-007584,60582.16
LN-020508,34954.94
LN-002237,27485.36
LN-008691,111840.6
LN-002330,34445.44
LN-010834,39643.26
LN-002643,66472.34
LN-028354,99902.49
LN-001262,2635.81
LN-028821,34287.8
LN-007986,116993.54
LN-015452,69635.9
LN-022138,63030.43
LN-001867,78308.62
LN-025557,72646.83
LN-019564,2791.03
LN-024889,126102.15
LN-008982,39399.43
LN-019573,27833.84
LN-018521,17241.72
LN-005642,135177.8
LN-010362,1642.22
LN-020512,365.85
LN-027330,2001.59
LN-002860,31610.0
LN-022480,508.6
LN-009645,62369.29
LN-000630,163647.71
LN-027436,47353.94
LN-016333,68932.01
LN-019911,98518.33
LN-003667,56560.77
LN-015519,202115.38
LN-021331,55562.71
LN-021794,131001.52
LN-016667,1550.27
LN-012443,159200.56
LN-014892,67104.17
LN-020880,53258.39
LN-015766,3581.09
LN-020554,69854.45
LN-024325,91707.42
LN-010893,60193.18
LN-004565,71545.64
LN-027325,128107.49
LN-002431,1986.62
LN-019441,132166.62
LN-003038,25125.15
LN-000956,216084.62
LN-011344,66111.71
LN-000526,853.39
LN-024992,45543.56
LN-000661,3680.05
LN-007138,104508.82
LN-015473,69752.01
LN-022126,60400.65
LN-018845,90849.34
LN-008904,243.37
LN-022359,1641.12
LN-019444,120225.74
LN-010768,198250.16
LN-021715,64472.15
LN-012768,68154.67
LN-029283,18997.4
LN-011322,110949.82
LN-022151,12449.15
LN-027653,26205.69
LN-024423,1722.15
LN-018953,24513.95
LN-001854,2649.35
LN-017270,82883.79
LN-012530,7572.87
LN-013101,219973.75
LN-011605,84116.14
LN-008842,31788.19
LN-003618,217035.89
LN-004129,147248.31
LN-026386,32179.31
LN-018182,135205.33
LN-003329,34177.0
LN-025958,14152.95
LN-004338,74037.58
LN-023521,65937.46
LN-006039,35905.78
LN-015599,30527.14
LN-019661,174930.39
LN-006138,2133.94
LN-020828,337.81
LN-009641,63043.73
LN-022507,94263.84
LN-019932,81.21
LN-028669,20505.15
LN-000195,38768.29
LN-003139,12361.71
LN-015085,107859.6
LN-015558,768.98
LN-000991,40158.7
LN-022059,33194.9
LN-022342,12432.76
LN-011676,166054.49
LN-008851,143256.87
LN-019579,178865.98
LN-007680,2301.41
LN-007165,4905.61
LN-010525,36426.45
LN-024256,110648.36
LN-005755,32825.92
LN-026375,82191.11
LN-022318,91363.93
LN-009264,95446.46
LN-020447,99258.31
LN-016810,86938.87
LN-011432,31299.42
LN-005413,2955.37
LN-015248,156739.49
LN-002856,116986.41
LN-008606,31155.8
LN-018093,105381.56
LN-014997,2408.0
LN-017684,34687.24
LN-009886,31855.14
LN-008180,41389.68
LN-009258,785.33
LN-001301,212078.38
LN-018009,77752.18
LN-007513,68374.09
LN-006480,48229.11
LN-019582,416418.08
LN-011150,1622.35
LN-000234,1466.31
LN-027197,33735.66
LN-004022,93876.67
LN-000216,46966.28
LN-011774,29393.77
LN-019194,165712.07
LN-006837,61562.76
LN-017180,70353.9
LN-003459,71538.13
LN-005167,48901.67
LN-003908,20.79
LN-011642,66288.33
LN-027648,31855.38
LN-020421,29583.58
LN-024986,136858.66
LN-008027,2092.92
LN-001348,29442.35
LN-009330,132861.27
LN-026809,201107.45
LN-026143,71944.36
LN-027318,1257.75
LN-020202,84641.6
LN-028588,92769.54
LN-028861,66033.78
LN-025762,1530.15
LN-020171,167764.05
LN-011967,34684.99
LN-028583,107823.63
LN-014356,40946.45
LN-026639,87.97
LN-021936,151797.88
LN-015796,2496.58
LN-015931,88042.65
LN-015287,76161.67
LN-013971,114655.95
LN-027289,69016.5
LN-012965,137136.84
LN-013943,119149.53
LN-010710,116289.5
LN-029044,88770.19
LN-013311,238160.11
LN-010349,95123.84
LN-029016,54595.83
LN-028593,11213.43
LN-018036,136560.35
LN-021161,146193.2
LN-022622,115008.79
LN-013004,45739.65
LN-019587,3022.3
LN-020885,113394.3
LN-011041,66066.24
LN-020931,128119.86
LN-013465,80600.88
LN-003146,41052.54
LN-013295,166825.67
LN-015125,112370.91
LN-015753,694.29
LN-017849,96850.09
LN-002062,36741.15
LN-011194,60424.81
LN-015960,71024.39
LN-011614,68.94
LN-022768,20635.67
LN-023910,503.75
LN-020031,158570.04
LN-029173,57001.82
LN-026522,8464.59
LN-022352,63000.98
LN-025893,23784.39
LN-015903,128136.76
LN-005737,37827.27
LN-002902,87599.58
LN-027591,1947.32
LN-001845,1793.04
LN-017817,327044.81
LN-018058,42605.97
LN-016357,202041.1
LN-016558,111001.4
LN-003344,18.07
LN-019572,129836.89
LN-000063,4356.99
LN-023126,74834.37
LN-017269,192549.75
LN-026076,221465.83
LN-013750,90841.41
LN-018171,49770.02
LN-026817,247445.78
LN-012150,52490.65
LN-003596,110245.8
LN-005006,34754.75
LN-015470,144218.34
LN-023729,36960.82
LN-008655,80105.13
LN-026446,4443.78
LN-028215,32441.88
LN-019590,40167.65
LN-004030,66053.19
LN-021290,114238.68
LN-022364,31837.65
LN-022286,147902.16
LN-008790,26916.25
LN-023661,65055.22
LN-005331,91312.83
LN-007937,40330.89
LN-021531,58309.91
LN-017229,42402.28
LN-002575,80185.3
LN-013719,40652.81
LN-003975,24.15
LN-009342,45944.43
LN-028956,16582.15
LN-000587,72355.63
LN-006261,100056.39
LN-021128,119705.78
LN-018535,119103.57
LN-017819,51351.36
LN-003533,27.67
LN-004107,39374.5
LN-008074,75785.8
LN-027877,125216.23
LN-012110,53466.16
LN-009354,34.95
LN-022452,3844.89
LN-011917,22655.55
LN-001744,212267.76
LN-025611,1243.38
LN-013198,561.78
LN-022067,24510.58
LN-015067,151735.23
LN-013845,105541.62
LN-006587,37930.53
LN-015858,122557.65
LN-005276,21784.42
LN-001937,34511.87
LN-006629,1952.22
LN-025891,177267.9
LN-022962,42.51
LN-009741,997.91
LN-006222,161244.82
LN-025166,955.39
LN-006054,20322.14
LN-011389,44218.04
LN-011668,28644.7
LN-009902,3981.66
LN-022683,54752.24
LN-016522,82907.93
LN-029126,17962.29
LN-020500,224629.1
LN-016526,70663.95
LN-003797,70.26
LN-008274,43.9
LN-005281,52710.4
LN-012570,25015.83
LN-003202,30088.87
LN-022939,166179.79
LN-005486,50767.66
LN-026330,54244.07
LN-001756,75717.71
LN-028773,158598.46
LN-028627,45228.62
LN-006007,76444.32
LN-018921,54775.0
LN-000959,26087.39
LN-023667,174427.04
LN-024778,129209.16
LN-023880,87783.63
LN-026874,106865.63
LN-027932,3161.49
LN-004082,17611.75
LN-025768,103970.55
LN-011771,122213.08
LN-004137,74107.22
LN-013288,32400.73
LN-023586,8405.51
LN-010254,118667.35
LN-015049,80458.46
LN-019671,90452.25
LN-017106,118396.21
LN-008678,84557.61
LN-012811,799.74
LN-000718,70865.9
LN-016296,31343.32
LN-005234,40085.01
LN-012740,34341.58
LN-003553,6645.0
LN-020476,3897.53
LN-014411,268845.27
LN-010620,11420.84
LN-017215,36654.61
LN-000601,72847.86
LN-012173,30863.6
LN-028838,56140.55
LN-014252,42061.66
LN-014794,31805.72
LN-000238,17733.26
LN-020131,27368.66
LN-015012,51201.1
LN-028486,7876.54
LN-004525,72693.66
LN-007803,124606.49
LN-001354,59356.14
LN-014722,173004.77
LN-007792,5639.51
LN-019297,30540.49
LN-001028,6396.48
LN-024798,138451.07
LN-026294,6535.59
LN-013984,20435.03
LN-022248,95.79
LN-000974,77043.41
LN-007794,156089.34
LN-015257,165632.78
LN-027981,78649.24
LN-004349,93324.7
LN-000398,36126.88
LN-011385,24.37
LN-011894,40130.13
LN-013697,121393.94
LN-013200,35050.52
LN-000700,37355.5
LN-025403,2505.68
LN-009821,171206.41
LN-023727,66030.97
LN-022117,30528.94
LN-006479,570.31
LN-023852,185714.18
LN-003616,2662.39
LN-011831,125178.58
LN-004384,77798.69
LN-026369,45291.15
LN-000298,39046.16
LN-014852,28657.58
LN-025860,112468.04
LN-010263,72613.7
LN-014643,655.01
LN-005671,66940.32
LN-002813,50172.92
LN-000080,40140.43
LN-014760,58835.65
LN-021530,117092.98
LN-008328,120456.36
LN-001294,59657.89
LN-001199,152401.62
LN-024118,48952.27
LN-026659,13990.39
LN-004234,75954.13
LN-014639,32248.3
LN-005220,13197.22
LN-011147,105091.4
LN-015812,1994.42
LN-002315,37.32
LN-011409,574.37
LN-007842,64283.32
LN-029144,12918.79
LN-006811,2108.31
LN-004238,313.34
LN-005414,55375.3
LN-005698,49801.05
LN-028283,18840.08
LN-003543,39146.44
LN-009017,81498.37
LN-017014,46379.41
LN-013973,61752.26
LN-000892,78708.25
LN-028029,54736.88
LN-026284,116974.55
LN-000184,87216.58
LN-023007,28249.87
LN-026147,999.58
LN-014111,4142.45
LN-022921,2138.05
LN-025874,20781.69
LN-010280,171626.25
LN-004493,74975.34
LN-015713,151502.48
LN-000834,132444.93
LN-024759,172910.53
LN-017284,33765.09
LN-017706,35.15
LN-020603,243.54
LN-015242,69897.36
LN-014954,25.09
LN-004182,91066.34
LN-028939,18928.03
LN-027346,4488.65
LN-018467,59485.51
LN-020746,63475.43
LN-026042,880.25
LN-025030,84571.13
LN-001923,26809.68
LN-023263,108751.49
LN-001708,25157.53
LN-027631,184541.71
LN-026986,1896.3
LN-026586,213795.99
LN-019651,37900.36
LN-013760,78670.67
LN-002248,54407.25
LN-006013,100595.63
LN-024415,190389.91
LN-028991,19834.86
LN-028557,72694.94
LN-007098,179921.23
LN-006800,174594.99
LN-009320,32905.04
LN-019858,512.68
LN-004038,194344.36
LN-012253,195905.09
LN-013877,69507.24
LN-021544,33761.28
LN-005726,72770.25
LN-026641,50744.24
LN-028963,205645.01
LN-008503,135425.21
LN-026730,142.7
LN-006401,49060.54
LN-009194,40429.46
LN-005089,192820.78
LN-004664,82932.53
LN-006908,68996.61
LN-002244,37197.2
LN-005480,26401.16
LN-003458,125304.34
LN-016991,129588.53
LN-005827,89392.75
LN-005838,67112.56
LN-005262,128672.29
LN-004424,3850.24
LN-023365,77520.75
LN-012143,51974.0
LN-017543,100730.3
LN-010343,107285.74
LN-029266,36559.55
LN-011901,24091.32
LN-004630,21550.25
LN-019818,81420.51
LN-024722,106727.68
LN-006655,43187.01
LN-015891,103762.7
LN-008191,127343.24
LN-009170,153864.92
LN-001739,1740.01
LN-001397,1165.74
LN-019969,204121.79
LN-003964,24266.22
LN-026754,67425.75
LN-022031,34432.43
LN-019534,19293.4
LN-003007,107156.84
LN-026719,50380.8
LN-026805,150722.71
LN-018885,27144.02
LN-026729,26059.75
LN-016857,41888.84
LN-019311,202542.98
LN-028314,148618.38
LN-020941,51594.65
LN-012682,99025.26
LN-013041,91124.56
LN-006256,110184.74
LN-017093,22018.22
LN-003167,72228.05
LN-027195,1224.75
LN-001714,93812.64
LN-007637,460.04
LN-001594,29953.82
LN-023447,93464.75
LN-024082,67788.26
LN-020537,76824.32
LN-007851,39326.23
LN-020668,1572.2
LN-009199,159361.58
LN-001573,136329.66
LN-018615,21.93
LN-006102,33678.93
LN-027846,837.77
LN-004529,87244.13
LN-018574,18180.1
LN-002156,179236.48
LN-008577,179344.1
LN-020400,126081.68
LN-019768,43003.09
LN-027198,118935.74
LN-005965,67308.85
LN-028250,128967.27
LN-019316,18449.54
LN-016387,209522.47
LN-028794,7341.92
LN-002917,157226.56
LN-005289,164962.38
LN-008394,112504.85
LN-025353,46085.28
LN-008925,36123.49
LN-026879,68172.34
LN-028041,27756.67
LN-000348,70715.48
LN-006710,166386.82
LN-005346,72766.35
LN-009983,65126.95
LN-025294,143081.91
LN-021817,16113.29
LN-027143,72780.22
LN-000505,1109.72
LN-012114,30742.34
LN-016424,3879.49
LN-023981,19113.53
LN-020753,28128.59
LN-008426,50730.22
LN-005656,5042.44
LN-023795,72607.41
LN-011243,35800.81
LN-003694,18784.6
LN-027755,156.77
LN-022712,59902.04
LN-009572,24.22
LN-025386,1617.95
LN-006627,22117.99
LN-020699,73552.51
LN-028059,115947.63
LN-009013,774.1
LN-017141,1241.83
LN-029158,85136.92
LN-020715,185590.94
LN-011262,110886.55
LN-024350,57.49
LN-005193,542.18
LN-006646,2460.69
LN-023412,21506.33
LN-011298,46832.67
LN-006483,61178.07
LN-002927,71143.01
LN-011643,95229.33
LN-011452,33996.89
LN-010864,4033.8
LN-014291,240.9
LN-022542,42177.67
LN-010052,22530.9
LN-017869,148528.75
LN-012776,47550.76
LN-003641,104274.84
LN-023332,83340.35
LN-018353,38312.98
LN-020649,43830.24
LN-026998,65516.93
LN-012489,1561.83
LN-010626,54045.15
LN-026020,26295.88
LN-026372,45733.88
LN-024974,67407.84
LN-018891,77899.42
LN-005449,34701.65
LN-003191,88675.16
LN-019598,61315.66
LN-026578,1584.77
LN-025939,38246.46
LN-022179,73896.77
LN-009625,1992.04
LN-000090,49.87
LN-013236,126982.19
LN-011316,326473.59
LN-011586,25630.28
LN-023656,158824.95
LN-003620,76635.88
LN-020485,22400.11
LN-023426,24111.01
LN-028219,208950.15
LN-020945,98793.75
LN-028905,80297.55
LN-027057,21415.56
LN-024784,53511.72
LN-015510,642.26
LN-020876,39317.54
LN-016719,61878.28
LN-009271,1166.51
LN-016212,78273.79
LN-005623,171001.11
LN-003876,77743.92
LN-017514,100246.73
LN-000416,42427.21
LN-015996,62740.65
LN-025008,32.53
LN-022736,335.7
LN-011091,169390.84
LN-025635,4438.34
LN-019972,34635.28
LN-014706,2774.88
LN-012226,68730.96
LN-008954,36959.65
LN-020736,2901.97
LN-007096,72658.13
LN-013650,95982.07
LN-011943,37835.77
LN-024461,164179.33
LN-013974,131819.0
LN-010916,169915.6
LN-005035,140443.73
LN-005556,90946.81
LN-010578,22937.81
LN-015046,158050.02
LN-014811,145306.28
LN-005295,131142.13
LN-024221,563.34
LN-002996,32388.85
LN-002314,174.18
LN-023053,2666.0
LN-021415,95421.59
LN-005939,844.99
LN-009694,128242.05
LN-028877,94910.12
LN-014856,10200.08
LN-014930,76686.23
LN-012279,44816.03
LN-011508,42304.3
LN-007580,113801.17
LN-013457,151597.08
LN-009556,246574.8
LN-017654,304166.17
LN-019917,6496.03
LN-007150,24188.13
LN-027810,74793.71
LN-015006,78548.0
LN-009827,30398.18
LN-010318,31983.51
LN-001781,124227.74
LN-021658,787.92
LN-012395,100416.1
LN-013674,18248.05
LN-010977,51613.37
LN-027322,200661.97
LN-007284,56780.29
LN-017778,173161.44
LN-012190,133717.12
LN-000108,90771.91
LN-015283,80231.68
LN-023606,123897.56
LN-027065,43222.01
LN-004983,104453.57
LN-015448,990.88
LN-015675,34017.57
LN-026831,104285.0
LN-014984,43.23
LN-016042,75357.29
LN-011635,34978.43
LN-011401,42947.33
LN-006136,137621.82
LN-003588,126853.16
LN-024318,64972.99
LN-007779,42827.35
LN-002780,19705.69
LN-019448,53097.16
LN-027592,659.83
LN-025709,135293.09
LN-021278,106472.12
LN-012929,49019.33
LN-006003,79456.35
LN-018054,47653.87
LN-020990,104645.34
LN-019238,113640.6
LN-015309,128564.96
LN-012576,69762.69
LN-027011,48672.22
LN-024536,125963.94
LN-024252,27243.54
LN-003527,95118.12
LN-023490,123153.13
LN-019451,88298.21
LN-008505,30335.03
LN-017078,111331.36
LN-013849,78826.18
LN-019937,42924.16
LN-027702,147299.73
LN-017315,45911.34
LN-022527,76035.65
LN-008179,77352.44
LN-000796,163094.22
LN-028760,61630.82
LN-019606,81023.39
LN-000278,74176.49
LN-020790,52.42
LN-018897,291900.29
LN-023450,31973.95
LN-008500,168736.06
LN-028295,36210.76
LN-013735,949.2
LN-022238,46587.78
LN-021260,139826.09
LN-023008,20028.77
LN-028601,2440.35
LN-019429,128959.38
LN-005410,84203.33
LN-001868,296528.03
LN-008695,1492.67
LN-026623,206719.65
LN-026797,114877.36
LN-014886,59913.34
LN-004548,41144.22
LN-006301,98595.16
LN-005915,18389.8
LN-022491,56033.23
LN-002728,113835.33
LN-026869,68859.36
LN-012914,60932.54
LN-014010,1469.76
LN-015770,37849.38
LN-026483,219985.0
LN-023002,184518.43
LN-009804,651.8
LN-016383,131185.72
LN-027992,127570.48
LN-001763,148089.73
LN-005603,26812.29
LN-023635,69972.79
LN-015026,908.01
LN-009566,65863.08
LN-017031,98458.06
LN-028975,55001.25
LN-015418,2640.74
LN-015769,15931.66
LN-000837,2861.95
LN-021594,232412.75
LN-018750,8799.39
LN-029122,30912.34
LN-001532,67942.12
LN-018984,87764.09
LN-004074,72705.59
LN-004502,6181.37
LN-014316,93454.57
LN-016380,550.38
LN-023427,3244.29
LN-021837,30466.27
LN-016557,53901.15
LN-002374,3642.73
LN-016234,242891.71
LN-022522,127030.48
LN-024927,166080.4
LN-026243,189626.56
LN-005580,97.56
LN-021736,1148.07
LN-003477,54.15
LN-024451,825.33
LN-015706,44873.91
LN-000327,154610.04
LN-007890,100718.38
LN-016486,87443.01
LN-007254,39553.72
LN-008128,101.51
LN-016167,33690.24
LN-021831,708.19
LN-008850,353.09
LN-022977,27.59
LN-000461,140876.54
LN-019423,66549.51
LN-021766,107943.79
LN-002861,842.73
LN-010123,110452.4
LN-012550,227158.65
LN-026602,93336.58
LN-017417,49089.0
LN-018346,33467.03
LN-017167,112836.18
LN-018917,239242.8
LN-019803,58411.38
LN-015700,36078.05
LN-022487,23552.65
LN-010508,22247.97
LN-007841,17111.32
LN-017182,844.42
LN-018700,227701.63
LN-019877,42340.61
LN-016597,82779.44
LN-026777,251269.55
LN-013887,99733.07
LN-002866,215479.75
LN-012738,157881.74
LN-014298,127.57
LN-027450,1575.49
LN-010868,1046.16
LN-003341,60047.34
LN-008123,2410.73
LN-005278,24187.31
LN-019888,93061.31
LN-002710,40824.73
LN-009673,172045.37
LN-002161,158792.5
LN-018486,96059.19
LN-004953,25473.56
LN-016885,140900.89
LN-024967,81237.49
LN-008261,35656.52
LN-015194,48200.75
LN-015982,146179.25
LN-015202,161486.77
LN-025742,87915.98
LN-029199,140382.84
LN-026595,1533.75
LN-024503,3179.91
LN-012670,128760.43
LN-012677,37831.45
LN-007210,105638.25
LN-005315,63255.59
LN-016849,87.28
LN-029285,27184.25
LN-018508,133644.02
LN-007979,53410.25
LN-013281,198447.48
LN-027664,145712.16
LN-010402,53169.79
LN-012463,73050.29
LN-026199,56397.79
LN-014015,94794.7
LN-016071,86667.48
LN-020211,97708.9
LN-015894,20703.57
LN-002674,75791.11
LN-022221,94556.85
LN-023520,181873.37
LN-020541,21500.7
LN-004559,19.46
LN-017911,131122.19
LN-007428,59962.17
LN-012604,136702.28
LN-003207,65055.39
LN-026360,12253.22
LN-000676,47655.37
LN-005163,95084.25
LN-001358,157937.77
LN-028270,59948.74
LN-011426,40714.39
LN-016497,19383.96
LN-000285,34475.88
LN-009700,145578.39
LN-016931,171962.29
LN-021848,105362.29
LN-008814,57465.02
LN-002407,36847.86
LN-021542,18788.03
LN-026285,54359.78
LN-011468,445.31
LN-020268,103813.01
LN-019468,2510.28
LN-018728,26611.8
LN-012310,8734.04
LN-012255,56810.34
LN-000055,1732.77
LN-022509,665.18
LN-027224,184760.61
LN-003228,39181.97
LN-024525,164758.15
LN-024896,160975.33
LN-014268,23385.9
LN-003983,79388.45
LN-028348,230348.05
LN-002945,72589.15
LN-016556,116930.42
LN-023755,3775.53
LN-011770,30.69
LN-009396,1793.62
LN-016641,45497.53
LN-008626,180462.85
LN-003099,66104.99
LN-016210,558.61
LN-019823,60005.11
LN-024919,120195.35
LN-016809,181167.11
LN-020629,181933.23
LN-008365,43654.18
LN-016487,245856.02
LN-020884,49861.2
LN-007622,29838.83
LN-007026,114147.97
LN-011297,9636.55
LN-013118,178573.7
LN-023936,1044.95
LN-006433,183452.5
LN-005098,233789.49
LN-009251,74863.06
LN-029107,208174.42
LN-008160,127519.75
LN-022213,85760.52
LN-001173,29958.18
LN-007216,4510.28
LN-020161,103.67
LN-013655,224535.61
LN-012094,1489.42
LN-001973,1234.66
LN-008957,1152.55
LN-028711,173885.89
LN-026814,69919.94
LN-007867,140049.21
LN-013365,49874.75
LN-014925,56.63
LN-020315,26527.16
LN-000977,217739.84
LN-017243,18770.75
LN-013803,93566.55
LN-027090,90758.8
LN-028207,116511.31
LN-007429,960.78
LN-020203,164654.38
LN-027890,199179.16
LN-026123,36264.89
LN-029178,36319.25
LN-010750,67148.59
LN-003744,584.28
LN-025711,79574.93
LN-008642,34846.48
LN-016293,89455.32
LN-009472,765.57
LN-018087,63487.98
LN-029260,33787.9
LN-011081,90620.81
LN-023398,11358.34
LN-022724,27615.78
LN-020467,696.9
LN-013787,290.53
LN-001567,984.21
LN-019719,62638.94
LN-005772,32755.15
LN-027853,6811.61
LN-016224,146581.75
LN-009181,183791.84
LN-022849,108086.18
LN-015361,160807.74
LN-021402,87011.71
LN-014037,984.16
LN-015017,87240.98
LN-005969,44412.73
LN-011982,30639.25
LN-000688,14089.17
LN-027256,38313.36
LN-027275,86298.59
LN-028753,66735.52
LN-005958,156930.4
LN-001079,41323.9
LN-018931,73682.12
LN-003369,377.79
LN-023188,1156.4
LN-021860,78646.2
LN-028916,67077.83
LN-025907,18758.98
LN-012315,62112.39
LN-028095,288.66
LN-000352,114012.77
LN-008106,71301.98
LN-027803,75652.77
LN-001696,23314.02
LN-015667,35555.61
LN-019483,125451.19
LN-019118,64112.56
LN-028332,33809.22
LN-003538,110097.63
LN-028661,72084.5
LN-023408,2642.77
LN-020624,38216.58
LN-027231,104177.22
LN-003499,32622.4
LN-009826,43124.18
LN-015080,43744.24
LN-008324,8352.16
LN-015404,51463.0
LN-001976,34870.5
LN-023698,100572.38
LN-006215,64220.79
LN-023961,121398.14
LN-015886,523.79
LN-023529,32870.79
LN-009592,145352.08
LN-010047,24921.89
LN-011531,106673.16
LN-011849,95617.86
LN-018892,29253.74
LN-001698,228681.1
LN-006331,35.83
LN-001882,80435.51
LN-020810,97215.92
LN-003679,143614.15
LN-011238,134646.56
LN-011461,71170.7
LN-022780,20.35
LN-006916,301398.98
LN-027054,98952.67
LN-018263,171229.0
LN-029225,111581.6
LN-018085,1881.6
LN-018381,1011.53
LN-020270,125100.27
LN-017430,76279.27
LN-000300,58681.65
LN-019772,173950.23
LN-017002,96159.43
LN-011789,120613.22
LN-001996,61471.67
LN-001742,28826.08
LN-002502,134025.18
LN-012484,77662.11
LN-005110,20790.63
LN-020959,2141.58
LN-019673,96640.31
LN-000781,24732.78
LN-008989,75423.74
LN-026977,179833.7
LN-001984,50977.85
LN-026644,84601.35
LN-028044,41506.76
LN-016219,142834.23
LN-019650,87357.89
LN-013614,65862.02
LN-017148,76418.38
LN-026979,23336.03
LN-016344,165044.66
LN-005762,86207.67
LN-009183,2902.16
LN-000471,2626.67
LN-026463,527.73
LN-023255,24764.85
LN-018814,71957.66
LN-027827,68841.54
LN-009803,128625.07
LN-002366,32710.43
LN-027922,35228.96
LN-012727,42154.31
LN-003549,130586.63
LN-018551,26079.93
LN-012672,94553.82
LN-004185,326065.74
LN-015359,14581.11
LN-001601,2119.27
LN-008632,80773.6
LN-003786,130539.65
LN-003325,64822.73
LN-022189,39710.91
LN-019492,178503.19
LN-001356,42649.24
LN-005273,72127.26
LN-017560,44418.79
LN-015031,107963.18
LN-025031,104019.75
LN-014528,99925.66
LN-019769,90769.22
LN-021494,80889.07
LN-002098,29021.03
LN-016398,33954.08
LN-005347,273492.53
LN-011346,1622.12
LN-014979,63647.25
LN-002094,48229.92
LN-003149,19642.38
LN-015337,31393.89
LN-029228,63493.46
LN-029240,18567.04
LN-010029,63155.98
LN-006615,33.77
LN-024840,27449.19
LN-007905,21760.13
LN-020861,196235.82
LN-025574,44065.2
LN-028185,782.28
LN-021436,112031.07
LN-026064,161994.1
LN-000207,30462.97
LN-010138,196821.21
LN-023359,202443.43
LN-000749,56415.33
LN-028338,96740.79
LN-017477,144229.56
LN-004368,183982.35
LN-023909,150999.16
LN-019816,32747.4
LN-000854,357.3
LN-016786,191921.28
LN-022315,41347.78
LN-009130,72811.76
LN-003960,50804.17
LN-017910,63382.96
LN-007898,198957.12
LN-018856,60095.14
LN-009214,98795.85
LN-019404,7811.95
LN-026480,49163.8
LN-025390,142744.64
LN-009371,267.97
LN-010631,158190.7
LN-022140,159817.87
LN-029125,217307.23
LN-007951,9067.61
LN-006265,177375.81
LN-018977,39656.14
LN-001018,34166.32
LN-016006,140418.67
LN-017266,51661.32
LN-018749,101895.97
LN-015434,1828.53
LN-010665,63803.76
LN-003525,164.46
LN-002827,62306.72
LN-017795,133740.28
LN-006557,48401.89
LN-016972,187859.21
LN-010167,24337.7
LN-025475,117328.64
LN-021088,7896.45
LN-007849,1686.26
LN-027083,26202.72
LN-006694,40345.82
LN-007030,4085.52
LN-005384,62529.56
LN-007395,134633.83
LN-016548,103058.22
LN-019794,92285.34
LN-011094,85147.91
LN-017392,39229.47
LN-025273,85777.56
LN-020115,1026.18
LN-023549,100963.34
LN-003689,129672.75
LN-014922,72490.43
LN-011106,85240.46
LN-006845,72894.43
LN-010025,84500.22
LN-014780,28016.95
LN-010545,71443.69
LN-000906,257790.85
LN-013852,71861.18
LN-013751,76986.05
LN-013985,62462.92
LN-008980,59887.33
LN-006825,84714.18
LN-004104,48324.02
LN-013251,136725.65
LN-013556,48063.11
LN-003723,164839.94
LN-009817,57709.73
LN-022276,30219.43
LN-003423,44209.52
LN-009369,62175.72
LN-029088,50212.15
LN-010095,36831.47
LN-004141,257521.76
LN-023633,104549.35
LN-009961,49195.08
LN-017365,229693.78
LN-022301,57274.26
LN-015237,96950.9
LN-010963,73012.56
LN-004585,103729.25
LN-009219,1220.39
LN-008235,378.63
LN-005943,104.92
LN-028213,1742.66
LN-013757,74421.36
LN-021171,877.93
LN-014671,98481.58
LN-015001,151965.15
LN-013155,101553.7
LN-020608,81023.59
LN-001104,33752.78
LN-028400,93684.49
LN-013612,95401.36
LN-011047,59546.64
LN-001909,59791.52
LN-002177,3099.58
LN-013595,15344.21
LN-029165,99928.01
LN-020801,68975.9
LN-016979,58930.65
LN-002008,29021.47
LN-009431,127530.59
LN-014991,197939.88
LN-009708,31573.26
LN-020383,39015.04
LN-011726,27103.84
LN-026836,58956.05
LN-001177,35211.92
LN-027157,92097.76
LN-024260,3459.07
LN-012612,190205.04
LN-000344,79612.83
LN-007764,34099.71
LN-020547,142885.23
LN-009420,69040.09
LN-027347,24251.23
LN-002252,188736.51
LN-018086,39874.13
LN-028012,81533.84
LN-023444,233404.65
LN-017552,8751.67
LN-011301,38945.31
LN-014865,37118.77
LN-017224,58.6
LN-008007,64426.4
LN-001647,128865.19
LN-003898,116445.18
LN-015441,41107.78
LN-022081,82773.36
LN-022080,87010.06
LN-012940,335.57
LN-014982,134552.97
LN-025490,4457.48
LN-027588,542.22
LN-008672,68752.56
LN-015166,32463.95
LN-018783,277287.7
LN-026944,108060.14
LN-018661,69867.27
LN-004866,68143.63
LN-027248,157401.71
LN-024456,208077.47
LN-019343,150015.98
LN-024573,50211.23
LN-011338,7362.86
LN-003324,34096.98
LN-028820,767.51
LN-010079,50146.83
LN-004219,49743.63
LN-003589,83799.54
LN-019669,33117.9
LN-013512,85827.26
LN-023517,186698.96
LN-022796,28932.7
LN-002933,36831.15
LN-019457,3883.22
LN-019630,44560.36
LN-021054,106952.92
LN-004309,3885.03
LN-022732,172443.39
LN-001819,35422.98
LN-014658,61130.3
LN-013648,4745.59
LN-004016,19032.62
LN-006690,170609.27
LN-013571,259.81
LN-014362,173930.97
LN-021467,164454.45
LN-010801,53245.27
LN-016904,151107.64
LN-027103,32036.99
LN-020588,113611.28
LN-000017,715.36
LN-015217,206835.38
LN-022372,20728.03
LN-011187,133845.75
LN-027872,11606.61
LN-001983,1609.12
LN-013836,189716.88
LN-009300,57447.25
LN-012508,13.77
LN-018002,23867.3
LN-019689,25078.88
LN-021193,73643.16
LN-005411,73805.25
LN-020392,85272.79
LN-010699,102434.72
LN-020888,33828.85
LN-008621,1862.24
LN-002193,32655.12
LN-009653,182473.52
LN-023037,45374.47
LN-002295,135847.83
LN-009084,1865.47
LN-009727,35929.43
LN-003614,282756.66
LN-005542,256831.81
LN-024677,45646.95
LN-008530,56137.5
LN-014150,21542.66
LN-014825,85741.81
LN-012644,138902.91
LN-006221,63483.75
LN-007687,171510.35
LN-024015,93687.09
LN-007351,33.86
LN-009515,69738.33
LN-003871,38670.21
LN-015157,61670.46
LN-005206,16010.2
LN-000109,20286.92
LN-023481,21769.43
LN-011816,55970.65
LN-011696,104273.55
LN-028929,50208.5
LN-009224,72714.09
LN-027539,43730.79
LN-017308,29765.09
LN-022162,67716.18
LN-014853,66639.7
LN-009373,62222.24
LN-011284,292.79
LN-010036,32728.44
LN-000304,44552.14
LN-000645,1094.36
LN-013794,2763.9
LN-000924,216796.62
LN-025809,36812.81
LN-011570,126993.61
LN-026491,37904.72
LN-002340,1194.53
LN-027506,218130.56
LN-027278,5450.77
LN-013709,34250.77
LN-014544,17423.89
LN-004418,94595.66
LN-012381,26709.88
LN-018035,762.53
LN-002382,69311.37
LN-028940,159779.46
LN-000835,61774.03
LN-027175,29660.13
LN-028742,129068.52
LN-017376,107113.44
LN-011020,112944.41
LN-019422,62169.73
LN-024402,3682.62
LN-018909,20711.72
LN-003370,1149.07
LN-007577,40822.15
LN-028981,113982.1
LN-023217,65059.34
LN-002453,78127.46
LN-024387,143807.97
LN-005221,92755.07
LN-024860,119790.71
LN-000066,66765.7
LN-025926,95327.46
LN-018329,123539.01
LN-001661,147176.01
LN-027253,108303.09
LN-012964,94721.51
LN-003941,88596.63
LN-017256,151729.76
LN-012808,157568.29
LN-028789,3871.13
LN-023697,31890.89
LN-019201,25707.42
LN-019910,903.24
LN-028359,19588.96
LN-027688,52197.02
LN-021975,119325.7
LN-008264,1391.55
LN-023201,30727.66
LN-002788,170054.42
LN-020263,206409.64
LN-001847,97660.04
LN-007839,278778.85
LN-018730,914.33
LN-004072,257.56
LN-005242,146634.32
LN-000151,133268.65
LN-011652,59503.88
LN-027900,64558.76
LN-017265,44724.92
LN-006849,34724.53
LN-024353,67712.59
LN-023830,130077.48
LN-007522,99584.54
LN-012704,114413.99
LN-005848,62439.41
LN-024286,12147.15
LN-009785,37725.98
LN-026153,85028.34
LN-029150,26793.65
LN-022566,24234.11
LN-003534,31634.79
LN-007228,129212.27
LN-002040,114172.31
LN-002962,8257.77
LN-011255,115231.7
LN-014423,577.08
LN-008266,2438.75
LN-005443,59636.6
LN-002150,94097.81
LN-011620,196921.78
LN-010455,48265.99
LN-026866,45094.64
LN-027713,19517.31
LN-002733,270932.01
LN-016609,49847.06
LN-025242,147459.02
LN-023436,296944.82
LN-029177,186049.77
LN-000185,33542.83
LN-019171,9562.07
LN-016015,115945.98
LN-006912,39426.5
LN-003270,3812.83
LN-000183,2511.96
LN-020123,28902.14
LN-025932,84359.34
LN-011324,36964.74
LN-019880,491.64
LN-023349,71239.7
LN-024330,37031.33
LN-025956,31103.18
LN-027725,86776.52
LN-002721,154179.99
LN-023410,28527.54
LN-010625,72687.01
LN-002100,70284.15
LN-016737,70322.92
LN-000192,137178.6
LN-029019,106515.69
LN-029186,50886.33
LN-025077,147726.74
LN-012431,100041.23
LN-016385,21905.52
LN-018293,59195.78
LN-010066,43290.05
LN-001302,128874.28
LN-019360,63459.93
LN-017681,2099.08
LN-020558,64727.49
LN-026512,39755.7
LN-025122,34725.03
LN-003009,39292.98
LN-007882,63788.01
LN-015666,173471.23
LN-002685,70698.25
LN-017299,23456.79
LN-019246,100658.46
LN-016450,167993.88
LN-027630,84563.04
LN-011072,35957.61
LN-019731,170138.03
LN-003071,163267.81
LN-022992,984.09
LN-020029,76302.15
LN-020544,24276.89
LN-014479,8251.24
LN-027836,72955.97
LN-026880,155201.37
LN-000395,2390.93
LN-013139,919.16
LN-008910,49051.0
LN-001512,106467.35
LN-010908,37938.63
LN-003121,159220.39
LN-005889,66433.63
LN-009211,34804.29
LN-010436,20483.85
LN-005582,31725.97
LN-001427,184284.18
LN-017008,35522.37
LN-019631,30062.74
LN-012296,98718.37
LN-027444,42293.64
LN-007695,143246.97
LN-007277,176819.25
LN-005339,257.72
LN-013341,43238.04
LN-006606,28883.59
LN-011122,44609.29
LN-012624,88404.01
LN-013283,52040.97
LN-024816,116720.4
LN-026302,92243.56
LN-016701,93891.75
LN-001971,50529.68
LN-024829,37074.39
LN-001620,2307.26
LN-007381,57393.33
LN-019211,35873.73
LN-019069,1778.21
LN-012318,181082.87
LN-005860,117813.48
LN-010099,92909.01
LN-001249,31232.49
LN-027430,135185.18
LN-001382,155.38
LN-010896,2367.83
LN-020827,44466.72
LN-029083,133361.42
LN-028765,44745.61
LN-024968,1644.44
LN-014283,1334.44
LN-011447,53835.25
LN-008611,105448.13
LN-010573,23034.33
LN-002210,46180.93
LN-011133,62314.68
LN-011517,116266.47
LN-021363,98844.52
LN-018680,61759.59
LN-009798,60828.58
LN-021838,192514.2
LN-022302,34949.46
LN-028024,2540.27
LN-013507,47495.23
LN-020792,92980.2
LN-010112,24231.65
LN-012218,70313.44
LN-012754,205752.91
LN-002887,140303.58
LN-027910,198686.27
LN-016549,86286.52
LN-008675,76562.03
LN-000100,62523.92
LN-017856,147948.22
LN-009193,86444.77
LN-016717,64930.97
LN-001058,1731.25
LN-019008,97679.43
LN-013290,92759.19
LN-019756,162705.99
LN-017782,39013.92
LN-012353,62.4
LN-005368,1295.06
LN-020246,98245.87
LN-014769,25259.82
LN-002408,196205.62
LN-019025,39084.46
LN-023815,108539.88
LN-019204,68165.26
LN-018457,42721.46
LN-013769,18028.11
LN-016899,82401.5
LN-010922,1565.45
LN-027470,52978.48
LN-018927,30.8
LN-023347,45394.33
LN-005349,89536.04
LN-008414,36440.8
LN-013857,21943.08
LN-026087,263902.29
LN-017582,52324.6
LN-027095,186469.41
LN-010510,7112.99
LN-006719,115579.91
LN-002812,153912.73
LN-018038,76364.36
LN-017598,106030.87
LN-001175,96425.0
LN-003939,41756.93
LN-008673,31879.39
LN-025855,28128.64
LN-005017,247.26
LN-027053,307239.12
LN-005683,725.18
LN-005780,103839.36
LN-004911,153620.36
LN-015660,172576.61
LN-026011,104698.22
LN-027051,95650.68
LN-007407,188121.66
LN-004268,304394.81
LN-011455,147280.61
LN-016765,32235.71
LN-027006,81572.99
LN-002024,25155.55
LN-020479,66465.04
LN-019268,67619.83
LN-011808,28593.18
LN-011539,79180.06
LN-022186,71331.42
LN-024790,170695.38
LN-000783,121456.91
LN-002863,62298.59
LN-010898,101964.52
LN-024683,84.72
LN-025796,126614.63
LN-009941,100698.59
LN-011700,163341.71
LN-016425,6411.04
LN-015214,60244.33
LN-020502,31962.73
LN-003108,37969.39
LN-022999,6047.0
LN-005702,86458.7
LN-016978,39596.97
LN-018735,196556.52
LN-021587,164159.57
LN-021359,70847.45
LN-015850,30183.02
LN-026061,45.97
LN-000149,32308.64
LN-028908,167340.11
LN-006056,134896.47
LN-002979,138645.74
LN-011659,136403.65
LN-009628,174596.71
LN-002562,87911.7
LN-013064,59091.41
LN-007400,220558.15
LN-012729,94177.34
LN-007426,29.14
LN-017115,36664.24
LN-000187,23456.41
LN-013934,272906.26
LN-027970,117159.34
LN-021149,90.84
LN-025908,8026.77
LN-008674,22837.56
LN-002859,181460.17
LN-025264,29608.76
LN-004662,1613.43
LN-018736,70078.84
LN-018949,144407.26
LN-003164,20331.15
LN-017853,3783.37
LN-004567,136187.9
LN-013047,44914.12
LN-025862,163630.41
LN-006723,27176.3
LN-025837,8146.85
LN-029115,435.16
LN-019157,130666.44
LN-003826,113394.88
LN-010746,6133.67
LN-007045,93280.52
LN-010820,166463.12
LN-008566,2494.0
LN-023677,144578.41
LN-028453,70111.92
LN-016466,365635.44
LN-021952,81149.57
LN-008082,28.38
LN-019597,51540.93
LN-024655,195381.0
LN-000277,27665.72
LN-027875,33418.85
LN-005127,73684.15
LN-003197,77811.05
LN-010414,77500.4
LN-005072,16235.51
LN-021269,195614.28
LN-004512,76503.91
LN-004892,55918.39
LN-004166,264.58
LN-003522,68993.07
LN-007790,37952.6
LN-028872,123687.8
LN-008423,100611.19
LN-007850,1292.01
LN-005204,35013.05
LN-006284,93495.39
LN-008492,92961.21
LN-007357,1011.11
LN-014764,3120.91
LN-004144,1170.05
LN-017694,59700.48
LN-001389,178185.79
LN-015106,90918.5
LN-000099,19621.63
LN-010057,93375.05
LN-012851,107877.12
LN-006602,63844.47
LN-016589,1111.27
LN-026436,23393.24
LN-022567,116161.6
LN-009690,42127.67
LN-004690,2059.95
LN-016259,47206.3
LN-026206,129494.77
LN-011014,94732.77
LN-005801,48546.99
LN-018215,24420.48
LN-020514,1059.87
LN-022128,1978.67
LN-009571,21145.91
LN-022350,207597.27
LN-026808,32652.89
LN-016336,94731.66
LN-007778,37197.78
LN-001972,73652.43
LN-022573,284706.08
LN-022405,96190.91
LN-019007,239909.92
LN-021259,90364.49
LN-005138,23428.36
LN-016101,197597.75
LN-027560,226588.72
LN-004228,141440.51
LN-022338,50931.97
LN-007844,139091.0
LN-004300,107463.63
LN-024978,129159.38
LN-010236,118057.35
LN-027131,33972.18
LN-003839,146069.62
LN-028986,54125.42
LN-029058,8988.71
LN-009280,88.82
LN-011555,614.85
LN-000468,544.31
LN-002389,2438.13
LN-018261,191447.3
LN-011012,184663.34
LN-006315,1884.41
LN-024729,32559.0
LN-021906,126588.15
LN-011382,57622.13
LN-013248,42127.7
LN-012881,134195.37
LN-016723,51751.21
LN-016189,126677.44
LN-016304,33541.43
LN-010849,88010.06
LN-003914,65690.89
LN-016815,63914.93
LN-027983,297859.82
LN-012641,86769.64
LN-021378,3412.25
LN-016055,111982.57
LN-011119,97803.81
LN-010415,24037.41
LN-028728,26401.94
LN-027381,18474.28
LN-008882,155992.78
LN-029279,6051.12
LN-000530,301397.59
LN-020494,86470.91
LN-011376,267076.47
LN-010644,123.05
LN-006713,921.72
LN-018195,24052.88
LN-025449,65358.35
LN-006847,75204.72
LN-010007,101854.46
LN-023824,70802.88
LN-022371,180556.08
LN-006731,74381.33
LN-018239,76047.21
LN-019702,121860.56
LN-028131,38307.78
LN-000635,118157.45
LN-017173,65040.09
LN-006471,76557.37
LN-000426,1893.56
LN-016027,100621.64
LN-007659,89586.47
LN-022263,208830.3
LN-008288,916.77
LN-009277,64896.65
LN-017292,74480.53
LN-017120,163792.01
LN-021643,47548.38
LN-023153,71371.06
LN-025282,161413.91
LN-018459,39093.9
LN-026191,52545.96
LN-001121,1703.49
LN-027276,169090.29
LN-023634,8722.7
LN-025496,43888.29
LN-025675,71073.48
LN-023405,77552.9
LN-019618,31160.9
LN-015581,47192.36
LN-015084,19945.56
LN-010860,22238.48
LN-022661,39942.47
LN-012963,137147.12
LN-012098,284158.35
LN-006707,96342.2
LN-019241,18855.68
LN-011538,30141.31
LN-021900,2928.91
LN-022519,55900.89
LN-014105,47499.52
LN-015551,73764.77
LN-014484,171298.63
LN-015638,39759.7
LN-000823,28678.76
LN-026499,16788.86
LN-006429,8.78
LN-028646,142808.41
LN-007870,43408.5
LN-011941,295827.5
LN-025227,310.16
LN-004685,71753.24
LN-000604,69473.54
LN-010346,73229.35
LN-011173,99027.23
LN-003248,117462.75
LN-007082,210846.53
LN-025348,80668.52
LN-026244,1802.35
LN-018061,27787.12
LN-010179,79746.89
LN-005880,178646.09
LN-019716,121950.52
LN-022587,1318.45
LN-008389,74311.48
LN-001014,142149.51
LN-010046,7365.22
LN-023226,158644.25
LN-029050,37415.46
LN-015181,73202.53
LN-004987,1118.39
LN-012897,91133.01
LN-008906,71881.11
LN-028582,108710.23
LN-010912,64016.37
LN-023971,27918.83
LN-025413,88253.67
LN-022271,33647.76
LN-024295,46160.53
LN-023179,17033.58
LN-008190,2678.57
LN-000639,148772.98
LN-016727,96459.39
LN-029175,293.25
LN-011646,157174.79
LN-025633,63874.9
LN-027764,74557.53
LN-019663,113082.46
LN-026315,153246.89
LN-006425,50073.63
LN-000288,1649.4
LN-015764,7867.54
LN-007418,3199.92
LN-024289,40277.6
LN-020929,62710.7
LN-017873,1259.38
LN-021855,62159.01
LN-017330,7853.2
LN-017207,260927.33
LN-018269,50.66
LN-004756,39084.35
LN-019928,80463.54
LN-005742,80304.74
LN-006594,33196.66
LN-026160,116677.26
LN-021306,44147.27
LN-011019,23528.4
LN-012283,37832.8
LN-026758,2129.64
LN-028675,141.7
LN-006516,1684.89
LN-024495,26270.64
LN-003432,209713.24
LN-019693,33997.96
LN-016455,42730.86
LN-028094,35196.61
LN-014046,37498.6
LN-026183,77431.48
LN-008855,9247.18
LN-001285,1617.34
LN-022416,410102.19
LN-027199,55176.92
LN-017326,62343.58
LN-009345,109279.92
LN-020109,614.83
LN-015695,36826.34
LN-001237,56751.96
LN-027049,69779.71
LN-006233,206250.86
LN-013603,101145.02
LN-004243,62177.67
LN-027906,163638.01
LN-022203,70800.45
LN-025324,192824.71
LN-027805,30964.28
LN-020516,160670.7
LN-000235,265330.63
LN-014458,31376.88
LN-013888,109332.11
LN-005904,233252.59
LN-028251,13591.66
LN-015188,133551.51
LN-001916,27473.53
LN-006166,213073.77
LN-003470,962.22
LN-017562,452.22
LN-015321,24049.47
LN-016632,3981.0
LN-006332,33379.59
LN-012927,3793.58
LN-026316,56196.66
LN-010586,27390.9
LN-024418,128191.21
LN-016713,69428.31
LN-025034,1387.21
LN-003381,67792.86
LN-007609,127962.06
LN-001041,42706.26
LN-019037,123406.89
LN-021152,36468.52
LN-020091,67245.2
LN-023760,67369.03
LN-006924,119865.3
LN-004861,51398.19
LN-009676,401627.34
LN-013643,31289.51
LN-005876,67236.22
LN-023997,120150.18
LN-024961,59632.76
LN-015443,79426.42
LN-027718,41820.51
LN-000346,7185.74
LN-020175,16705.23
LN-019944,79036.38
LN-027610,142514.85
LN-013147,22858.54
LN-010938,1608.69
LN-028155,95853.17
LN-008641,103367.42
LN-028194,79438.36
LN-011822,231394.48
LN-015955,70233.57
LN-024818,63954.62
LN-018462,28886.69
LN-018620,11579.48
LN-024837,255318.98
LN-016225,141864.68
LN-021526,119539.3
LN-016675,74490.32
LN-015465,128397.81
LN-003161,142355.0
LN-006517,957.7
LN-015703,130024.06
LN-006173,51788.15
LN-007222,233431.74
LN-027355,368240.6
LN-001773,143292.89
LN-011327,69301.91
LN-011391,165391.19
LN-007306,103693.54
LN-020786,210.83
LN-003988,768.09
LN-015415,53188.31
LN-014482,44973.95
LN-017244,27100.28
LN-006185,59286.7
LN-024376,33121.42
LN-006322,1958.22
LN-020244,104526.81
LN-025705,71088.91
LN-003272,38918.43
LN-005613,92609.31
LN-000301,87277.13
LN-024531,100224.74
LN-016427,42232.81
LN-007529,20183.58
LN-002852,90944.51
LN-026170,129488.97
LN-015087,34569.15
LN-023679,65498.13
LN-019694,43719.59
LN-006143,128333.66
LN-013741,47731.28
LN-014309,48400.61
LN-007855,19957.82
LN-023026,198463.12
LN-007484,519.14
LN-018603,34668.0
LN-027674,32667.57
LN-004438,181589.09
LN-008092,2279.84
LN-010194,139547.95
LN-023591,101994.61
LN-012153,76040.33
LN-024220,416595.26
LN-004265,158335.46
LN-003006,192262.16
LN-003319,120574.57
LN-015488,127513.48
LN-017228,74213.17
LN-010235,450.04
LN-028605,6774.66
LN-012433,1451.61
LN-005178,95612.55
LN-026308,135577.38
LN-006754,146.42
LN-004293,65477.39
LN-005728,35097.58
LN-016421,36720.48
LN-012655,89239.96
LN-026418,63016.89
LN-003835,289088.06
LN-021315,85686.1
LN-019452,48502.26
LN-003630,875.19
LN-008558,98598.97
LN-027498,72050.15
LN-011845,121266.7
LN-025876,105268.95
LN-006610,82470.01
LN-012830,59277.64
LN-003626,173203.52
LN-020966,115564.75
LN-017467,1746.4
LN-018430,31829.47
LN-001465,136248.78
LN-027744,163217.13
LN-010319,58713.26
LN-027857,49356.97
LN-014258,2003.76
LN-005112,781.2
LN-019326,64363.23
LN-003627,94359.39
LN-021320,629.95
LN-011664,80272.14
LN-019394,88788.36
LN-013471,523.52
LN-014694,238676.39
LN-008403,125326.22
LN-027003,42399.85
LN-002445,102.35
LN-017130,28773.54
LN-023231,82034.3
LN-022707,19231.8
LN-020760,198994.05
LN-028364,85.67
LN-018115,930.65
LN-015756,168870.75
LN-020393,62452.81
LN-009000,181.68
LN-015880,985.44
LN-020298,43807.99
LN-006692,88855.49
LN-027272,74081.52
LN-000217,72334.62
LN-026969,87792.61
LN-029102,249415.97
LN-028585,6775.01
LN-025305,69410.48
LN-009247,16798.17
LN-010341,25564.49
LN-003177,17724.16
LN-020147,35362.85
LN-007171,74392.27
LN-013683,174358.42
LN-016029,56667.52
LN-029119,600.88
LN-003306,7613.35
LN-012357,299083.12
LN-007984,3682.21
LN-006995,4607.56
LN-018060,2016.41
LN-015373,296078.74
LN-002607,391.64
LN-026075,42850.19
LN-029220,109742.29
LN-008931,153280.94
LN-022016,121813.73
LN-002324,552.05
LN-002070,36778.22
LN-024704,132564.04
LN-024466,154337.08
LN-008062,71993.83
LN-004497,3326.31
LN-017945,90426.54
LN-008245,4284.11
LN-025280,34065.04
LN-026216,43513.14
LN-029085,154729.55
LN-006522,19303.14
LN-028456,26563.47
LN-003823,21582.42
LN-019304,91607.75
LN-020009,63086.28
LN-025469,180214.76
LN-020165,142468.67
LN-028686,42507.4
LN-027886,5354.98
LN-000386,918.52
LN-014469,124391.11
LN-011690,53544.49
LN-010287,89461.04
LN-014627,19415.89
LN-004172,2820.33
LN-022981,142022.71
LN-024323,29690.36
LN-024607,49535.65
LN-024063,42613.3
LN-025286,86.06
LN-029054,75632.99
LN-028915,195099.01
LN-007541,955.0
LN-005485,107734.69
LN-015056,69491.23
LN-004822,155508.91
LN-013600,59869.96
LN-001171,128366.26
LN-014709,124752.09
LN-002620,21287.82
LN-015526,82299.99
LN-008949,31344.1
LN-012750,64985.05
LN-009481,71244.32
LN-009606,57898.14
LN-007257,34199.81
LN-026059,95236.78
LN-012983,84677.08
LN-002011,157950.36
LN-000033,79275.35
LN-009534,102800.14
LN-008005,127678.77
LN-001755,121058.63
LN-021873,61757.21
LN-013224,20524.72
LN-012287,109934.73
LN-028876,55.64
LN-019867,23732.8
LN-011604,45580.17
LN-000087,3073.67
LN-025988,1318.85
LN-018107,215803.35
LN-017576,84747.02
LN-003143,48112.68
LN-019909,168476.59
LN-028747,154023.28
LN-019206,103281.8
LN-011448,55189.5
LN-006197,69827.68
LN-028979,119156.39
LN-020414,36598.46
LN-012505,2020.58
LN-010164,123601.58
LN-028526,30511.74
LN-004623,31130.72
LN-011695,91377.49
LN-004879,14511.05
LN-009985,120490.25
LN-006439,795.57
LN-012138,61817.75
LN-001970,58028.51
LN-024481,173989.63
LN-012909,272815.97
LN-012650,160267.78
LN-003243,96214.01
LN-019013,88264.55
LN-025547,23660.02
LN-010734,247548.12
LN-013950,2263.89
LN-024167,22.44
LN-009871,88003.36
LN-001955,527.08
LN-026115,524.52
LN-010600,78.08
LN-025692,198428.21
LN-012029,76257.03
LN-021481,225522.24
LN-025602,37673.73
LN-000926,2394.71
LN-006574,23472.15
LN-010465,50811.46
LN-019559,89755.34
LN-007318,32347.68
LN-019741,207798.71
LN-006094,78939.9
LN-006340,118.99
LN-004622,114572.36
LN-016623,31459.93
LN-026829,89.76
LN-001556,249542.43
LN-019384,32166.53
LN-003704,29412.14
LN-020714,156130.73
LN-004428,82772.52
LN-022464,82505.94
LN-014370,75264.36
LN-010202,26053.01
LN-025618,702.26
LN-013774,27204.28
LN-023284,48990.54
LN-011222,170694.96
LN-001642,254237.29
LN-014302,126832.74
LN-018544,28330.82
LN-021833,33489.87
LN-004066,74714.72
LN-024108,302.75
LN-005419,132540.67
LN-028085,1436.68
LN-002920,26548.14
LN-015641,43598.98
LN-000739,151228.8
LN-012571,127773.74
LN-020341,44800.22
LN-019675,98298.2
LN-024277,3014.37
LN-000684,66268.97
LN-014668,46082.64
LN-006260,214994.74
LN-018260,77698.71
LN-016442,145057.01
LN-005636,185206.96
LN-006012,2273.64
LN-004031,196080.31
LN-005706,74242.49
LN-007646,106241.79
LN-012413,29706.22
LN-000550,69345.63
LN-026089,99600.7
LN-005102,81436.64
LN-022033,24692.25
LN-023821,35618.26
LN-001332,60737.59
LN-017317,43879.55
LN-027927,88.57
LN-018205,70217.56
LN-019700,84598.99
LN-011867,211945.55
LN-013604,33048.47
LN-016808,93963.72
LN-013421,221.86
LN-017613,6658.48
LN-012937,302.07
LN-028569,31689.42
LN-013436,58152.57
LN-008052,224178.49
LN-016520,10675.94
LN-009357,19551.6
LN-000103,608.56
LN-024032,73264.93
LN-024061,24390.61
LN-011191,46593.21
LN-025235,33797.48
LN-009228,131526.4
LN-006417,184762.43
LN-005356,199198.65
LN-001542,76706.67
LN-010870,23.32
LN-013432,40619.08
LN-010184,161028.91
LN-017351,88070.4
LN-025066,186513.42
LN-014621,35991.27
LN-021718,74431.34
LN-018075,3277.87
LN-023261,31052.6
LN-008843,87220.33
LN-004999,269292.12
LN-017316,43558.01
LN-025437,2868.41
LN-027894,52754.2
LN-009058,46221.3
LN-009546,136978.77
LN-008524,23815.07
LN-027661,45256.51
LN-004456,48320.79
LN-002207,166132.97
LN-002528,44860.48
LN-006005,3487.9
LN-006946,11512.92
LN-028365,154554.92
LN-017748,49026.37
LN-028960,280029.66
LN-028223,131733.14
LN-010419,3218.52
LN-010551,856.06
LN-006562,45917.21
LN-007112,217961.74
LN-022813,115602.39
LN-026247,243005.0
LN-025992,112.01
LN-001758,70046.35
LN-019755,238246.27
LN-006550,37875.81
LN-028320,97841.35
LN-005073,36.52
LN-029195,287153.97
LN-023602,93030.74
LN-022269,89142.99
LN-024577,102229.76
LN-025032,37252.03
LN-000073,3238.22
LN-004448,194291.82
LN-017703,147045.95
LN-022883,5901.46
LN-001616,63421.12
LN-017588,161616.87
LN-025502,51615.97
LN-028899,59754.95
LN-021098,121534.9
LN-011864,85611.97
LN-020854,108528.4
LN-023747,2026.46
LN-019217,768.23
LN-025266,112480.53
LN-011885,33758.05
LN-021068,57056.13
LN-010955,108696.67
LN-008533,230288.11
LN-008775,38.17
LN-002817,75837.5
LN-020960,204714.55
LN-026267,206339.16
LN-014271,91355.26
LN-009266,114.01
LN-026861,921.05
LN-022545,171379.99
LN-021792,10075.46
LN-016756,2921.22
LN-027667,1460.91
LN-028065,90895.48
LN-010769,78614.58
LN-024053,17635.79
LN-011780,167.17
LN-012427,251081.85
LN-013337,85517.01
LN-016206,36916.66
LN-019179,82333.32
LN-021850,45203.7
LN-002833,163391.35
LN-024646,131033.16
LN-028462,38767.61
LN-022725,55101.42
LN-019743,193334.82
LN-016273,78549.15
LN-018106,173045.87
LN-022539,54442.17
LN-013275,286626.34
LN-024018,44836.99
LN-014580,662.83
LN-006806,203933.02
LN-008711,32965.12
LN-026464,798.32
LN-003714,88.47
LN-014019,206913.68
LN-014326,79859.42
LN-020782,239002.83
LN-023222,121794.58
LN-008909,1356.1
LN-001918,74317.47
LN-012844,87371.02
LN-021451,143046.57
LN-007211,77819.23
LN-009119,1356.46
LN-008361,106961.83
LN-024730,63438.41
LN-018719,38968.49
LN-003757,152915.36
LN-011525,31241.7
LN-011441,86238.87
LN-028206,163337.01
LN-023428,112111.49
LN-019863,193.66
LN-002923,171304.85
LN-004067,137548.81
LN-009323,49793.21
LN-026342,171452.88
LN-003673,62675.03
LN-000897,1336.1
LN-001400,38334.83
LN-026258,87455.25
LN-020625,145307.06
LN-014433,79545.1
LN-004907,64732.22
LN-005093,72392.23
LN-014889,68105.1
LN-006133,91.29
LN-026031,801.61
LN-017206,54809.26
LN-000643,352854.6
LN-012068,102601.38
LN-007467,22089.63
LN-012257,94057.81
LN-006742,84326.46
LN-028977,40689.8
LN-015004,110474.15
LN-004246,10208.58
LN-013424,99592.76
LN-027490,15683.16
LN-020214,1357.35
LN-022834,63137.3
LN-015461,90.64
LN-028937,132971.91
LN-017909,284.04
LN-020955,94944.75
LN-009802,212322.26
LN-028680,84911.63
LN-015757,30996.92
LN-002113,4285.8
LN-006972,149384.7
LN-002018,62234.52
LN-018570,35625.32
LN-000330,51785.71
LN-025702,659.28
LN-019685,37906.32
LN-018747,20684.21
LN-000595,184229.06
LN-019244,25153.08
LN-003291,52640.75
LN-022119,322238.44
LN-016051,1948.38
LN-024150,40957.41
LN-022472,302942.66
LN-000703,150042.7
LN-003795,53095.49
LN-022709,112844.34
LN-027675,41245.14
LN-017361,30547.49
LN-014188,143790.58
LN-026584,29384.9
LN-021808,1968.75
LN-026495,30871.58
LN-024014,23.71
LN-007482,89863.57
LN-018966,32741.47
LN-021476,21662.83
LN-003020,34.22
LN-027902,354196.3
LN-006940,10827.72
LN-018734,162636.91
LN-011806,183454.53
LN-014012,126022.69
LN-012578,38152.85
LN-007816,25950.08
LN-009560,41320.32
LN-001493,114045.92
LN-004460,57560.67
LN-020897,109713.99
LN-023693,125484.54
LN-006229,3908.9
LN-010590,328117.68
LN-027293,37765.27
LN-019611,164878.26
LN-027636,467.93
LN-029056,4451.43
LN-023446,116261.2
LN-021702,3409.05
LN-000812,231594.24
LN-003789,43783.94
LN-007099,22539.71
LN-028001,68470.69
LN-000150,177914.14
LN-017214,44484.92
LN-016975,211078.34
LN-010489,63537.44
LN-021868,37137.64
LN-015885,69573.46
LN-003494,2295.24
LN-010028,138234.01
LN-022275,202336.0
LN-005426,67905.44
LN-008071,7255.88
LN-014970,142517.09
LN-023384,78072.25
LN-015862,127012.08
LN-019736,29260.63
LN-012006,166074.26
LN-005669,19369.12
LN-000618,21432.66
LN-023848,106007.09
LN-015043,22.57
LN-013081,65509.48
LN-017646,265766.44
LN-028100,67868.44
LN-022830,15056.8
LN-001013,107671.27
LN-026046,62154.5
LN-010894,288805.23
LN-026947,190856.93
LN-023527,67006.8
LN-017692,64215.16
LN-017072,982.11
LN-004044,197253.94
LN-007212,163779.93
LN-026186,4386.21
LN-023066,63074.02
LN-012626,26928.39
LN-005520,212687.34
LN-015874,61945.17
LN-007024,18716.21
LN-010728,94859.91
LN-028433,56759.98
LN-017049,35491.53
LN-027216,55133.04
LN-008034,1694.08
LN-028091,69094.72
LN-025446,87952.67
LN-021973,222512.29
LN-005578,134662.35
LN-007811,12070.18
LN-009295,121331.64
LN-000480,40049.06
LN-017374,41879.67
LN-024357,34252.99
LN-023545,27033.47
LN-028509,90384.51
LN-012958,43500.05
LN-029022,58278.92
LN-006681,117992.75
LN-008525,3036.0
LN-000750,221182.01
LN-007239,1574.51
LN-000863,17713.7
LN-022182,70467.06
LN-016073,33630.24
LN-026229,36352.54
LN-004761,38907.61
LN-024843,895.31
LN-020642,40166.83
LN-027976,53.95
LN-017240,52640.48
LN-006793,57682.31
LN-024979,59294.94
LN-018481,88740.44
LN-023953,130.12
LN-005729,2065.52
LN-024046,40486.65
LN-000225,124498.33
LN-022178,50007.52
LN-007932,96084.01
LN-006482,35870.34
LN-021679,33588.65
LN-000735,28993.31
LN-021895,37919.28
LN-025048,102162.25
LN-017936,119992.55
LN-021652,25369.61
LN-009234,147233.35
LN-027604,65156.43
LN-017861,58803.72
LN-028447,27.08
LN-013302,132890.72
LN-003972,27539.83
LN-009382,128512.0
LN-003965,73887.63
LN-013399,7066.91
LN-005888,38217.98
LN-011330,104814.65
LN-027923,13277.96
LN-023223,53515.32
LN-019424,73710.52
LN-028666,60061.54
LN-012334,43475.46
LN-005013,71045.05
LN-009532,160878.98
LN-012105,65734.78
LN-024112,131338.67
LN-003690,55059.58
LN-011753,28186.53
LN-021682,13799.5
LN-015358,33736.42
LN-021574,40698.69
LN-025520,121555.72
LN-017251,93537.9
LN-024110,101821.25
LN-005863,37214.74
LN-019286,89738.16
LN-012752,50521.38
LN-009698,11.26
LN-022070,62207.12
LN-023296,46500.83
LN-025706,27978.81
LN-024105,261385.92
LN-020803,43137.93
LN-003880,90689.89
LN-028550,166325.03
LN-027337,1831.83
LN-009753,636.14
LN-003693,23998.99
LN-027410,52919.47
LN-012417,84733.04
LN-005448,130601.48
LN-009160,129485.47
LN-008863,59040.76
LN-007856,45460.14
LN-003057,70485.03
LN-023616,96714.39
LN-027118,103872.79
LN-011632,4365.24
LN-014810,25023.43
LN-021934,180586.14
LN-005283,57779.01
LN-003267,102220.41
LN-005140,132418.62
LN-016366,21850.52
LN-024647,13407.69
LN-018373,160283.26
LN-005203,86034.69
LN-025629,78365.43
LN-021382,5010.75
LN-024804,112491.22
LN-013473,36070.76
LN-028016,124262.71
LN-015539,98942.04
LN-003899,185646.39
LN-000309,304744.3
LN-014148,125540.32
LN-001664,182.89
LN-010274,743.89
LN-015082,70904.4
LN-015928,121683.48
LN-010658,1706.41
LN-025645,160951.02
LN-024906,167267.63
LN-004736,149047.15
LN-008456,120310.18
LN-020017,409.2
LN-020075,64482.14
LN-016128,41933.82
LN-012521,73984.33
LN-005657,239135.59
LN-023438,22796.95
LN-023335,71909.86
LN-010376,36324.75
LN-018867,22652.28
LN-001635,125016.66
LN-014328,144098.12
LN-005458,22248.07
LN-013121,33769.22
LN-001205,99882.68
LN-008470,83605.17
LN-004345,1241.79
LN-025118,93776.46
LN-014345,2558.07
LN-008382,40505.59
LN-027343,150876.05
LN-026297,218659.75
LN-013478,174839.51
LN-007949,21958.96
LN-007780,88892.53
LN-023303,68738.8
LN-004873,45143.74
LN-020930,14961.19
LN-012579,23005.34
LN-023011,86994.64
LN-018725,81440.1
LN-010181,44281.12
LN-028638,15582.8
LN-010732,93100.3
LN-014519,71.86
LN-004163,4372.02
LN-002985,1391.11
LN-026224,182427.25
LN-023413,43587.0
LN-009161,197972.99
LN-014054,94922.0
LN-009385,178216.23
LN-021442,191841.23
LN-002578,35016.44
LN-021005,148545.71
LN-021338,94664.92
LN-007571,93153.65
LN-028656,212079.25
LN-027129,118154.9
LN-025560,88492.03
LN-008927,107331.89
LN-000222,122618.16
LN-007021,21005.62
LN-005842,116382.52
LN-024430,404603.11
LN-006762,87307.17
LN-019333,44811.37
LN-006783,37196.88
LN-010136,81562.39
LN-026825,101865.17
LN-012275,45131.77
LN-017426,32101.73
LN-002955,12562.77
LN-008104,48658.39
LN-006807,154205.08
LN-003442,7492.61
LN-026362,15873.17
LN-026026,148920.24
LN-028695,83598.58
LN-022783,17612.53
LN-015617,70663.98
LN-023581,1565.41
LN-018841,60954.07
LN-026422,49974.69
LN-008291,55255.9
LN-024707,124872.69
LN-021852,128277.89
LN-004853,8735.67
LN-004800,15221.0
LN-012962,1713.34
LN-018721,1949.41
LN-021478,53537.66
LN-022531,157905.34
LN-020288,133530.79
LN-024490,48489.65
LN-016541,43694.71
LN-027368,666.63
LN-003166,25504.34
LN-016280,90607.55
LN-015108,40842.68
LN-006145,892.64
LN-006979,34076.59
LN-021089,77416.63
LN-027027,101475.89
LN-007968,42783.25
LN-000528,59393.55
LN-021117,69734.53
LN-019929,35451.99
LN-019113,38586.67
LN-024197,158718.6
LN-028722,96866.98
LN-018399,10814.97
LN-006206,290196.8
LN-021215,68113.95
LN-003320,43974.49
LN-016144,102763.91
LN-020292,33905.65
LN-022902,69059.23
LN-025063,7933.24
LN-010022,1116.8
LN-026382,39489.55
LN-028072,130201.87
LN-007132,19670.14
LN-006391,24729.31
LN-008849,29588.92
LN-006109,116102.41
LN-004170,11.44
LN-006698,28799.65
LN-017349,55670.01
LN-004749,93868.57
LN-012874,165513.6
LN-002936,275910.52
LN-028459,71364.63
LN-024303,90.3
LN-012712,194991.66
LN-002559,278724.24
LN-023937,179134.08
LN-000189,82607.84
LN-008865,102629.72
LN-019640,138582.61
LN-006844,105394.1
LN-021907,1967.09
LN-025830,60062.93
LN-021894,88560.1
LN-001922,148518.39
LN-000243,18167.61
LN-001434,185541.34
LN-022822,164834.41
LN-026177,98595.82
LN-009666,34567.74
LN-021621,3615.43
LN-009675,16853.01
LN-007521,43811.71
LN-011282,30497.89
LN-015787,4962.08
LN-014272,25.95
LN-013444,36269.68
LN-025240,20531.41
LN-010324,12316.59
LN-000850,76568.52
LN-024141,37401.85
LN-024727,26149.22
LN-003857,54843.67
LN-008552,141686.81
LN-006961,2366.8
LN-015964,1098.16
LN-015375,174186.22
LN-028527,44637.96
LN-002505,69751.56
LN-020765,43651.88
LN-003277,83314.82
LN-010875,464.96
LN-024270,189163.17
LN-024851,127387.34
LN-009480,119798.95
LN-007620,70616.6
LN-022334,31331.43
LN-011363,193703.53
LN-000409,56568.95
LN-000881,77277.88
LN-023127,91812.53
LN-028134,47455.75
LN-028220,13005.25
LN-027974,34.34
LN-016048,106198.09
LN-000018,81124.34
LN-015784,203288.35
LN-023445,172616.32
LN-005724,196264.98
LN-009933,39827.07
LN-025501,77405.19
LN-013848,87644.64
LN-000095,87157.4
LN-020556,545877.64
LN-000767,90392.29
LN-000359,6554.5
LN-011240,152931.24
LN-001011,58283.7
LN-023626,31038.24
LN-011158,148094.05
LN-010941,78484.14
LN-018976,57104.1
LN-013463,2058.47
LN-011061,117263.65
LN-015678,112162.66
LN-025447,113.93
LN-015138,74483.13
LN-003607,240913.13
LN-008127,83364.22
LN-023657,159040.91
LN-010738,146368.43
LN-025843,27621.11
LN-018621,216664.91
LN-007144,110551.32
LN-017709,24692.0
LN-007372,80345.07
LN-016037,114949.34
LN-008259,78.2
LN-021962,30184.06
LN-014130,67063.62
LN-004430,14830.08
LN-015102,251050.33
LN-014543,23180.45
LN-027082,113908.67
LN-018842,20900.13
LN-012341,426.4
LN-000269,102409.51
LN-017700,25943.96
LN-013300,96336.89
LN-000935,127512.83
LN-024633,1960.82
LN-017155,74324.01
LN-014986,1798.36
LN-011787,48205.27
LN-027235,61118.87
LN-002776,81898.3
LN-014682,63458.37
LN-028878,3911.89
LN-020775,71525.09
LN-019022,168948.02
LN-008373,49417.24
LN-006755,194743.12
LN-018705,25.82
LN-011673,129868.5
LN-005550,99554.93
LN-013831,42000.61
LN-005015,46379.94
LN-006155,192252.49
LN-015069,28.51
LN-003037,156520.29
LN-017800,133721.49
LN-023932,113409.17
LN-024486,38481.99
LN-006773,104969.4
LN-021127,35592.21
LN-023402,708.57
LN-009668,128652.56
LN-010404,418.72
LN-004896,378.47
LN-021204,69487.54
LN-019349,705.53
LN-025336,37034.36
LN-014872,2125.46
LN-000861,47791.96
LN-023823,52115.98
LN-011260,1281.9
LN-021432,51720.85
LN-001834,34.93
LN-028969,79536.57
LN-004315,32218.17
LN-019825,184388.89
LN-028971,96931.74
LN-028397,97300.03
LN-028119,277609.06
LN-010321,33160.25
LN-003144,30748.0
LN-011568,5138.21
LN-020663,30093.16
LN-017787,87141.54
LN-007416,219330.64
LN-004335,3020.0
LN-022076,99301.28
LN-024273,93561.08
LN-010830,29135.74
LN-009761,73530.79
LN-024861,110089.72
LN-003258,85667.44
LN-022575,156451.84
LN-018717,58431.27
LN-005091,3031.56
LN-004060,57374.13
LN-022933,49085.94
LN-015888,101.32
LN-010999,71249.3
LN-005430,61752.76
LN-027570,39764.39
LN-027299,12702.88
LN-010767,129871.48
LN-012050,122241.12
LN-017852,22663.57
LN-010730,3909.23
LN-029317,38443.54
LN-008349,55.15
LN-018816,712.21
LN-028553,70519.93
LN-019824,270.24
LN-013100,75426.68
LN-027072,969.19
LN-026210,66766.55
LN-027367,1103.69
LN-028725,88946.2
LN-011397,87815.33
LN-002470,142422.78
LN-028848,92042.78
LN-012326,79834.12
LN-000728,98982.35
LN-007313,45515.26
LN-022572,27.62
LN-005519,182545.64
LN-002472,35584.84
LN-012617,1915.92
LN-004857,82349.21
LN-017619,72481.6
LN-001279,47.79
LN-021217,130221.59
LN-018685,196.89
LN-027743,88308.95
LN-007554,66847.15
LN-006147,68707.44
LN-008135,16619.13
LN-023161,19374.02
LN-005379,169687.22
LN-023796,227.12
LN-023792,13432.46
LN-006286,43553.25
LN-022975,93419.78
LN-023518,603.5
LN-009311,274215.15
LN-007956,199638.8
LN-010492,42.55
LN-021110,62303.34
LN-022971,41657.13
LN-000167,37378.9
LN-016848,63899.11
LN-011995,151091.19
LN-022197,33302.6
LN-023885,78677.06
LN-020961,39184.18
LN-014846,139615.1
LN-010726,12762.58
LN-008714,31996.75
LN-018210,161772.65
LN-008845,1833.01
LN-026742,165216.53
LN-001315,23328.49
LN-008117,56780.07
LN-019585,190815.37
LN-008512,36575.37
LN-007495,51378.31
LN-018718,133985.64
LN-001752,115946.27
LN-025425,39306.69
LN-028408,25264.36
LN-022223,77455.23
LN-012352,523.08
LN-010673,159385.75
LN-002106,129060.95
LN-026619,143793.99
LN-010704,192411.1
LN-022696,71630.96
LN-012737,15798.08
LN-008330,44631.65
LN-014399,117921.05
LN-015171,18820.93
LN-000271,171834.13
LN-011221,3413.68
LN-009131,125278.38
LN-003893,48658.22
LN-002318,124728.57
LN-006565,206019.01
LN-018569,39617.36
LN-024410,28206.37
LN-005393,25984.13
LN-026240,104975.1
LN-014918,64243.38
LN-012084,226263.33
LN-014116,114.38
LN-001832,441.97
LN-013547,115443.39
LN-024040,151031.93
LN-001966,1602.26
LN-012134,85499.82
LN-029129,25.89
LN-027446,190274.26
LN-016531,50647.09
LN-001872,134354.31
LN-026399,70730.62
LN-007579,25790.0
LN-005344,24509.09
LN-007290,133877.83
LN-016554,135638.88
LN-002635,74404.42
LN-015683,330.47
LN-008545,1387.66
LN-014419,43202.25
LN-005268,126477.58
LN-026804,968.13
LN-025767,119713.2
LN-001353,66100.61
LN-014974,175780.22
LN-026084,134699.45
LN-019049,1124.62
LN-012332,170439.72
LN-003769,65048.25
LN-027511,27229.35
LN-028367,26273.71
LN-020351,53731.31
LN-012397,97847.92
LN-025504,27335.39
LN-024872,514.4
LN-026752,1345.21
LN-015674,2056.12
LN-018530,1528.81
LN-004698,86712.37
LN-021502,125050.65
LN-014134,85058.84
LN-013362,160442.17
LN-011460,83762.21
LN-023588,14726.3
LN-004099,37465.95
LN-012088,235152.05
LN-012012,1479.18
LN-026430,113306.94
LN-018242,68487.28
LN-003401,107172.97
LN-023759,86720.49
LN-023088,2726.89
LN-022450,4502.38
LN-007957,74931.97
LN-016345,80440.63
LN-015253,182124.26
LN-022814,65361.49
LN-005783,796.68
LN-014473,79388.7
LN-005222,81140.83
LN-020008,2982.36
LN-001440,71589.59
LN-018907,21.48
LN-010608,16965.9
LN-021445,67210.36
LN-011148,130194.52
LN-020720,103926.1
LN-002671,44.19
LN-022864,225406.1
LN-013966,49968.81
LN-000312,140859.1
LN-024571,165423.42
LN-001331,33775.41
LN-025955,87344.41
LN-000049,97038.8
LN-000474,158642.2
LN-026255,97846.77
LN-018429,133519.6
LN-021787,366.31
LN-025013,44577.13
LN-000015,14227.02
LN-010109,64.15
LN-025671,67724.0
LN-006774,53552.29
LN-021433,2092.6
LN-009795,103189.21
LN-024354,768.45
LN-006491,30847.41
LN-004578,63981.21
LN-020212,20831.0
LN-006682,40081.33
LN-021942,182107.38
LN-003656,137765.0
LN-004259,1371.06
LN-007455,79853.07
LN-022538,34987.51
LN-028912,100097.38
LN-020477,31741.7
LN-016860,1920.62
LN-003834,30177.79
LN-013480,45621.37
LN-022755,32731.45
LN-019482,121302.16
LN-018217,34936.48
LN-021760,39652.72
LN-024590,99772.8
LN-007649,60620.84
LN-029318,139551.23
LN-016459,109322.36
LN-000801,74109.42
LN-015522,85683.55
LN-007572,168704.59
LN-024229,189694.09
LN-013569,35338.33
LN-016020,44318.86
LN-009164,1904.55
LN-003327,51899.03
LN-014079,182693.69
LN-028304,1649.05
LN-018954,962.06
LN-002236,35821.1
LN-007524,70223.86
LN-006558,31518.37
LN-013587,132145.1
LN-017193,3936.0
LN-024347,29623.97
LN-026516,74977.92
LN-016751,86325.04
LN-003599,88137.25
LN-000938,89319.72
LN-000326,77390.09
LN-016894,90332.24
LN-015338,1805.85
LN-015326,49812.01
LN-009245,76568.79
LN-008405,4040.68
LN-015101,711.05
LN-001191,55452.68
LN-025255,81779.0
LN-025888,37.48
LN-019879,26545.11
LN-017939,31756.03
LN-026171,2040.6
LN-021951,142.1
LN-008907,775.63
LN-015132,283.59
LN-007308,63412.12
LN-014921,21708.07
LN-017385,31.08
LN-028630,79553.33
LN-008603,338550.45
LN-019526,30859.96
LN-004626,51686.42
LN-015041,46767.27
LN-022245,125490.82
LN-011095,45002.22
LN-008161,244484.83
LN-016540,30.01
LN-015988,694.98
LN-021995,16955.19
LN-019871,17249.47
LN-006098,114675.61
LN-017721,34704.16
LN-006688,39448.8
LN-008943,127813.9
LN-000361,123082.26
LN-010411,6162.44
LN-018626,79814.12
LN-023731,46946.96
LN-003023,25168.78
LN-014118,238543.79
LN-027402,48865.03
LN-028859,36884.09
LN-014753,70609.9
LN-001089,76.6
LN-028858,140591.66
LN-014031,46.14
LN-022326,84175.2
LN-008359,71569.62
LN-028374,79933.65
LN-013635,74393.61
LN-020758,113331.19
LN-022854,31152.94
LN-015533,24272.31
LN-002868,4641.07
LN-026438,3708.94
LN-003216,58107.89
LN-026766,166672.4
LN-007019,42128.34
LN-008666,1110.1
LN-002372,192680.63
LN-000165,16354.17
LN-008919,217862.64
LN-018351,107376.29
LN-014202,100979.26
LN-024772,102482.55
LN-026208,116472.82
LN-011537,90830.21
LN-019737,74280.9
LN-017622,99544.81
LN-026806,122953.45
LN-025979,39822.12
LN-006658,96.06
LN-024690,89764.65
LN-013024,95.09
LN-000256,22910.88
LN-018999,2352.33
LN-025298,67817.89
LN-028200,161285.86
LN-004136,151802.91
LN-008772,20551.99
LN-003559,53434.7
LN-028813,83096.7
LN-027731,17123.29
LN-009535,224357.95
LN-004062,16988.88
LN-015466,31.13
LN-021144,9474.9
LN-015968,95285.63
LN-021091,32359.55
LN-023378,1823.28
LN-017666,16526.61
LN-021780,125687.49
LN-019321,88729.36
LN-020648,4328.27
LN-008756,943.48
LN-011532,23500.09
LN-007915,16.46
LN-027840,45756.05
LN-005187,435.85
LN-003514,55841.36
LN-000902,306.18
LN-006962,97.72
LN-013223,60368.52
LN-022655,162542.05
LN-004985,104942.96
LN-014908,46196.21
LN-004339,1204.49
LN-005261,78472.66
LN-021714,94243.48
LN-008102,7783.96
LN-016111,103407.1
LN-017880,41433.92
LN-015414,21099.76
LN-003005,328929.69
LN-011465,74055.46
LN-017656,844.91
LN-006234,99510.44
LN-019876,193535.04
LN-012248,40494.06
LN-008804,33525.52
LN-003722,200942.4
LN-018160,114720.09
LN-012996,35036.92
LN-023366,2539.19
LN-004646,3206.59
LN-009029,2277.46
LN-012048,120218.58
LN-007805,55721.82
LN-012487,131941.93
LN-008744,41759.53
LN-024069,91125.64
LN-006211,47199.85
LN-009097,69294.23
LN-003281,140242.88
LN-010737,114036.99
LN-021580,23960.21
LN-027462,742.13
LN-014368,7638.96
LN-028521,73124.62
LN-011853,124278.09
LN-004556,93423.09
LN-015438,56317.12
LN-010993,68275.34
LN-024748,535.72
LN-015825,203539.29
LN-018896,34862.73
LN-018441,19626.08
LN-009172,66372.96
LN-028785,75744.63
LN-011458,44713.55
LN-027745,79082.85
LN-017581,138086.09
LN-005212,31214.19
LN-003719,39999.74
LN-027825,145719.7
LN-011751,195375.91
LN-015699,24767.11
LN-014145,85595.92
LN-009809,18198.65
LN-025997,783.72
LN-016784,91213.35
LN-017727,109167.18
LN-016208,903.75
LN-006534,74025.01
LN-022413,47748.96
LN-015843,108233.03
LN-021163,71812.83
LN-028946,37702.41
LN-027156,86719.42
LN-006896,93089.0
LN-015824,6747.16
LN-028771,58095.09
LN-020498,40941.73
LN-000774,2446.47
LN-016205,167036.83
LN-016501,39916.99
LN-000440,27902.58
LN-010458,115547.14
LN-024022,145040.81
LN-016246,66294.92
LN-027512,2135.79
LN-028151,831.69
LN-018545,44.66
LN-002235,136868.56
LN-028613,83011.99
LN-009718,18642.84
LN-019709,408.29
LN-007300,183338.78
LN-010879,46791.91
LN-019130,91687.21
LN-020238,244.88
LN-021639,140600.29
LN-002582,318.28
LN-011450,35519.57
LN-004783,75579.47
LN-026985,41125.81
LN-026893,32.82
LN-005208,44270.43
LN-011834,177387.54
LN-002897,22920.23
LN-016728,206834.67
LN-004484,152545.23
LN-017989,1113.26
LN-020170,8189.69
LN-006617,18200.92
LN-016470,200265.12
LN-024593,97.9
LN-009710,32489.82
LN-005839,71735.15
LN-001312,76.57
LN-028183,178172.53
LN-022987,35568.23
LN-023845,29390.84
LN-016791,31293.07
LN-017806,89015.32
LN-027929,53249.64
LN-008548,153208.23
LN-007740,3899.13
LN-003748,140853.72
LN-010267,34851.55
LN-025810,143739.1
LN-010716,49931.56
LN-016691,84536.76
LN-000258,81372.67
LN-008748,136008.55
LN-012543,24577.81
LN-024386,1482.17
LN-017961,53808.41
LN-027459,194971.19
LN-014171,135.87
LN-006588,76489.74
LN-010777,67762.93
LN-010915,42678.04
LN-004142,209923.21
LN-015803,40618.95
LN-001474,49748.18
LN-018651,2248.27
LN-000220,39953.1
LN-028417,126985.72
LN-009075,20510.55
LN-027100,103348.7
LN-002138,162072.37
LN-028021,49110.42
LN-017289,167791.94
LN-022716,61497.47
LN-014937,227293.53
LN-015792,29415.24
LN-013968,763.89
LN-011846,63356.26
LN-000622,57554.17
LN-012422,90623.83
LN-026509,36612.53
LN-001083,296111.31
LN-023266,17697.71
LN-022818,121609.77
LN-012121,1512.75
LN-025465,57365.08
LN-019449,17349.99
LN-001455,39504.06
LN-020548,26567.81
LN-017496,160312.62
LN-020405,300.09
LN-004173,76605.33
LN-015698,39927.8
LN-001975,106481.48
LN-025984,19484.89
LN-021949,153807.45
LN-022424,43687.99
LN-015592,218547.41
LN-017171,21801.07
LN-004784,36004.46
LN-008959,22898.21
LN-003945,65218.92
LN-012225,1450.41
LN-011527,87242.0
LN-027473,160748.5
LN-015587,78459.68
LN-025396,127373.84
LN-027489,114187.05
LN-009561,98829.66
LN-028153,35370.34
LN-004803,31606.34
LN-026361,72060.87
LN-025595,1350.58
LN-021557,68723.94
LN-024794,2555.13
LN-000047,13839.61
LN-001873,87944.06
LN-028023,65426.01
LN-019261,76101.88
LN-000731,40876.31
LN-013055,910.82
LN-008390,75880.52
LN-006583,19025.73
LN-006336,96608.93
LN-019875,147333.65
LN-020415,517.77
LN-007697,40241.29
LN-011440,608.79
LN-015515,24785.62
LN-014755,42273.46
LN-018639,20770.7
LN-019111,35620.89
LN-022792,60627.92
LN-012057,56232.24
LN-002580,172946.7
LN-013102,1121.57
LN-001896,93922.3
LN-019407,121565.42
LN-009972,42924.67
LN-006609,159807.95
LN-017373,1235.15
LN-021255,71463.99
LN-016191,117079.67
LN-027534,75753.43
LN-028011,86784.42
LN-018701,78383.98
LN-003787,88922.0
LN-027059,975.27
LN-026727,60143.11
LN-028565,111667.76
LN-020865,38354.41
LN-014554,526.48
LN-015600,800.45
LN-027210,11581.03
LN-024117,160.23
LN-029004,71696.87
LN-003052,40602.04
LN-004427,78071.59
LN-012714,18076.26
LN-007721,37829.88
LN-011160,143788.48
LN-009466,36217.6
LN-013329,85615.17
LN-005272,22591.08
LN-008197,1909.42
LN-007749,42245.64
LN-010042,26896.08
LN-027980,135766.99
LN-020591,37968.76
LN-009287,138017.21
LN-023542,81998.45
LN-000969,4537.86
LN-028341,4493.13
LN-025391,66285.7
LN-022681,3246.25
LN-028404,1340.67
LN-024484,29420.91
LN-028622,72429.66
LN-027850,125855.55
LN-009706,25025.25
LN-027370,89935.31
LN-012230,57665.24
LN-027046,43686.1
LN-023134,250107.82
LN-014987,121675.54
LN-011093,171921.35
LN-013722,55119.97
LN-028007,1465.22
LN-000946,40305.68
LN-018562,165578.09
LN-010333,25089.42
LN-025409,83112.05
LN-011285,175395.51
LN-010441,90182.68
LN-021505,47697.83
LN-015349,43525.33
LN-003150,258137.3
LN-008340,106467.16
LN-015095,26367.08
LN-018114,12029.95
LN-013881,118660.42
LN-027407,104742.07
LN-006419,302763.34
LN-025623,97919.48
LN-018101,65526.55
LN-001921,195583.71
LN-018517,40280.07
LN-019403,101273.93
LN-019357,66803.79
LN-026072,57499.16
LN-016171,81585.94
LN-025990,85137.44
LN-022590,9821.49
LN-010705,121421.12
LN-004092,63468.22
LN-006508,30367.25
LN-004962,22184.43
LN-005870,71593.12
LN-010780,91095.82
LN-004948,67846.03
LN-022297,207400.86
LN-024175,64263.77
LN-010646,98836.77
LN-021186,72925.7
LN-014531,24939.94
LN-008770,103198.43
LN-009021,51821.84
LN-014521,33214.46
LN-012321,47905.76
LN-008652,24770.43
LN-007223,21675.35
LN-008304,60253.19
LN-026126,43316.54
LN-025852,100006.67
LN-019120,225551.86
LN-015121,544.21
LN-007436,166815.6
LN-026828,48492.66
LN-001640,744.37
LN-019129,28043.04
LN-012080,15.26
LN-028111,1542.17
LN-024258,168663.5
LN-003322,117.98
LN-020396,67607.65
LN-023682,140345.8
LN-023071,18593.92
LN-018423,98797.84
LN-025931,4829.18
LN-005680,764.94
LN-008066,36043.57
LN-022241,50736.63
LN-014295,39513.93
LN-014063,58831.07
LN-029103,72972.53
LN-028510,41405.41
LN-005066,181861.15
LN-025863,184.78
LN-002299,71520.85
LN-016925,963.66
LN-015193,22139.42
LN-008031,298.46
LN-020848,207479.32
LN-029130,32175.19
LN-008745,103085.73
LN-011113,84726.5
LN-008734,132676.77
LN-023835,29375.62
LN-010867,157769.85
LN-004717,39017.12
LN-003026,100338.82
LN-021250,157652.33
LN-022020,105408.66
LN-002695,4017.12
LN-006092,66287.08
LN-019723,18269.17
LN-027341,39717.1
LN-010614,70211.7
LN-008131,129437.56
LN-001346,92791.93
LN-019664,5050.96
LN-015127,202239.1
LN-002137,36877.86
LN-011101,104544.01
LN-026671,8117.71
LN-013380,40356.63
LN-017980,69678.86
LN-011930,37086.02
LN-002398,45704.17
LN-028746,30.27
LN-017099,63833.66
LN-024815,14.54
LN-009981,42699.86
LN-006467,1614.63
LN-013312,23687.46
LN-019653,12594.12
LN-024663,50007.24
LN-023881,120692.49
LN-005311,115937.11
LN-020853,62585.15
LN-027258,88209.9
LN-002583,213.6
LN-005119,334328.95
LN-013470,132894.43
LN-019565,175321.84
LN-008495,3650.07
LN-007642,54974.56
LN-026428,37575.37
LN-015407,68906.88
LN-024965,80287.57
LN-018634,127279.65
LN-007100,18902.85
LN-025586,11179.37
LN-024657,45252.01
LN-002900,129714.11
LN-019989,172858.69
LN-027556,1799.25
LN-024578,33712.41
LN-015187,4711.65
LN-027255,79520.9
LN-015424,819.53
LN-025404,86572.95
LN-028294,880.86
LN-026678,201236.42
LN-003169,42132.67
LN-008730,42933.29
LN-023198,9026.07
LN-028299,1830.82
LN-025115,61807.65
LN-008134,81575.75
LN-016233,30.03
LN-026967,96983.76
LN-000254,3858.08
LN-022191,20457.35
LN-023817,37117.41
LN-011654,90748.69
LN-021688,262515.17
LN-019370,569.65
LN-005750,82086.43
LN-019309,122083.38
LN-012081,9219.2
LN-021637,92220.62
LN-005299,108345.31
LN-021554,32059.62
LN-022945,31321.21
LN-016367,48857.38
LN-000680,165737.37
LN-009610,38782.96
LN-001947,184485.64
LN-012946,100358.72
LN-027965,45508.76
LN-006873,75266.88
LN-009541,1720.98
LN-005708,125763.2
LN-028933,98694.42
LN-028109,52089.91
LN-018257,42001.85
LN-001634,70221.39
LN-020570,108961.35
LN-002078,79610.89
LN-004886,52.44
LN-022869,44622.99
LN-013744,72495.91
LN-027172,133080.92
LN-018463,30217.1
LN-003944,171188.79
LN-023898,36856.95
LN-018884,102859.87
LN-007248,8870.54
LN-028887,22837.28
LN-023052,176398.39
LN-012533,110581.43
LN-026846,140659.02
LN-028708,38524.69
LN-013539,155575.07
LN-005461,3125.19
LN-007781,7567.18
LN-006953,176280.68
LN-027328,134070.22
LN-026311,65732.67
LN-021606,148860.39
LN-019510,121938.79
LN-026116,1002.13
LN-016465,44499.66
LN-002051,58882.44
LN-023860,154153.61
LN-027814,42199.25
LN-010755,92589.57
LN-016923,12708.95
LN-004165,40807.1
LN-007873,37445.1
LN-003444,338.21
LN-006832,229359.16
LN-007507,29754.73
LN-001161,41507.19
LN-028389,186801.74
LN-016314,639.74
LN-010929,132112.95
LN-011387,59176.75
LN-008516,2035.89
LN-013535,167802.28
LN-028009,53206.01
LN-028263,96114.18
LN-028857,29826.14
LN-018018,91018.53
LN-004576,7047.17
LN-019757,57747.78
LN-026638,70809.2
LN-025909,27497.99
LN-023299,63432.01
LN-026528,148489.55
LN-015680,45139.01
LN-002918,174587.88
LN-005560,110978.49
LN-017232,2686.0
LN-017403,72704.03
LN-001144,58352.31
LN-014412,118474.13
LN-023449,219586.37
LN-000784,42926.86
LN-003862,1081.22
LN-021085,852.27
LN-009964,43781.1
LN-014197,5998.03
LN-022970,288.52
LN-024470,150024.34
LN-007289,17260.79
LN-025636,26301.68
LN-007267,479.88
LN-020814,126315.29
LN-025883,62328.18
LN-014561,91142.15
LN-004305,109108.43
LN-026319,134988.15
LN-011585,125612.84
LN-014451,93696.31
LN-001470,61316.96
LN-027852,33480.1
LN-025492,2601.89
LN-015387,17837.46
LN-006666,70323.99
LN-000037,30957.08
LN-011972,3270.77
LN-024405,76531.43
LN-009746,336764.2
LN-024567,5154.43
LN-005416,50949.57
LN-019142,236.74
LN-024715,46003.71
LN-009089,51282.59
LN-020126,85754.37
LN-009596,10166.75
LN-008537,737.44
LN-025127,70815.17
LN-000853,126941.99
LN-007433,46.52
LN-021537,174249.87
LN-013389,337189.77
LN-009859,1063.03
LN-004090,104861.71
LN-023159,28477.29
LN-007603,19344.42
LN-016726,91700.88
LN-014471,71374.78
LN-024198,35946.29
LN-014756,188026.49
LN-026645,3254.63
LN-010422,44947.17
LN-017912,117811.56
LN-002369,126966.03
LN-019734,221810.64
LN-010014,169625.06
LN-015542,126099.84
LN-000423,53387.98
LN-000060,99415.06
LN-021666,86516.89
LN-013015,1942.04
LN-006784,233057.12
LN-001186,251497.34
LN-022346,77356.53
LN-020688,142070.65
LN-008797,101009.11
LN-006735,71447.16
LN-009390,120070.34
LN-024789,61358.89
LN-000869,82797.9
LN-020474,37587.19
LN-029155,34717.44
LN-022980,73413.74
LN-020030,764.72
LN-001785,55279.79
LN-012783,37705.61
LN-000564,18400.12
LN-000357,55103.12
LN-015198,2398.19
LN-011291,89297.92
LN-016243,62769.24
LN-023653,137091.33
LN-019210,56823.42
LN-015260,491.92
LN-023901,145449.86
LN-008194,4910.71
LN-007863,86629.42
LN-012129,136798.38
LN-026744,73266.6
LN-006002,38940.07
LN-006329,178151.5
LN-024476,119598.68
LN-024911,38764.5
LN-008011,147089.05
LN-028274,374.29
LN-025634,180577.75
LN-027975,240501.24
LN-012639,591.07
LN-006488,161465.66
LN-000369,185054.81
LN-024995,100727.59
LN-007936,87934.31
LN-000876,98775.76
LN-027305,1646.03
LN-027940,133196.02
LN-015630,30503.0
LN-010697,29373.19
LN-000265,54192.08
LN-026799,1128.34
LN-018006,66557.04
LN-006250,15596.35
LN-027350,73780.04
LN-006191,58349.46
LN-004990,2739.42
LN-014436,120013.17
LN-022007,154738.65
LN-024457,73914.46
LN-026009,105933.4
LN-024869,113607.61
LN-016438,39073.94
LN-004764,1079.54
LN-015949,35099.64
LN-003555,75538.83
LN-004295,274201.08
LN-023069,26958.97
LN-018352,17278.28
LN-001506,1783.55
LN-015646,109137.02
LN-000920,32645.72
LN-020491,110857.83
LN-009552,60704.57
LN-006475,1747.22
LN-013676,91464.48
LN-014517,567.67
LN-018173,76738.92
LN-000131,589.69
LN-008767,30984.33
LN-029258,151619.47
LN-013301,61978.84
LN-012706,23237.92
LN-006582,75271.66
LN-015324,2300.7
LN-022656,81747.81
LN-027779,117833.76
LN-001258,57846.09
LN-004100,5202.88
LN-006738,53504.82
LN-008171,59424.46
LN-001156,19147.87
LN-013591,105476.93
LN-019354,186443.08
LN-007441,27501.18
LN-000200,72565.3
LN-023963,230171.52
LN-016997,26157.13
LN-010958,37195.09
LN-008944,244463.31
LN-027244,180733.26
LN-002291,1204.51
LN-023820,106563.98
LN-015951,28825.28
LN-019923,151713.52
LN-018484,62019.82
LN-016770,22791.19
LN-015631,3192.69
LN-021095,41484.23
LN-025641,8794.01
LN-000726,190939.86
LN-007263,18466.89
LN-011761,41411.43
LN-004316,76084.96
LN-028614,79060.43
LN-016512,33167.61
LN-023739,1185.96
LN-012102,63310.87
LN-025456,99836.22
LN-013291,76150.01
LN-003993,19.92
LN-004204,46897.29
LN-014784,64917.13
LN-021209,19101.71
LN-011799,56406.27
LN-013143,46363.76
LN-007911,93788.27
LN-012083,23112.11
LN-003821,70450.05
LN-027387,36950.28
LN-000302,40412.14
LN-024511,147996.92
LN-011514,1447.4
LN-026069,37026.2
LN-021997,157443.35
LN-005394,3815.55
LN-013980,144463.99
LN-000544,32311.69
LN-027553,1509.09
LN-016192,119203.17
LN-004392,46387.04
LN-024196,98373.23
LN-021328,29679.63
LN-004719,91302.17
LN-005570,201109.69
LN-028163,188361.09
LN-013095,131801.65
LN-017839,176065.59
LN-017879,27523.37
LN-011662,192.66
LN-008866,18383.95
LN-007188,1574.36
LN-016031,19364.94
LN-025778,33565.03
LN-001934,35267.6
LN-022740,30.38
LN-006354,50538.39
LN-007496,113241.83
LN-021721,105763.09
LN-001691,186.82
LN-007868,61557.15
LN-026503,59410.34
LN-012994,25000.96
LN-001106,32865.98
LN-008644,114992.85
LN-004054,145894.76
LN-026995,70280.77
LN-022348,115711.9
LN-013099,140556.84
LN-011522,1575.51
LN-025312,300.37
LN-002232,53645.51
LN-006016,38885.35
LN-011308,216375.42
LN-009656,30969.78
LN-028612,121085.75
LN-007992,115046.65
LN-027678,89019.66
LN-025211,166136.87
LN-013783,28525.53
LN-010452,104720.14
LN-014966,31658.37
LN-022800,157800.92
LN-018003,52536.08
LN-016471,36110.95
LN-002546,146473.39
LN-013144,40724.22
LN-019654,2113.84
LN-016851,129481.27
LN-004612,1255.04
LN-027829,3996.67
LN-008754,242267.79
LN-014808,122026.17
LN-023861,244827.11
LN-011513,201750.18
LN-017468,131349.44
LN-029152,47.69
LN-020375,113031.77
LN-022483,114577.61
LN-028076,47228.63
LN-018024,177808.87
LN-019239,8105.09
LN-001222,24691.39
LN-007478,111040.17
LN-006758,21773.41
LN-008196,72486.06
LN-012269,40717.21
LN-000139,105.52
LN-019558,64959.97
LN-018746,22910.69
LN-009967,13043.76
LN-020675,200243.58
LN-010177,114988.7
LN-000578,207390.13
LN-020313,100167.68
LN-019434,2907.97
LN-007078,34390.17
LN-020162,211550.53
LN-001901,123457.11
LN-019110,25196.45
LN-014034,155874.84
LN-019999,142664.37
LN-023185,138170.29
LN-010555,156492.01
LN-004419,112115.22
LN-016426,46767.87
LN-008425,1770.11
LN-024970,85038.8
LN-019377,108988.05
LN-016944,81432.14
LN-011351,55492.95
LN-024649,111206.76
LN-003700,47483.99
LN-018996,97109.29
LN-011425,1234.51
LN-014147,73417.3
LN-009867,47679.65
LN-016291,41317.77
LN-018130,201769.15
LN-015720,113961.5
LN-024850,174649.09
LN-018546,43350.77
LN-013777,385.91
LN-013860,52055.54
LN-014224,37934.85
LN-018360,20843.15
LN-011911,109530.52
LN-014797,49865.6
LN-005097,138463.82
LN-010331,152128.31
LN-010226,2163.9
LN-027871,16685.08
LN-017345,49335.75
LN-024770,37540.56
LN-024446,163231.66
LN-019395,104045.02
LN-004610,74200.55
LN-007262,155965.72
LN-026871,874.0
LN-028032,67072.02
LN-014700,89937.32
LN-018873,20281.83
LN-000658,50566.53
LN-012302,136459.02
LN-009003,144480.43
LN-027889,1152.9
LN-019659,91699.6
LN-009504,141939.86
LN-008896,82621.28
LN-021928,83098.52
LN-018053,173702.1
LN-012074,88148.26
LN-022164,114940.79
LN-026054,141235.51
LN-013886,142094.83
LN-007965,151526.77
LN-022356,82263.16
LN-023716,31461.41
LN-011910,241481.1
LN-006175,74682.61
LN-021083,77409.44
LN-024926,31.57
LN-023411,90295.35
LN-023993,8742.26
LN-001977,148908.46
LN-006665,51602.57
LN-020977,52729.96
LN-008589,68689.69
LN-023777,165509.17
LN-010188,51433.61
LN-020757,62407.53
LN-028909,11.34
LN-009819,153849.89
LN-012245,188204.45
LN-001141,112119.45
LN-000446,78776.7
LN-011790,91748.56
LN-008567,36057.74
LN-021028,128044.85
LN-010964,699.83
LN-000507,73804.4
LN-011076,46015.17
LN-026481,122378.45
LN-002026,32922.01
LN-005667,18619.49
LN-020896,49550.04
LN-006620,214075.23
LN-022904,159677.05
LN-020964,17174.44
LN-005500,224492.25
LN-000709,62114.68
LN-004969,58091.45
LN-000614,3957.67
LN-017260,26185.43
LN-020101,19326.0
LN-013472,7788.6
LN-005218,179864.85
LN-025686,2608.43
LN-005510,77409.33
LN-000268,38444.81
LN-020323,610.54
LN-001334,138382.84
LN-020924,35073.63
LN-028767,27925.32
LN-005576,5263.55
LN-015851,239701.86
LN-005523,25.23
LN-009436,248307.85
LN-004198,32831.62
LN-014702,12603.11
LN-018645,139676.91
LN-001010,199089.76
LN-013992,12999.68
LN-019584,43022.78
LN-001451,66266.66
LN-023106,28573.75
LN-014381,136548.33
LN-023290,43747.66
LN-010400,90662.45
LN-014377,1769.39
LN-023477,99488.02
LN-013046,2183.46
LN-013631,120381.89
LN-020891,25145.66
LN-007845,61935.2
LN-025791,190126.94
LN-008327,67538.43
LN-008144,111798.6
LN-007510,165521.43
LN-007578,175041.33
LN-027909,76838.77
LN-011400,990.16
LN-007200,36279.13
LN-021352,75987.68
LN-011196,95757.81
LN-013485,114098.6
LN-003138,51595.78
LN-021667,2037.13
LN-028307,107053.78
LN-026070,185362.35
LN-015077,47111.49
LN-016594,51327.09
LN-006539,106934.05
LN-023022,65290.75
LN-024806,60690.07
LN-002737,86057.66
LN-015264,99959.0
LN-024543,3906.05
LN-018303,56260.14
LN-005469,66282.32
LN-009730,1378.03
LN-005196,62085.09
LN-015410,121914.58
LN-013506,163434.32
LN-017530,137452.61
LN-006826,67301.83
LN-013559,149382.23
LN-013773,13719.17
LN-020481,154460.78
LN-019761,156478.93
LN-022815,66778.11
LN-004178,48591.07
LN-023807,157458.2
LN-023977,27107.32
LN-008319,2102.87
LN-008965,67156.22
LN-016420,74472.31
LN-006622,80176.58
LN-012555,85880.93
LN-027301,10139.48
LN-014263,276321.28
LN-001779,2107.62
LN-014733,246244.28
LN-019273,45731.84
LN-012151,138801.89
LN-002877,15911.43
LN-006244,71.97
LN-019904,30882.31
LN-028819,133039.13
LN-012741,26968.32
LN-014218,188917.88
LN-013804,13722.48
LN-007445,27149.54
LN-001330,184019.47
LN-022561,49841.24
LN-009843,4285.37
LN-023414,113552.64
LN-022114,167924.3
LN-014305,73406.67
LN-006249,128101.18
LN-015033,24567.55
LN-014821,24288.22
LN-001383,36546.93
LN-001813,64134.56
LN-016254,88256.15
LN-004451,16808.73
LN-014375,275.12
LN-004032,145972.01
LN-015114,32102.08
LN-017636,77918.84
LN-016081,25819.41
LN-016131,115282.91
LN-008947,2337.4
LN-020148,191182.17
LN-007050,115792.4
LN-023568,73115.58
LN-007723,348540.1
LN-022886,49885.15
LN-029078,136093.53
LN-015378,120607.29
LN-005000,104237.16
LN-027598,147338.32
LN-011534,1722.3
LN-018988,122430.74
LN-008306,44937.91
LN-002009,104033.27
LN-015504,176577.12
LN-022234,50784.33
LN-015040,210.76
LN-002313,92779.2
LN-010652,117014.02
LN-014518,54743.72
LN-028020,19386.16
LN-010846,382.08
LN-002915,2855.51
LN-010557,143166.15
LN-019556,65162.62
LN-020163,27323.08
LN-014417,120437.85
LN-027223,1090.77
LN-009086,37802.35
LN-021921,4125.11
LN-006759,319060.46
LN-015312,20851.5
LN-017082,112041.61
LN-005746,37231.73
LN-016415,68706.43
LN-006911,51654.21
LN-004829,28342.39
LN-008796,35303.55
LN-005405,101206.38
LN-010633,19944.06
LN-007866,120938.4
LN-024549,277.5
LN-021857,69397.87
LN-024846,70557.74
LN-022132,74190.52
LN-010217,42.85
LN-010386,30971.02
LN-014771,158992.78
LN-000197,332.8
LN-013716,22403.28
LN-008467,45043.22
LN-000552,495.55
LN-002655,83248.99
LN-001791,82440.43
LN-020398,2531.67
LN-023055,898.56
LN-019828,92077.49
LN-029198,1564.17
LN-022458,61037.91
LN-017718,13100.72
LN-014001,61162.93
LN-005997,238261.44
LN-004874,374.09
LN-006402,40259.71
LN-015251,124250.14
LN-001607,409.67
LN-003711,105859.35
LN-022366,61163.05
LN-005918,23372.07
LN-025558,17264.31
LN-021191,2168.93
LN-004684,236300.58
LN-012335,139270.42
LN-019632,94668.0
LN-020452,57052.75
LN-003949,21708.83
LN-016919,149897.68
LN-009792,39649.32
LN-021974,76923.29
LN-010432,81325.78
LN-010563,43920.61
LN-022819,79884.02
LN-005170,99834.22
LN-011730,51054.85
LN-020789,28015.79
LN-007307,52907.8
LN-022990,111461.56
LN-020301,1173.87
LN-016771,86046.63
LN-020606,87911.92
LN-016001,28.12
LN-024964,226.83
LN-016481,19279.61
LN-028413,34334.27
LN-009820,102018.66
LN-009924,121480.49
LN-019400,156285.49
LN-016595,106576.72
LN-007142,40.98
LN-002807,86924.79
LN-013157,62372.46
LN-023947,45859.58
LN-010881,198639.6
LN-029069,25210.15
LN-010509,171682.82
LN-001936,5740.66
LN-019046,1168.83
LN-002043,31275.75
LN-025116,79131.14
LN-016547,83.42
LN-005903,175107.46
LN-005168,4460.98
LN-023319,43854.99
LN-001076,54835.35
LN-001236,148498.07
LN-021385,40538.02
LN-014791,53259.74
LN-013844,39371.38
LN-011957,106922.75
LN-006519,180526.17
LN-019223,67551.96
LN-014404,206927.64
LN-013969,1268.35
LN-020064,222567.34
LN-011190,75598.01
LN-003255,132267.75
LN-001333,297.35
LN-009637,50.18
LN-019551,167882.88
LN-014775,51602.9
LN-007831,42533.44
LN-003883,94203.12
LN-022022,170026.01
LN-015520,290336.44
LN-021346,463.04
LN-015970,1090.37
LN-005124,68822.4
LN-017263,22471.9
LN-026722,51878.6
LN-006264,128878.67
LN-008455,931.37
LN-011817,205851.94
LN-010253,77061.68
LN-008786,24244.54
LN-002283,1288.8
LN-012164,641.54
LN-019263,20577.16
LN-022851,128485.46
LN-011622,62743.68
LN-004343,89930.4
LN-002307,52665.82
LN-022540,135656.6
LN-001806,15280.03
LN-008109,56332.11
LN-015685,94603.35
LN-003088,43571.59
LN-013768,70548.02
LN-002230,299.47
LN-013240,106502.44
LN-018408,31684.72
LN-028678,113036.37
LN-028884,60174.38
LN-021640,70905.11
LN-027044,124812.93
LN-000215,391107.64
LN-024488,56620.15
LN-006313,122851.34
LN-010674,55553.8
LN-005548,30235.98
LN-001050,65350.4
LN-026803,61047.74
LN-012618,62776.56
LN-008854,575.61
LN-023479,46651.43
LN-003290,22534.25
LN-005001,84075.41
LN-012355,132769.9
LN-007720,113884.71
LN-014104,25065.96
LN-028606,42687.61
LN-029248,176242.3
LN-004262,92911.32
LN-013941,42729.53
LN-005090,76422.01
LN-025647,74576.84
LN-016655,37055.81
LN-022738,149150.65
LN-025754,335.74
LN-000886,211.89
LN-024136,112464.21
LN-022434,165388.51
LN-019079,199342.76
LN-017218,130527.38
LN-003101,82444.14
LN-008357,115563.71
LN-017905,120276.32
LN-014807,22598.29
LN-003439,1780.16
LN-025730,27621.25
LN-005477,145002.21
LN-017146,61175.83
LN-002748,352.76
LN-000907,46228.77
LN-014641,89726.8
LN-013030,75687.76
LN-006449,150533.57
LN-026445,36714.55
LN-007670,2793.16
LN-019796,101879.74
LN-001120,4451.81
LN-023715,65257.47
LN-022057,188744.76
LN-025596,416.28
LN-027140,91.9
LN-028936,72419.25
LN-020748,881.34
LN-012368,39821.2
LN-006078,30647.03
LN-014401,27104.2
LN-006595,12655.8
LN-026541,58.46
LN-003051,72330.7
LN-002516,185490.98
LN-026111,596.3
LN-021458,292789.08
LN-011694,51906.21
LN-004614,150558.85
LN-017790,175020.62
LN-008289,32030.2
LN-021086,97058.65
LN-025275,150342.47
LN-012713,206515.15
LN-022901,99959.32
LN-019341,134574.46
LN-002226,57235.85
LN-011533,1300.9
LN-007940,99764.67
LN-000722,58380.72
LN-007449,64228.95
LN-023631,57077.37
LN-023712,92135.52
LN-003619,44011.92
LN-002501,44816.89
LN-026203,2151.76
LN-004562,183232.21
LN-025408,161872.79
LN-018383,18358.23
LN-025875,201431.31
LN-011824,25690.83
LN-012477,24703.05
LN-022941,62239.64
LN-005931,201777.55
LN-026646,21445.89
LN-000806,155286.22
LN-012510,142091.25
LN-003520,66806.26
LN-012673,108607.01
LN-003582,89227.72
LN-024712,81352.44
LN-026715,48067.35
LN-006262,112.11
LN-029011,6623.42
LN-022426,120135.35
LN-022719,57456.15
LN-025347,21609.07
LN-011505,118827.39
LN-021539,42033.18
LN-025930,58.9
LN-009945,2840.19
LN-023148,123743.69
LN-026574,2328.25
LN-026844,66709.84
LN-014262,2387.47
LN-021425,216176.41
LN-012691,93703.86
LN-019332,123340.48
LN-019190,60914.13
LN-023354,43881.49
LN-008435,199724.14
LN-011978,79431.79
LN-003303,146079.2
LN-018815,56129.3
LN-026392,34629.29
LN-014456,107576.32
LN-027371,801.84
LN-012486,275068.89
LN-005788,58656.24
LN-028297,37858.8
LN-009169,119003.79
LN-010139,205099.05
LN-004257,68026.57
LN-013260,11606.65
LN-023512,197.88
LN-021148,236575.51
LN-020117,189035.3
LN-019435,1776.92
LN-018469,109029.33
LN-010117,24194.59
LN-024516,429.0
LN-000866,48002.69
LN-027369,179683.17
LN-004194,2949.75
LN-015782,26699.27
LN-008188,46993.69
LN-002141,184882.29
LN-020459,20300.85
LN-015778,58779.99
LN-023147,93478.6
LN-009851,5215.18
LN-009648,119.61
LN-011631,64096.03
LN-003083,148515.89
LN-021764,55284.09
LN-006918,149565.88
LN-004633,1084.46
LN-014917,65415.52
LN-006877,14939.05
LN-012280,23477.9
LN-013442,135506.75
LN-027720,18826.41
LN-013632,57469.48
LN-011528,9327.69
LN-019881,38419.38
LN-008591,45574.04
LN-015310,157286.19
LN-003900,128911.74
LN-001366,70701.67
LN-007625,63047.01
LN-000133,4327.53
LN-014062,143242.02
LN-027019,96092.37
LN-014160,68127.65
LN-015718,73.47
LN-002678,108367.18
LN-015623,235415.76
LN-021497,17919.31
LN-005095,679.77
LN-026008,39049.61
LN-013057,38908.39
LN-003573,26776.31
LN-024569,317.9
LN-001725,48007.05
LN-019159,30621.1
LN-027438,1739.51
LN-000365,81047.18
LN-012388,50669.11
LN-017505,125035.33
LN-029309,38083.5
LN-005841,35322.44
LN-017064,37224.5
LN-004252,122582.23
LN-008894,1754.74
LN-013412,159799.45
LN-016309,28972.2
LN-023204,202115.82
LN-028067,18630.31
LN-022966,69284.55
LN-006791,1789.38
LN-010935,103063.19
LN-005814,29168.82
LN-003504,196132.06
LN-012428,183679.07
LN-024751,88275.29
LN-005142,106898.61
LN-000691,168113.14
LN-010033,160508.17
LN-029242,24095.01
LN-018762,155197.66
LN-012636,141055.14
LN-016953,38968.06
LN-017205,69484.98
LN-022024,39127.76
LN-003583,154608.84
LN-011362,75535.89
LN-010479,5066.88
LN-015240,126691.22
LN-006775,53060.8
LN-007990,40112.33
LN-003379,100006.78
LN-004509,147777.48
LN-003684,2063.73
LN-006428,63682.14
LN-017362,28756.62
LN-025003,154749.2
LN-019200,41810.54
LN-008433,35681.29
LN-008430,3181.2
LN-011801,3458.28
LN-024930,87587.69
LN-017642,216596.91
LN-002948,172310.04
LN-006589,422.19
LN-005673,64986.12
LN-002143,20584.39
LN-016940,36608.77
LN-028959,69989.17
LN-022578,27862.95
LN-001590,208478.77
LN-008668,13946.65
LN-004180,87844.22
LN-014645,1894.01
LN-010151,3542.56
LN-026657,67198.95
LN-023039,79864.35
LN-015391,47763.64
LN-019787,75460.1
LN-016172,100692.56
LN-026341,575.15
LN-019478,31119.32
LN-023483,163710.56
LN-027213,924.55
LN-000911,1296.42
LN-020230,596.38
LN-004862,46647.7
LN-001188,175138.35
LN-022172,61863.45
LN-021972,67036.68
LN-026940,28292.04
LN-006116,83415.72
LN-020881,63013.78
LN-011399,584.49
LN-008055,110655.59
LN-020068,54148.86
LN-020737,49449.85
LN-025267,67194.52
LN-011794,243814.53
LN-027580,30498.28
LN-013904,237005.26
LN-017631,58592.42
LN-028008,83367.72
LN-007717,35762.47
LN-001770,170.24
LN-022779,122022.3
LN-027870,72252.38
LN-017726,79906.24
LN-022003,123497.1
LN-024557,34012.3
LN-001300,103126.33
LN-025107,46801.55
LN-023174,119375.07
LN-012739,190877.92
LN-009142,72383.38
LN-008924,182650.92
LN-015320,21125.91
LN-017859,70699.31
LN-003190,1061.52
LN-012344,137398.02
LN-001905,154151.2
LN-010885,48935.57
LN-009882,28135.3
LN-022169,294155.5
LN-008853,118620.01
LN-018341,2033.98
LN-024362,120344.02
LN-020915,13011.29
LN-011341,38106.81
LN-021238,143865.53
LN-019957,13441.46
LN-006676,102743.91
LN-020194,23803.34
LN-021411,27343.32
LN-027789,149907.47
LN-003042,3072.23
LN-011128,9460.09
LN-005598,184703.85
LN-025443,208886.04
LN-007213,42734.97
LN-019612,75936.93
LN-000518,27245.0
LN-011137,37609.66
LN-029149,54826.81
LN-001035,129258.45
LN-009362,105768.6
LN-001579,10275.22
LN-006455,83542.53
LN-027535,32433.0
LN-002201,54704.27
LN-015676,38273.71
LN-009217,40844.46
LN-002346,26433.79
LN-026379,730.87
LN-005176,932.42
LN-028195,99676.57
LN-003841,57735.07
LN-028618,917.69
LN-007189,110489.8
LN-017489,24758.32
LN-028036,108928.4
LN-006082,315108.32
LN-022866,67767.8
LN-004376,41520.37
LN-007761,157858.02
LN-011207,143076.16
LN-011966,137994.39
LN-007639,110321.74
LN-008437,760.98
LN-019352,862.64
LN-018542,20987.95
LN-020132,38840.49
LN-022920,45839.94
LN-004575,306588.77
LN-016432,93214.0
LN-002079,1865.69
LN-026314,119478.22
LN-017069,19.91
LN-028002,17299.89
LN-023671,89427.3
LN-007857,40732.42
LN-024795,90928.33
LN-005622,73393.89
LN-003742,19804.64
LN-023976,89362.21
LN-001435,76960.54
LN-009881,641.25
LN-026057,100452.11
LN-020904,23133.93
LN-009101,33537.02
LN-018786,77610.86
LN-022116,35355.77
LN-011504,132550.73
LN-015946,125794.03
LN-015482,214786.0
LN-019742,1248.57
LN-001502,41030.65
LN-015402,98715.83
LN-025183,45966.44
LN-017473,31220.95
LN-027315,108915.34
LN-009549,33339.04
LN-026707,118041.66
LN-012507,110952.85
LN-022577,114043.01
LN-010800,133626.5
LN-002960,78057.7
LN-004225,45725.53
LN-011510,46655.73
LN-000570,10589.82
LN-018314,71896.22
LN-029012,99975.88
LN-009828,27667.35
LN-022710,68009.95
LN-020577,112386.96
LN-025053,33289.53
LN-011132,138890.28
LN-020160,132896.03
LN-025299,133362.18
LN-018662,1661.77
LN-021617,62182.44
LN-019305,999.86
LN-027296,109068.63
LN-016603,26533.87
LN-017624,88460.7
LN-010077,64321.59
LN-002527,261548.4
LN-009200,115932.31
LN-021804,57.13
LN-002028,60561.58
LN-021066,123.77
LN-019168,121771.6
LN-023507,37653.02
LN-020183,180978.39
LN-003741,58981.49
LN-012184,20860.56
LN-014674,89026.94
LN-026956,21442.86
LN-021657,673.72
LN-028491,76972.36
LN-021070,40865.36
LN-019595,61075.12
LN-004940,24242.57
LN-023879,133699.93
LN-006700,57002.56
LN-013570,30317.23
LN-019036,313407.56
LN-026599,45646.64
LN-007894,65650.25
LN-024445,64775.13
LN-004220,74139.37
LN-013203,8679.16
LN-023899,288.73
LN-018834,65919.13
LN-002296,69822.79
LN-006118,33137.39
LN-001185,113648.69
LN-012503,47246.93
LN-024714,36918.8
LN-003713,61299.13
LN-002886,14212.7
LN-027594,4277.78
LN-001492,69289.67
LN-013262,14460.59
LN-015853,173908.41
LN-004600,58043.2
LN-012542,40820.75
LN-017398,33268.05
LN-007329,9324.27
LN-010669,46531.54
LN-012314,174721.11
LN-003984,317.15
LN-010002,57018.25
LN-008234,13079.55
LN-008308,1480.25
LN-006379,104185.38
LN-028805,100827.15
LN-026577,92058.53
LN-025660,95599.53
LN-020863,516.29
LN-011500,140523.46
LN-006867,34984.49
LN-014003,862.88
LN-013051,304226.81
LN-015385,190985.58
LN-003738,167118.04
LN-011509,162113.44
LN-017420,66621.48
LN-021244,73174.74
LN-009509,23936.51
LN-010054,102027.39
LN-003606,5600.66
LN-025043,35195.48
LN-001943,42478.86
LN-026000,78352.43
LN-016126,125085.95
LN-026912,16823.47
LN-016533,53251.03
LN-016258,114154.7
LN-016222,18423.84
LN-011886,1426.07
LN-000523,84673.9
LN-012517,33700.7
LN-011251,162472.62
LN-005080,306625.83
LN-006395,59529.15
LN-002035,22399.87
LN-004344,88770.41
LN-011366,51511.87
LN-011487,94676.25
LN-018971,22346.98
LN-027953,52174.34
LN-000790,91873.83
LN-008411,178846.25
LN-006737,47563.04
LN-005786,253.95
LN-003302,153.48
LN-011090,15405.68
LN-001101,145425.94
LN-024473,10893.16
LN-022583,193382.97
LN-011944,32196.34
LN-012452,37804.76
LN-011407,80896.76
LN-025648,185261.08
LN-016484,98389.19
LN-017908,131916.51
LN-017915,83198.32
LN-029230,125187.17
LN-005291,84074.63
LN-027417,240050.0
LN-028738,65426.3
LN-012970,37545.97
LN-018532,41891.7
LN-013477,33838.84
LN-010937,45745.71
LN-003043,308009.86
LN-025239,1244.26
LN-008299,100787.78
LN-020248,86973.85
LN-024764,1928.73
LN-003355,46112.23
LN-005522,2156.58
LN-028875,33615.52
LN-005113,144.08
LN-004395,79233.46
LN-021516,1220.47
LN-028750,150576.08
LN-018755,49697.52
LN-026164,450.41
LN-023889,24079.38
LN-023805,105714.2
LN-018102,108308.77
LN-019660,30442.62
LN-005646,80801.38
LN-024377,83394.08
LN-011549,71766.87
LN-010148,74691.28
LN-027893,27283.33
LN-016065,163740.57
LN-008018,86544.39
LN-028721,70218.47
LN-006900,46051.03
LN-027551,45664.86
LN-028073,1330.93
LN-003013,17297.88
LN-018501,90829.25
LN-004715,84455.93
LN-004083,170212.05
LN-023555,19051.19
LN-002014,40661.91
LN-010021,114013.57
LN-010210,42582.09
LN-016920,265414.19
LN-003079,72085.35
LN-010884,159.05
LN-009269,125075.18
LN-023015,68513.72
LN-028470,144599.2
LN-019125,168327.19
LN-028591,131116.06
LN-005499,103378.22
LN-020934,121369.6
LN-027308,30163.17
LN-009885,198155.14
LN-005743,100905.38
LN-014809,140566.18
LN-014923,33861.95
LN-012616,121997.53
LN-006743,78974.33
LN-007462,185889.45
LN-002443,80961.49
LN-010515,33981.01
LN-003930,34960.7
LN-015707,57589.55
LN-026484,24.17
LN-012922,3516.03
LN-017801,121454.43
LN-011073,159441.71
LN-017578,3082.28
LN-027624,40125.61
LN-012860,59205.19
LN-010951,159299.96
LN-025185,130551.05
LN-020684,116532.74
LN-002266,50543.65
LN-019748,87024.11
LN-005564,26139.45
LN-022112,40085.43
LN-005502,23343.79
LN-010866,177609.9
LN-005678,13404.31
LN-019421,169490.79
LN-019499,167512.89
LN-000515,88978.07
LN-016660,71470.04
LN-008206,37785.43
LN-006957,49238.72
LN-000934,41580.16
LN-007961,43766.87
LN-028647,58360.25
LN-011296,19.45
LN-004084,78084.26
LN-003480,59763.24
LN-017418,40044.43
LN-010837,26431.64
LN-000757,120481.41
LN-028335,96420.86
LN-020457,44151.36
LN-025610,17.71
LN-009497,126621.46
LN-015986,115633.42
LN-015273,133631.51
LN-009580,70247.03
LN-004954,57438.54
LN-020499,118401.24
LN-003062,712.77
LN-007235,54240.5
LN-020574,37898.86
LN-012295,49030.14
LN-014304,116469.84
LN-025405,54257.07
LN-004588,164148.02
LN-002999,18203.29
LN-013532,63121.26
LN-001962,112902.84
LN-025472,57649.74
LN-021876,460533.54
LN-004154,80340.35
LN-010724,8039.66
LN-021916,112510.52
LN-003873,69778.11
LN-028514,11691.74
LN-018426,3875.02
LN-027766,12.57
LN-016551,115916.56
LN-012978,141058.44
LN-012657,47175.83
LN-021618,60820.67
LN-002623,20719.88
LN-002904,47396.44
LN-023461,113501.87
LN-003323,174538.08
LN-016694,105740.17
LN-021627,139078.97
LN-004706,6919.87
LN-012179,394.39
LN-013640,56810.68
LN-020569,75810.71
LN-003970,407.32
LN-010450,142455.13
LN-020186,34681.79
LN-010474,264986.14
LN-002360,39864.75
LN-008995,682.67
LN-011908,110767.67
LN-009975,36063.53
LN-020766,49629.36
LN-004643,5986.53
LN-027440,22651.93
LN-011848,18018.88
LN-003106,74143.79
LN-011545,50.87
LN-018611,533.75
LN-007089,777.91
LN-024283,42742.68
LN-001712,57026.28
LN-028133,57.79
LN-027600,188755.67
LN-001368,144858.94
LN-014198,111423.57
LN-020172,24877.24
LN-026487,98568.23
LN-004847,31225.51
LN-020229,60596.21
LN-008009,31771.74
LN-026077,22694.99
LN-021561,79989.48
LN-027139,28315.38
LN-029261,57366.42
LN-011077,3702.15
LN-017226,58859.92
LN-007547,103476.7
LN-018172,814.58
LN-007945,181863.76
LN-005877,79093.59
LN-015289,306.58
LN-004174,117676.39
LN-004836,69833.86
LN-020083,104885.94
LN-001290,114755.43
LN-013946,56056.56
LN-020769,55236.61
LN-003294,1743.85
LN-013707,2836.52
LN-014843,168131.96
LN-014833,89087.96
LN-021638,147046.92
LN-004273,33.06
LN-007241,57214.01
LN-010664,92152.96
LN-005992,145.78
LN-004162,169734.8
LN-025659,23782.8
LN-005045,40626.6
LN-026384,3939.85
LN-018589,117655.68
LN-024098,44982.61
LN-010369,456.67
LN-018194,23293.15
LN-003280,52960.07
LN-004722,103054.64
LN-009451,28285.08
LN-004373,41458.7
LN-021202,29213.23
LN-000428,148654.48
LN-021729,95831.81
LN-008169,48321.11
LN-003967,47929.11
LN-021685,129847.25
LN-011018,18504.66
LN-016996,68789.74
LN-023559,161267.56
LN-023478,757.74
LN-009931,137414.46
LN-003356,3921.43
LN-018595,95600.8
LN-021162,27619.14
LN-022669,107293.6
LN-009638,73573.86
LN-011640,111435.74
LN-002175,36399.27
LN-020174,103731.54
LN-017294,18558.89
LN-024316,20450.0
LN-003462,80076.45
LN-007420,29267.2
LN-020582,423.34
LN-011758,151034.19
LN-022686,87527.86
LN-025658,215051.69
LN-022456,149919.51
LN-004380,936.54
LN-002429,105309.23
LN-009015,23556.86
LN-018337,41884.93
LN-001247,38337.89
LN-020921,222677.72
LN-017668,20768.95
LN-019682,78130.33
LN-021603,50241.99
LN-026858,97779.5
LN-025805,57286.97
LN-024064,137155.58
LN-006809,205638.67
LN-021771,133998.13
LN-005258,16799.48
LN-006511,2184.33
LN-024666,217.86
LN-014173,66253.01
LN-023289,123885.43
LN-013042,100034.67
LN-004230,8519.6
LN-027497,18301.76
LN-023836,35500.66
LN-013785,92598.32
LN-007782,70933.63
LN-026354,209859.19
LN-023025,68450.73
LN-029156,1912.86
LN-023200,1876.47
LN-002755,16751.43
LN-000218,26629.64
LN-027026,124395.25
LN-009180,54555.23
LN-008323,48274.64
LN-027855,57563.29
LN-015406,68478.08
LN-008870,171195.14
LN-004049,25825.27
LN-005364,76886.4
LN-014816,32596.33
LN-025195,57680.68
LN-006983,54047.64
LN-020150,730.51
LN-005247,206500.74
LN-009726,134569.26
LN-004080,41915.62
LN-016226,26277.55
LN-028779,71736.54
LN-018077,46865.47
LN-028687,31606.64
LN-025027,1984.34
LN-026607,134084.02
LN-025669,61276.9
LN-018617,30367.28
LN-011594,622.99
LN-008342,256745.92
LN-003053,31295.18
LN-015877,1823.41
LN-023664,141534.05
LN-023239,436.7
LN-008255,152713.27
LN-001273,57159.92
LN-021463,263.19
LN-021747,6619.14
LN-009611,720.04
LN-022177,86163.23
LN-023062,267703.39
LN-025835,33411.03
LN-014750,137156.8
LN-014552,56638.54
LN-011428,131742.74
LN-020813,108475.93
LN-019312,4001.0
LN-000968,46.27
LN-004605,10899.62
LN-026420,1192.36
LN-012215,88578.72
LN-026933,39523.54
LN-021455,38026.11
LN-001015,169753.51
LN-018480,39505.53
LN-020420,5676.62
LN-009150,121197.55
LN-020456,37306.77
LN-016266,37735.44
LN-001115,111083.89
LN-014353,2198.32
LN-008136,41681.8
LN-017615,42268.17
LN-013374,61153.77
LN-005336,106111.37
LN-023115,24293.68
LN-018454,1696.97
LN-013044,58199.2
LN-024356,895.2
LN-006503,53718.53
LN-005824,31743.94
LN-018109,984.33
LN-003297,149704.14
LN-003337,77040.79
LN-003730,1333.22
LN-026821,205828.89
LN-014281,115946.23
LN-002394,188804.99
LN-013443,64184.22
LN-023928,83128.14
LN-016121,34169.82
LN-015697,3324.64
LN-002689,110545.97
LN-015086,132166.74
LN-021483,18372.59
LN-026824,78002.55
LN-000805,16384.6
LN-020225,93923.3
LN-000413,90832.57
LN-010244,69382.58
LN-014453,83068.45
LN-017628,43759.02
LN-027792,68175.77
LN-003117,165904.11
LN-006149,38.92
LN-004187,32295.23
LN-015688,59409.86
LN-018406,18165.26
LN-013538,1130.33
LN-011352,25254.09
LN-019095,70329.18
LN-013429,130982.64
LN-006542,5335.95
LN-017903,4871.95
LN-023612,13421.47
LN-028103,336964.09
LN-026228,3551.07
LN-029080,119886.14
LN-015535,24138.59
LN-004711,1130.99
LN-019614,83706.71
LN-020976,225967.0
LN-010305,263156.13
LN-014095,18244.16
LN-007217,31322.99
LN-013910,101734.57
LN-023904,41923.65
LN-009915,126373.46
LN-016950,120388.75
LN-013800,154777.36
LN-029262,18979.72
LN-010960,90513.4
LN-007243,1235.52
LN-000573,89299.36
LN-021121,950.89
LN-001840,24507.52
LN-010294,124560.49
LN-003100,43571.06
LN-013303,2354.99
LN-018472,128852.72
LN-001019,1599.91
LN-024276,642.41
LN-022649,41503.84
LN-012343,2445.86
LN-015491,131338.58
LN-006468,13060.75
LN-021705,183130.59
LN-019119,172654.39
LN-004477,4060.98
LN-008451,208520.42
LN-010913,23173.16
LN-005674,76529.21
LN-028580,93464.29
LN-005881,1681.49
LN-012312,16328.86
LN-027332,73199.11
LN-008913,4918.28
LN-002225,280929.32
LN-020936,70081.46
LN-018145,40292.48
LN-026301,91767.3
LN-027214,31090.24
LN-016133,22681.78
LN-010208,216507.3
LN-020540,109905.24
LN-015302,1198.34
LN-008738,65194.87
LN-023087,40249.98
LN-009231,129438.52
LN-012674,407.59
LN-004025,49694.5
LN-026476,148197.37
LN-023057,141077.61
LN-011663,29801.34
LN-003283,77009.44
LN-026108,33930.65
LN-012947,125976.15
LN-013928,864.3
LN-023537,14.8
LN-004191,28454.03
LN-026220,230905.72
LN-027345,1593.02
LN-013433,132721.28
LN-012748,17974.38
LN-004536,22239.7
LN-027380,96116.09
LN-024477,37745.76
LN-022742,1150.04
LN-008585,336.33
LN-007160,157603.96
LN-003747,47368.0
LN-000174,48239.16
LN-020458,24708.84
LN-016625,1634.58
LN-025738,5832.75
LN-027461,1347.17
LN-012441,75574.29
LN-023630,77803.3
LN-023162,54054.92
LN-025593,188488.56
LN-018369,227294.51
LN-007447,122770.81
LN-007130,52596.62
LN-024342,770.97
LN-005431,78704.63
LN-001766,37386.53
LN-007176,2299.0
LN-007114,98465.51
LN-018875,227026.06
LN-011021,91432.79
LN-009907,44642.01
LN-019237,85204.17
LN-022127,120505.64
LN-008893,21.54
LN-020747,229968.21
LN-021017,190637.13
LN-016046,45362.73
LN-005912,183839.05
LN-016236,83935.74
LN-019713,1042.45
LN-013873,159267.15
LN-008006,105800.2
LN-018287,2908.9
LN-017687,46112.34
LN-022482,62948.0
LN-025057,254302.07
LN-014988,103140.93
LN-001802,85884.81
LN-016855,21107.4
LN-005264,111186.84
LN-015229,1808.65
LN-020267,280386.95
LN-028691,55366.91
LN-028478,21581.09
LN-011497,147163.69
LN-022762,137542.3
LN-010980,5068.06
LN-020844,79927.29
LN-017462,17245.35
LN-023358,59051.38
LN-002112,1448.95
LN-005604,34548.65
LN-004767,100378.67
LN-024384,69402.15
LN-029304,62481.87
LN-005083,20450.92
LN-018184,23198.45
LN-022432,80584.71
LN-016598,22669.13
LN-021734,424.05
LN-008287,75987.35
LN-017080,98008.77
LN-005792,44.67
LN-014327,14.21
LN-016731,70482.77
LN-002329,73934.51
LN-015972,177064.53
LN-014906,152664.38
LN-027062,91997.28
LN-014696,170187.21
LN-000193,59466.86
LN-007415,262274.85
LN-003813,24214.66
LN-029226,251713.39
LN-003776,89973.87
LN-026122,304040.24
LN-022200,108491.82
LN-004161,56103.29
LN-003430,41456.89
LN-016514,29875.77
LN-028806,123501.83
LN-007872,95708.86
LN-008305,39478.83
LN-017826,156066.35
LN-004125,240375.1
LN-021116,154099.38
LN-004098,2162.5
LN-022260,211050.09
LN-014721,47388.29
LN-008318,159466.9
LN-012167,55734.46
LN-020097,163997.16
LN-012182,45237.01
LN-015330,38416.25
LN-007180,71533.77
LN-026792,2586.82
LN-021302,14.31
LN-027144,84951.74
LN-027120,1980.11
LN-027209,188295.62
LN-007175,907.37
LN-024810,1187.83
LN-008032,141728.44
LN-015879,23418.79
LN-003233,66880.69
LN-002427,80161.84
LN-025157,23763.08
LN-023371,16885.32
LN-011306,95011.52
LN-013545,123466.4
LN-012502,151950.8
LN-021811,130523.36
LN-000510,140535.59
LN-017050,143803.48
LN-012196,66676.03
LN-014550,47186.54
LN-021262,170655.26
LN-023092,178853.82
LN-006394,153536.84
LN-020745,30950.67
LN-010031,216986.47
LN-019002,90840.31
LN-010403,65604.33
LN-000899,135114.89
LN-021758,36648.12
LN-001212,90090.62
LN-007835,37108.29
LN-002349,72739.93
LN-014607,2424.53
LN-004634,74276.12
LN-000563,26302.01
LN-002849,3388.8
LN-014972,72603.91
LN-006579,77766.75
LN-009237,43708.01
LN-007871,85051.05
LN-002884,44048.86
LN-024024,64930.68
LN-024785,82386.16
LN-005473,127158.48
LN-017063,229457.96
LN-007859,1311.7
LN-014172,81672.74
LN-004798,143085.03
LN-018871,71976.58
LN-006041,5630.56
LN-014067,114787.85
LN-013032,55724.32
LN-016716,76704.5
LN-001130,114546.82
LN-014665,37.59
LN-000178,89986.75
LN-008686,24848.32
LN-010006,12292.93
LN-009966,46720.41
LN-014363,46449.91
LN-012067,41229.64
LN-009108,21524.81
LN-021689,128702.03
LN-005032,44817.96
LN-017033,129647.49
LN-011272,300645.28
LN-022910,121077.01
LN-013592,158358.29
LN-007439,136357.2
LN-021324,186573.77
LN-014885,19085.55
LN-011275,62954.97
LN-017870,22513.81
LN-021518,46905.29
LN-012377,168328.83
LN-022848,169396.44
LN-011332,60613.7
LN-020842,2224.21
LN-011454,118728.5
LN-009454,127608.08
LN-012141,43345.71
LN-022229,4416.65
LN-002345,22507.86
LN-016826,98582.02
LN-013293,61465.89
LN-001480,17650.97
LN-028927,2074.37
LN-018647,37722.05
LN-010434,50615.18
LN-001287,293852.42
LN-012731,64977.46
LN-012459,38148.03
LN-003203,107772.73
LN-016078,37428.88
LN-011044,616.2
LN-017310,62651.59
LN-012564,71052.31
LN-014731,41842.84
LN-029084,132444.03
LN-003591,169927.01
LN-019257,277094.13
LN-027186,88840.09
LN-020727,38354.06
LN-026988,20735.93
LN-025591,10419.39
LN-012995,93739.25
LN-023809,50478.93
LN-010445,21961.15
LN-003708,201330.4
LN-017459,121060.75
LN-006941,146735.74
LN-027637,37598.77
LN-005585,61076.06
LN-021854,97664.43
LN-020819,19200.44
LN-018612,99885.38
LN-024100,221856.44
LN-014601,168649.44
LN-021661,111111.61
LN-016054,57761.62
LN-014960,1014.41
LN-004579,36.74
LN-008920,30609.46
LN-002176,244871.48
LN-020429,141943.09
LN-020460,45376.81
LN-013129,67326.74
LN-008450,35493.66
LN-013441,98907.74
LN-007656,18956.88
LN-027187,79933.74
